SuggestedId,y_true,Prob_XGB_Meta_35feat,y_pred_0.5
5482022,0,0.45668224,0
5480350,1,0.8010278,1
5486182,0,0.108478405,0
5502612,0,0.1599638,0
5474967,1,0.61745566,1
5474973,0,0.77475506,1
5500621,1,0.71884304,1
5501064,0,0.6505629,1
5474329,0,0.93889207,1
5491313,0,0.53432226,1
5496021,0,0.3014486,0
5505585,1,0.84637904,1
5504458,0,0.3978365,0
5504459,0,0.5049904,1
5472109,0,0.28300032,0
5484363,0,0.6016779,1
5484458,0,0.6336676,1
5478810,0,0.71287215,1
5493700,0,0.6246154,1
5497632,0,0.6598032,1
5496361,0,0.3518875,0
5496200,1,0.6329761,1
5491507,0,0.646339,1
5488040,0,0.525295,1
5481069,0,0.4935443,0
5462036,1,0.46984452,0
5467088,0,0.20953716,0
5469441,0,0.16896182,0
5470523,0,0.22307688,0
5477467,0,0.47833392,0
5463408,0,0.2780532,0
5486934,1,0.59656924,1
5506692,0,0.44220605,0
5470007,0,0.9829805,1
5494777,1,0.96602464,1
5470110,0,0.7294458,1
5466791,0,0.6217033,1
5481091,0,0.30922446,0
5487850,0,0.18319009,0
5466276,0,0.4885848,0
5506684,0,0.5229712,1
5506817,0,0.36904302,0
5473907,0,0.485513,0
5464193,0,0.41278523,0
5479928,0,0.5152227,1
5480263,1,0.57342994,1
5502511,0,0.5463221,1
5470575,0,0.19354212,0
5462789,0,0.37523898,0
5463890,0,0.28868562,0
5464971,0,0.367899,0
5480001,0,0.65714526,1
5500435,0,0.568065,1
5467674,0,0.09045966,0
5468699,0,0.3646493,0
5498037,1,0.662186,1
5485777,0,0.119579986,0
5504515,0,0.67625624,1
5471789,1,0.81231415,1
5482656,1,0.7427513,1
5474250,1,0.79850364,1
5466559,0,0.13337867,0
5466574,0,0.052318998,0
5467716,0,0.23389482,0
5468133,0,0.07516813,0
5468187,1,0.12475506,0
5477367,0,0.448002,0
5464437,0,0.71535176,1
5482321,0,0.5136472,1
5479599,0,0.4462544,0
5474866,0,0.3502505,0
5463588,0,0.82742953,1
5498731,0,0.38922346,0
5502646,0,0.43920827,0
5496380,0,0.8117022,1
5461398,0,0.20418076,0
5461401,0,0.12655856,0
5461403,0,0.2384341,0
5461410,1,0.18994103,0
5480895,0,0.4680199,0
5488366,0,0.24397102,0
5507719,0,0.3421053,0
5508892,0,0.23068522,0
5501472,0,0.68386173,1
5479909,0,0.2899388,0
5490459,0,0.4039307,0
5481718,0,0.7638924,1
5465166,0,0.88585365,1
5469304,0,0.3030173,0
5486472,0,0.57634544,1
5481876,0,0.7415481,1
5495301,0,0.5509351,1
5468622,0,0.47813419,0
5505480,0,0.6879159,1
5502980,0,0.24148048,0
5507831,0,0.42941076,0
5501005,1,0.74653673,1
5475802,0,0.6205101,1
5484470,1,0.8201217,1
5498864,0,0.20601094,0
5497140,0,0.16956434,0
5463308,0,0.30266625,0
5463324,0,0.19726962,0
5465192,1,0.76567405,1
5466360,0,0.22534926,0
5466338,0,0.7799594,1
5478258,0,0.29303727,0
5488045,0,0.7717203,1
5505569,1,0.5124553,1
5465887,0,0.9007758,1
5467668,1,0.62457967,1
5505684,0,0.2882707,0
5487531,1,0.86808395,1
5471713,0,0.1969874,0
5476242,0,0.42933825,0
5486511,0,0.20702747,0
5486887,0,0.773311,1
5496400,0,0.14301735,0
5507132,0,0.43161422,0
5461593,0,0.53925794,1
5463338,0,0.5695916,1
5463348,0,0.5527346,1
5464377,0,0.49959174,0
5467860,0,0.31936988,0
5468814,0,0.9181196,1
5469537,0,0.1769797,0
5505383,0,0.61524296,1
5474407,0,0.96832854,1
5466757,0,0.6572484,1
5502372,0,0.79955226,1
5482221,0,0.6839028,1
5472496,0,0.43233874,0
5472043,1,0.13524024,0
5507794,0,0.50411546,1
5477729,0,0.36535054,0
5474808,0,0.26557508,0
5474813,0,0.09201539,0
5496884,0,0.28839847,0
5494265,0,0.22403039,0
5463939,0,0.45685157,0
5494109,0,0.7891181,1
5499476,1,0.6984561,1
5481439,0,0.22769588,0
5481440,0,0.069125704,0
5470512,0,0.40193266,0
5470515,0,0.54385304,1
5467937,1,0.90556,1
5490929,1,0.7197107,1
5478937,1,0.7961635,1
5482769,0,0.6641584,1
5501468,0,0.45001054,0
5502036,0,0.8038423,1
5468811,0,0.6747722,1
5471530,0,0.7473209,1
5484731,0,0.34444404,0
5508534,0,0.27236387,0
5487335,0,0.50906795,1
5473917,1,0.14376038,0
5481493,0,0.6507862,1
5464784,0,0.30706537,0
5465170,0,0.4596434,0
5471189,0,0.86320776,1
5484834,0,0.39849317,0
5473980,0,0.76728934,1
5483479,0,0.8147878,1
5497088,0,0.87003917,1
5493256,0,0.3693379,0
5495204,0,0.35918778,0
5461458,0,0.7024668,1
5496326,0,0.504721,1
5470470,0,0.2611379,0
5491460,0,0.2670692,0
5490185,0,0.9663803,1
5482982,1,0.97009933,1
5479126,0,0.5246839,1
5473754,0,0.10446432,0
5485514,0,0.94064844,1
5483880,0,0.20683974,0
5477673,1,0.5651133,1
5461924,0,0.51162654,1
5469070,1,0.11201847,0
5494078,0,0.3787603,0
5494408,0,0.9042697,1
5481008,0,0.56563085,1
5492256,0,0.79124576,1
5496385,0,0.915924,1
5486392,0,0.28832716,0
5474784,0,0.64737463,1
5471256,0,0.10057498,0
5466221,0,0.43742537,0
5477518,0,0.18125477,0
5495296,1,0.8300313,1
5507940,0,0.59275305,1
5496298,0,0.36838847,0
5480061,1,0.4579365,0
5503155,0,0.61542857,1
5471702,0,0.22817613,0
5485958,0,0.69323635,1
5485025,0,0.6893397,1
5485348,0,0.286244,0
5472330,0,0.2022451,0
5474986,1,0.19939098,0
5463204,0,0.447725,0
5507945,1,0.43827513,0
5475146,0,0.3156566,0
5468101,0,0.54502875,1
5462750,0,0.5401725,1
5500201,0,0.90810037,1
5468800,0,0.4187078,0
5461242,0,0.6727833,1
5486577,0,0.3526399,0
5473955,0,0.5199437,1
5485835,0,0.38338655,0
5495655,0,0.5814927,1
5492357,1,0.5029912,1
5478848,1,0.92953074,1
5504427,0,0.2164088,0
5479969,0,0.38429746,0
5498795,0,0.8331594,1
5503498,0,0.74672586,1
5476005,0,0.64928985,1
5465450,0,0.6454996,1
5476167,0,0.28615016,0
5463115,0,0.27116758,0
5480323,0,0.32645464,0
5477621,0,0.5708517,1
5468981,1,0.85895044,1
5469281,0,0.3467583,0
5508459,0,0.7785705,1
5477307,0,0.7277262,1
5489981,1,0.65262985,1
5463118,0,0.67945987,1
5461576,0,0.47037557,0
5461578,0,0.2566406,0
5461579,0,0.28531504,0
5461580,0,0.36418295,0
5464179,0,0.57796353,1
5499271,0,0.62104493,1
5464487,0,0.2317318,0
5505557,0,0.2167548,0
5465867,0,0.4449969,0
5465984,0,0.39907008,0
5465986,0,0.19975945,0
5466919,0,0.16576271,0
5466920,0,0.25806442,0
5466922,0,0.29702228,0
5468128,0,0.23179679,0
5468954,0,0.27031028,0
5468978,0,0.21504518,0
5469490,0,0.28887406,0
5469834,1,0.2594739,0
5470213,0,0.24905184,0
5471085,1,0.36999685,0
5471113,0,0.19154005,0
5473377,0,0.36558717,0
5473746,0,0.23406713,0
5474477,0,0.28740475,0
5475016,0,0.28364918,0
5475020,0,0.38972443,0
5475944,0,0.1951525,0
5476112,0,0.25776303,0
5476116,0,0.25025386,0
5476572,0,0.12784839,0
5477011,0,0.17436188,0
5477500,0,0.31359917,0
5477502,0,0.19381438,0
5477853,0,0.23748967,0
5478371,0,0.13815327,0
5478845,0,0.41816312,0
5479691,0,0.2618363,0
5479968,0,0.2253679,0
5480234,0,0.23124734,0
5480474,0,0.23410161,0
5480476,0,0.25877947,0
5480481,0,0.15714106,0
5480712,0,0.32571587,0
5480768,0,0.20544003,0
5481251,0,0.17978474,0
5481253,0,0.09356107,0
5481361,0,0.208255,0
5481599,0,0.22348234,0
5481788,0,0.12580483,0
5481820,0,0.26840252,0
5481824,0,0.138387,0
5482270,0,0.17865118,0
5482383,0,0.19752263,0
5482385,0,0.1819645,0
5482686,0,0.1661003,0
5483282,0,0.076255694,0
5483287,0,0.38120347,0
5483420,0,0.12919182,0
5483441,0,0.17671491,0
5483444,0,0.31337407,0
5483800,0,0.19190732,0
5483875,0,0.136217,0
5483879,0,0.35986733,0
5483897,0,0.22895898,0
5484167,0,0.17783122,0
5484171,0,0.2149404,0
5484242,1,0.15278395,0
5484344,0,0.20485218,0
5484667,0,0.19332941,0
5484690,1,0.27886122,0
5484704,1,0.13655132,0
5484763,0,0.13159214,0
5484764,0,0.16691536,0
5484772,0,0.19722804,0
5484783,0,0.17484099,0
5485045,0,0.18335503,0
5485047,0,0.19421199,0
5485154,0,0.18442443,0
5485168,0,0.12816164,0
5485242,0,0.14831148,0
5485245,0,0.36190808,0
5485708,0,0.26139945,0
5486083,1,0.15357946,0
5486123,0,0.16251965,0
5490384,0,0.17252822,0
5492464,1,0.087018535,0
5498011,0,0.2811733,0
5462181,0,0.7392623,1
5468493,0,0.24910663,0
5463897,0,0.62463367,1
5467056,0,0.43668222,0
5467103,0,0.040931653,0
5467400,0,0.15188004,0
5467405,0,0.063030005,0
5467408,0,0.08902237,0
5469298,0,0.44656697,0
5469301,0,0.089180365,0
5469614,0,0.22264244,0
5469702,0,0.17601034,0
5469708,0,0.05953729,0
5504939,0,0.11583439,0
5472312,1,0.9163515,1
5461950,0,0.123920105,0
5507311,0,0.7491004,1
5478838,0,0.7063108,1
5495187,1,0.2582463,0
5473486,0,0.18716602,0
5468042,0,0.2505419,0
5468437,0,0.53322905,1
5499429,1,0.7491685,1
5495736,1,0.9298073,1
5501493,0,0.39454028,0
5481966,0,0.7327446,1
5476670,1,0.55464584,1
5507890,0,0.5835898,1
5493240,0,0.1863967,0
5462951,1,0.3773072,0
5491026,1,0.87840927,1
5504266,0,0.6496491,1
5489557,0,0.61721754,1
5463124,1,0.6187888,1
5475969,0,0.98259616,1
5485684,1,0.500304,1
5476810,0,0.2838493,0
5498329,0,0.48524743,0
5502579,0,0.6911811,1
5481813,0,0.5602736,1
5483846,1,0.53025657,1
5490478,0,0.3591765,0
5476873,0,0.2885219,0
5477434,0,0.15002905,0
5477436,0,0.23703781,0
5477442,0,0.79390424,1
5496185,0,0.861241,1
5476707,0,0.2663193,0
5480788,0,0.22228268,0
5481639,0,0.66042995,1
5481640,0,0.5271707,1
5481769,0,0.50121176,1
5481770,0,0.2925318,0
5492866,0,0.20598178,0
5508680,0,0.57388514,1
5476546,0,0.2795654,0
5479699,1,0.6154468,1
5463106,0,0.15486409,0
5464083,0,0.1682313,0
5464311,0,0.24124677,0
5465399,0,0.08330026,0
5465401,0,0.1278558,0
5466163,0,0.15049243,0
5469802,0,0.18395527,0
5465998,0,0.66626054,1
5476969,0,0.86949265,1
5465437,0,0.35418248,0
5469592,0,0.35885587,0
5503986,1,0.7801515,1
5487143,0,0.21521321,0
5499983,0,0.28744572,0
5505167,0,0.66837835,1
5465010,0,0.3289876,0
5464455,1,0.6090817,1
5475797,0,0.7603238,1
5462704,0,0.2020563,0
5464811,1,0.5665994,1
5465226,0,0.26908326,0
5464067,1,0.17563461,0
5464068,1,0.36305273,0
5464076,0,0.8246326,1
5464106,0,0.24718225,0
5464122,0,0.29443568,0
5464124,0,0.3512464,0
5464136,0,0.47260275,0
5464142,0,0.53040123,1
5468950,0,0.46310034,0
5482256,0,0.34338552,0
5482257,0,0.3186032,0
5490230,0,0.42552996,0
5494285,0,0.39518553,0
5496538,0,0.22780432,0
5493308,0,0.4499418,0
5478864,0,0.6011468,1
5478865,0,0.17034197,0
5478869,0,0.2651293,0
5485141,0,0.28233445,0
5505867,0,0.60715693,1
5474055,0,0.34979677,0
5492457,0,0.58827704,1
5493838,0,0.54833704,1
5476935,0,0.3343248,0
5498260,1,0.8291093,1
5480386,0,0.54638463,1
5481574,0,0.6073264,1
5498806,0,0.62343407,1
5490951,0,0.32108834,0
5472416,0,0.23142377,0
5480115,0,0.7963768,1
5472030,1,0.6466539,1
5479192,1,0.41710213,0
5485465,1,0.880662,1
5468561,0,0.72945535,1
5468991,0,0.45494786,0
5468992,0,0.528478,1
5470039,0,0.8738359,1
5485387,0,0.2372009,0
5479791,0,0.36138943,0
5475203,0,0.28465223,0
5475204,0,0.23627843,0
5490156,0,0.30385205,0
5508912,0,0.7545715,1
5501195,1,0.43249333,0
5463356,0,0.7170035,1
5464229,0,0.3878199,0
5491374,0,0.6395638,1
5471105,0,0.89418375,1
5479604,0,0.54642975,1
5474692,0,0.1480042,0
5503555,0,0.81394047,1
5472854,0,0.91871625,1
5509517,0,0.82300407,1
5503140,0,0.793051,1
5483033,0,0.19552736,0
5483793,1,0.8071732,1
5479526,0,0.44486794,0
5478023,0,0.39061132,0
5495790,1,0.7045744,1
5502635,0,0.4607074,0
5502636,0,0.7590841,1
5484978,0,0.40072072,0
5481144,0,0.5176447,1
5486147,1,0.79355097,1
5507489,0,0.64606625,1
5467232,0,0.26638684,0
5469102,0,0.20117313,0
5469211,0,0.12747933,0
5486684,0,0.57725805,1
5468084,0,0.12834762,0
5470832,0,0.47726712,0
5482176,1,0.90233475,1
5490626,0,0.86856645,1
5483624,0,0.50917166,1
5502843,0,0.18167683,0
5481082,0,0.4536206,0
5495800,0,0.6689732,1
5498583,0,0.5288617,1
5477346,0,0.20616484,0
5476739,0,0.43717676,0
5467685,0,0.54212606,1
5468630,0,0.40004104,0
5481512,1,0.76053923,1
5507687,0,0.12554282,0
5507911,0,0.28488606,0
5499320,0,0.6426508,1
5498714,1,0.8651095,1
5487427,0,0.2930912,0
5487432,0,0.37172815,0
5487433,0,0.48806867,0
5495520,0,0.77721393,1
5494518,0,0.33707747,0
5477458,1,0.51500326,1
5487555,1,0.86290896,1
5496817,0,0.8660139,1
5491324,0,0.7877444,1
5478645,0,0.45936453,0
5506850,0,0.47026902,0
5474820,0,0.24568965,0
5493762,0,0.5459554,1
5483022,0,0.46443745,0
5483024,0,0.30863282,0
5483026,0,0.3505442,0
5483770,0,0.23918319,0
5469680,0,0.9323139,1
5466859,0,0.26153052,0
5482035,0,0.0917155,0
5487215,0,0.89715374,1
5487533,0,0.88787305,1
5503716,1,0.8768177,1
5506923,0,0.7536165,1
5493399,0,0.12710561,0
5507827,0,0.76392245,1
5479898,0,0.6678991,1
5489890,0,0.83513486,1
5500136,0,0.6796155,1
5507983,0,0.36286598,0
5479860,1,0.89802617,1
5482460,0,0.30516306,0
5504024,1,0.7215021,1
5503806,0,0.2948491,0
5475492,0,0.51587224,1
5471676,0,0.7172989,1
5471798,0,0.28178883,0
5490053,0,0.638625,1
5467333,0,0.709798,1
5473411,0,0.41281968,0
5473413,0,0.28651375,0
5473414,0,0.27608535,0
5475491,1,0.6342913,1
5482819,0,0.4039042,0
5473669,0,0.32397425,0
5477285,0,0.10818874,0
5469878,0,0.5040622,1
5476549,0,0.3462332,0
5480704,0,0.5701344,1
5495242,1,0.8169256,1
5473099,1,0.8486048,1
5508561,0,0.3641442,0
5466381,0,0.50869906,1
5479835,1,0.56974125,1
5500536,0,0.93448526,1
5461497,0,0.49842617,0
5484950,0,0.37480357,0
5463381,0,0.9494629,1
5468778,0,0.36672923,0
5470010,0,0.9094671,1
5470990,0,0.35774043,0
5472361,0,0.2926414,0
5473560,0,0.62740844,1
5473791,0,0.30197352,0
5473801,1,0.82785684,1
5474847,0,0.2954514,0
5475814,0,0.5149707,1
5476246,0,0.23981796,0
5476510,0,0.5041016,1
5476651,0,0.18080595,0
5476664,0,0.4042913,0
5476805,0,0.47612098,0
5477102,0,0.21250086,0
5477592,0,0.19111525,0
5477627,0,0.20412698,0
5478079,0,0.27731198,0
5479342,0,0.1876047,0
5479793,0,0.3069208,0
5479797,0,0.18967268,0
5483801,0,0.30619532,0
5484899,0,0.28817186,0
5484987,0,0.39804918,0
5484998,0,0.2486341,0
5487606,0,0.4186679,0
5497778,0,0.78844464,1
5485885,0,0.48414722,0
5487378,0,0.7066646,1
5469141,0,0.25756538,0
5484110,1,0.8922911,1
5462733,0,0.28959554,0
5481201,0,0.71555656,1
5508441,0,0.7804677,1
5461347,0,0.44460264,0
5483788,0,0.2907249,0
5506451,0,0.51038873,1
5467011,0,0.2586881,0
5468815,0,0.6879348,1
5469154,0,0.8306171,1
5469574,0,0.3946496,0
5485698,0,0.32929498,0
5472029,0,0.8441474,1
5487286,0,0.78546715,1
5471906,0,0.81679845,1
5476239,0,0.2497633,0
5462745,1,0.1956756,0
5462747,1,0.45476377,0
5470121,1,0.8869779,1
5493390,0,0.21553908,0
5463038,1,0.80436224,1
5480344,0,0.86420125,1
5464232,0,0.4821486,0
5487441,0,0.67978376,1
5494505,0,0.5757382,1
5461442,1,0.5303417,1
5466989,0,0.5203071,1
5465309,0,0.761092,1
5464876,1,0.9949772,1
5493775,0,0.940421,1
5494296,1,0.8012781,1
5474221,0,0.7393671,1
5491335,0,0.4358845,0
5473599,0,0.40904564,0
5473602,0,0.38420403,0
5472020,0,0.7915361,1
5470873,0,0.6534943,1
5465146,0,0.15421945,0
5470042,0,0.3448469,0
5483682,0,0.3251489,0
5494133,0,0.45398787,0
5496263,0,0.49329245,0
5506853,0,0.64696753,1
5486610,1,0.73487765,1
5478719,0,0.29723114,0
5493608,1,0.6910579,1
5471352,0,0.7139268,1
5494780,0,0.5823201,1
5486746,1,0.91826916,1
5474797,0,0.47242537,0
5476600,0,0.17218602,0
5477748,0,0.35140505,0
5479403,0,0.36250934,0
5479999,0,0.26622033,0
5472398,0,0.808499,1
5468195,0,0.61555797,1
5461989,0,0.4796209,0
5462132,0,0.3346467,0
5463879,0,0.29773888,0
5464034,0,0.1685217,0
5464657,0,0.15807238,0
5480932,1,0.9236902,1
5480939,1,0.98490924,1
5481827,1,0.84783494,1
5473845,1,0.5701062,1
5490797,1,0.73721987,1
5466321,0,0.19583392,0
5478775,0,0.6001064,1
5490808,0,0.76228106,1
5478825,0,0.4586642,0
5483813,0,0.42750162,0
5484643,0,0.6528208,1
5484647,0,0.16927919,0
5484648,0,0.557783,1
5484653,0,0.5456219,1
5470058,0,0.6489675,1
5482269,0,0.82724625,1
5472500,1,0.7975508,1
5487101,0,0.6669167,1
5474363,0,0.20333907,0
5483727,0,0.51714987,1
5466543,0,0.13901822,0
5482126,0,0.33536848,0
5486671,0,0.8296107,1
5474150,0,0.73427963,1
5484270,0,0.8918707,1
5468104,0,0.69167674,1
5481389,0,0.4026003,0
5496803,1,0.9265786,1
5491756,0,0.41324022,0
5461900,0,0.37850946,0
5469220,0,0.71394724,1
5490815,0,0.25947574,0
5466117,1,0.7817432,1
5479182,0,0.48745346,0
5505518,0,0.20938437,0
5505519,0,0.4517884,0
5482462,0,0.22143795,0
5476213,0,0.6127103,1
5505348,0,0.6367957,1
5474156,0,0.5202388,1
5509403,0,0.64417773,1
5473310,0,0.25281155,0
5464433,0,0.53013426,1
5467651,0,0.95767844,1
5470902,0,0.4363348,0
5472049,0,0.36834598,0
5472160,0,0.25985754,0
5478035,1,0.7385287,1
5486286,0,0.71530956,1
5489616,0,0.50800806,1
5494492,0,0.93493664,1
5495234,0,0.619244,1
5505813,0,0.6230392,1
5507358,0,0.619595,1
5483715,0,0.118604526,0
5465692,1,0.85066825,1
5463153,0,0.3412126,0
5498760,1,0.85969836,1
5481392,0,0.39325312,0
5473923,0,0.23898526,0
5470906,1,0.8192943,1
5501740,0,0.662707,1
5505464,1,0.8415748,1
5491381,1,0.8175925,1
5483673,0,0.03944278,0
5483675,0,0.06476392,0
5469659,0,0.690917,1
5478057,1,0.5031782,1
5465288,0,0.52596104,1
5469793,0,0.64628434,1
5483253,0,0.6583476,1
5502613,0,0.75998735,1
5478729,0,0.77717626,1
5500098,0,0.48407292,0
5469582,0,0.7170752,1
5494870,1,0.95782113,1
5498009,0,0.7182772,1
5485041,0,0.83398825,1
5497213,0,0.7594369,1
5468119,1,0.41248566,0
5487547,1,0.77351964,1
5479158,0,0.31587762,0
5482084,0,0.36534935,0
5505254,0,0.23909636,0
5488117,1,0.862505,1
5487251,1,0.7032119,1
5461331,0,0.70809424,1
5478819,0,0.2053245,0
5473760,0,0.5437013,1
5490504,0,0.3569056,0
5491325,0,0.37629643,0
5496503,0,0.27368325,0
5491239,1,0.90151286,1
5491568,1,0.4996005,0
5479464,1,0.69161224,1
5485637,1,0.9373452,1
5484164,0,0.295962,0
5502533,0,0.36621395,0
5492614,0,0.56587994,1
5503573,0,0.31929594,0
5481241,0,0.4035739,0
5507714,1,0.6131632,1
5476665,0,0.3548266,0
5476839,0,0.18738283,0
5478724,0,0.4223285,0
5482311,0,0.6154584,1
5467135,0,0.6059386,1
5467456,0,0.89097923,1
5468893,0,0.62304944,1
5469172,0,0.20932071,0
5469297,0,0.38306674,0
5467073,1,0.31224635,0
5501766,0,0.5129826,1
5507115,0,0.31846875,0
5474304,0,0.12183918,0
5491235,0,0.5946932,1
5498736,0,0.22478962,0
5498740,0,0.12025291,0
5499936,0,0.20577219,0
5499937,0,0.52163434,1
5500633,0,0.8536464,1
5500684,0,0.26571664,0
5469274,0,0.54578084,1
5473897,0,0.113100134,0
5494712,0,0.4286123,0
5466560,0,0.30452332,0
5495509,0,0.88691944,1
5479384,1,0.67988956,1
5483600,1,0.77112025,1
5483638,0,0.7787535,1
5483812,1,0.843098,1
5484230,1,0.76855266,1
5487465,1,0.46711218,0
5487800,0,0.42073455,0
5490534,0,0.76157165,1
5492008,0,0.5148235,1
5496051,1,0.7086881,1
5496071,0,0.49450052,0
5496784,0,0.82764935,1
5501437,0,0.67773354,1
5501977,0,0.39369348,0
5504353,0,0.69560754,1
5504361,0,0.7887362,1
5507292,1,0.6675194,1
5478103,0,0.6874932,1
5479720,0,0.8548307,1
5485315,0,0.7240207,1
5485706,0,0.26483142,0
5489484,0,0.4698974,0
5489491,0,0.30648655,0
5493354,1,0.93121386,1
5499688,1,0.8552375,1
5477923,1,0.9879302,1
5497707,0,0.2512908,0
5473444,0,0.4973833,0
5479972,0,0.6093914,1
5493343,0,0.6615275,1
5488200,0,0.61676013,1
5470616,0,0.7870759,1
5462507,0,0.6025377,1
5505882,0,0.7623444,1
5464196,1,0.44737238,0
5462160,0,0.9070547,1
5486885,0,0.2584795,0
5480598,0,0.5882236,1
5481502,1,0.95590824,1
5476142,0,0.40910938,0
5476143,0,0.28396213,0
5464114,0,0.18400109,0
5482287,0,0.26889595,0
5462658,0,0.257726,0
5485558,0,0.6687445,1
5465134,1,0.8620248,1
5463782,0,0.44147763,0
5470590,1,0.7902138,1
5505180,0,0.4655834,0
5473883,0,0.5635383,1
5485372,0,0.13897789,0
5475170,1,0.6720244,1
5483784,0,0.36259782,0
5467365,0,0.33645812,0
5506260,0,0.8963594,1
5507029,1,0.8167733,1
5495810,0,0.24976847,0
5501829,1,0.81111187,1
5476589,0,0.4184685,0
5470087,0,0.71111697,1
5462129,0,0.5090083,1
5476058,0,0.29187638,0
5472505,0,0.8845955,1
5467411,0,0.5506965,1
5491499,1,0.7422523,1
5500421,0,0.44788933,0
5496557,0,0.4183055,0
5468843,0,0.40584934,0
5462681,0,0.52202594,1
5479640,0,0.4210528,0
5462440,0,0.23595728,0
5500029,0,0.41292763,0
5501777,0,0.21728867,0
5503602,0,0.17496508,0
5506337,0,0.4309432,0
5485597,0,0.46050233,0
5484971,0,0.781373,1
5484208,0,0.7873741,1
5470703,0,0.31275678,0
5470639,0,0.7834491,1
5472325,0,0.64370733,1
5490788,0,0.31694767,0
5470781,0,0.16677272,0
5461478,0,0.5173234,1
5463199,0,0.41775304,0
5488122,0,0.38103965,0
5496800,0,0.2896527,0
5480002,1,0.8542672,1
5504596,0,0.19801721,0
5485620,0,0.23803325,0
5472089,0,0.69597304,1
5474323,0,0.30603194,0
5478061,0,0.3980903,0
5497138,0,0.3001502,0
5484434,0,0.43530726,0
5484252,0,0.69772834,1
5483680,0,0.9054765,1
5508886,0,0.23132843,0
5479939,1,0.65530825,1
5487181,0,0.1483097,0
5476314,0,0.48318624,0
5461678,0,0.1480441,0
5461682,0,0.2885083,0
5461793,0,0.128114,0
5461796,0,0.31502068,0
5462339,1,0.5692531,1
5462942,0,0.32508105,0
5476627,0,0.72113484,1
5480864,0,0.17447539,0
5481342,0,0.7679729,1
5494705,0,0.10685761,0
5494708,0,0.4365219,0
5497371,0,0.23150194,0
5501155,0,0.4637879,0
5501157,0,0.31306118,0
5505658,0,0.24278915,0
5477184,0,0.91350394,1
5470029,0,0.50958014,1
5470030,0,0.46436876,0
5479496,1,0.9027978,1
5470974,0,0.39569384,0
5470987,0,0.4274846,0
5466304,1,0.3416794,0
5466634,1,0.4671948,0
5501793,0,0.72723764,1
5462918,0,0.6012713,1
5462977,0,0.4856651,0
5462983,0,0.41263217,0
5463010,0,0.2715052,0
5463028,0,0.2968228,0
5465311,0,0.28898203,0
5503777,0,0.1318338,0
5505402,0,0.15737715,0
5503886,0,0.45494756,0
5482706,1,0.85317904,1
5466270,0,0.12779433,0
5466273,0,0.11218487,0
5466277,0,0.09361828,0
5466279,0,0.12891345,0
5466282,0,0.124474734,0
5466502,0,0.16438675,0
5496162,0,0.7782475,1
5481545,0,0.55326104,1
5507277,0,0.3948134,0
5478783,0,0.6541901,1
5481929,0,0.8902815,1
5482339,0,0.8865949,1
5466513,1,0.83228856,1
5479428,0,0.2873437,0
5487559,1,0.43453702,0
5473313,0,0.8384728,1
5498019,0,0.50730836,1
5477344,1,0.9609658,1
5481112,1,0.86385757,1
5477469,0,0.8842609,1
5499702,0,0.7144431,1
5480266,0,0.51789916,1
5503670,1,0.93165874,1
5508376,0,0.78865427,1
5507883,0,0.67851955,1
5485482,0,0.32114857,0
5498217,0,0.26216662,0
5470001,1,0.90626305,1
5498905,0,0.09965386,0
5466312,0,0.2307506,0
5464415,0,0.5747616,1
5466287,0,0.83676887,1
5482230,1,0.6014375,1
5487359,1,0.25387436,0
5497548,0,0.46040234,0
5463383,0,0.20074837,0
5464603,0,0.27518404,0
5477358,1,0.7543035,1
5473731,0,0.16609377,0
5485790,0,0.3718025,0
5478164,0,0.16920203,0
5503311,0,0.33773214,0
5488043,1,0.82686275,1
5471605,0,0.36100587,0
5468416,0,0.2630222,0
5481466,0,0.49829778,0
5499318,0,0.357244,0
5478880,0,0.8365916,1
5483850,0,0.39833096,0
5471838,0,0.73214227,1
5470149,0,0.3095734,0
5470150,0,0.13821797,0
5470151,0,0.2655242,0
5470152,0,0.27303377,0
5470155,0,0.14478186,0
5487458,0,0.3349194,0
5465452,1,0.37890148,0
5472955,0,0.63652337,1
5477449,0,0.25452626,0
5478764,0,0.059686378,0
5475991,0,0.38341025,0
5476835,1,0.13337149,0
5508139,1,0.72498035,1
5479882,0,0.14585394,0
5479883,0,0.20183192,0
5480506,0,0.1931574,0
5480507,0,0.43559372,0
5480509,0,0.18804915,0
5480510,0,0.068098396,0
5480520,0,0.17205264,0
5494803,0,0.5502958,1
5464329,0,0.765535,1
5477826,0,0.94744813,1
5473181,0,0.88189083,1
5461568,0,0.73954564,1
5482338,1,0.48204336,0
5471390,1,0.9474078,1
5471452,1,0.38112256,0
5476279,0,0.20947367,0
5481239,1,0.6803297,1
5481240,0,0.93483996,1
5484841,0,0.36132604,0
5485100,0,0.39368144,0
5465003,1,0.68227774,1
5467224,1,0.735654,1
5476859,0,0.6789057,1
5494435,1,0.80901945,1
5506894,0,0.7750098,1
5470901,0,0.55946076,1
5482695,0,0.6319676,1
5501683,0,0.42081058,0
5463738,0,0.38762277,0
5484805,0,0.44290882,0
5464651,1,0.7581195,1
5464808,1,0.354459,0
5466698,1,0.4872414,0
5467093,0,0.43482804,0
5470556,0,0.37947893,0
5471734,0,0.60039353,1
5476378,0,0.33700183,0
5480952,0,0.12111412,0
5483098,1,0.5946756,1
5488141,0,0.12758808,0
5488143,0,0.18858752,0
5500375,0,0.4894752,0
5500378,0,0.40062922,0
5476949,1,0.237008,0
5484337,0,0.22834966,0
5491111,0,0.30471307,0
5494559,0,0.54952765,1
5471826,0,0.11864974,0
5476624,0,0.2229698,0
5478405,1,0.13265337,0
5487572,0,0.10577636,0
5487573,0,0.10433518,0
5490625,1,0.07111499,0
5501582,0,0.27428454,0
5480442,0,0.19629242,0
5480444,0,0.13344061,0
5483908,0,0.45849365,0
5484310,0,0.24544689,0
5481067,1,0.25021723,0
5472425,0,0.6111486,1
5474433,1,0.46964493,0
5498824,0,0.47839454,0
5481965,0,0.3434046,0
5483771,1,0.67503124,1
5461238,0,0.36001807,0
5462187,0,0.18883044,0
5499374,0,0.43273875,0
5480416,1,0.68569887,1
5496365,0,0.602751,1
5469224,0,0.44717067,0
5471120,0,0.6609344,1
5471122,0,0.30050004,0
5474120,0,0.21265818,0
5495424,0,0.52560073,1
5472180,0,0.75327706,1
5477486,0,0.4614668,0
5477830,0,0.14037135,0
5506932,0,0.21203457,0
5462355,0,0.2429535,0
5471343,0,0.42946446,0
5488167,0,0.70117325,1
5470005,0,0.4779973,0
5478929,1,0.69623315,1
5475099,0,0.17629948,0
5465335,1,0.87143326,1
5469565,0,0.4673236,0
5469568,0,0.2622329,0
5491660,0,0.6439537,1
5499459,0,0.6159305,1
5500910,0,0.53287137,1
5506616,0,0.45584965,0
5470850,0,0.48787138,0
5506784,0,0.95665663,1
5505088,0,0.21283804,0
5480874,1,0.32048142,0
5480679,0,0.59534115,1
5466739,0,0.18870506,0
5473837,0,0.1352173,0
5498926,0,0.35158005,0
5489724,0,0.62837434,1
5499940,1,0.73651415,1
5472402,0,0.056250684,0
5498792,0,0.1852037,0
5467755,0,0.33661184,0
5505412,0,0.62606955,1
5481385,0,0.9280028,1
5490455,0,0.73841965,1
5492338,0,0.56021583,1
5462174,0,0.18012355,0
5490162,0,0.5703218,1
5482943,0,0.9014065,1
5504600,0,0.18853524,0
5506104,0,0.6303115,1
5468017,0,0.31072515,0
5473308,0,0.41171017,0
5501976,1,0.6317229,1
5480606,0,0.36430869,0
5464153,0,0.5046978,1
5489715,0,0.56444955,1
5475309,0,0.24304487,0
5498713,1,0.9560335,1
5487015,0,0.7228806,1
5479054,0,0.75181216,1
5488146,0,0.8658606,1
5487557,0,0.77220464,1
5461296,0,0.48808706,0
5461306,0,0.26373634,0
5478080,0,0.48825905,0
5501281,0,0.5514249,1
5506173,0,0.2685634,0
5463105,0,0.6234107,1
5468294,0,0.22348462,0
5472826,0,0.29177624,0
5472827,0,0.2541326,0
5473624,0,0.34517917,0
5479482,0,0.7495153,1
5480208,0,0.56813836,1
5480315,1,0.8351754,1
5480317,1,0.4848658,0
5489472,1,0.44769678,0
5507806,0,0.41223913,0
5507822,0,0.44408804,0
5492108,1,0.96889305,1
5498015,1,0.9042473,1
5496845,1,0.8532939,1
5496205,0,0.8474438,1
5484210,0,0.7140077,1
5498424,0,0.14399202,0
5498425,0,0.28242266,0
5500538,0,0.67564243,1
5497504,0,0.5091109,1
5478765,1,0.85246885,1
5502551,0,0.4948908,0
5462723,0,0.46232703,0
5498206,0,0.6154641,1
5484708,0,0.31359136,0
5483300,0,0.5554586,1
5483302,0,0.2029346,0
5483304,0,0.1372847,0
5483308,0,0.3653636,0
5483310,0,0.22841235,0
5483966,0,0.23259176,0
5483968,0,0.33561438,0
5477730,0,0.8016265,1
5501318,0,0.33876416,0
5507771,0,0.6024972,1
5469494,0,0.6867715,1
5472677,0,0.43999445,0
5494336,1,0.954367,1
5502434,0,0.4821722,0
5476992,0,0.50860626,1
5476993,0,0.72203237,1
5490106,0,0.741667,1
5497337,0,0.7091824,1
5491954,0,0.20887317,0
5468168,1,0.9108706,1
5492070,0,0.4591737,0
5498045,0,0.5860471,1
5480805,0,0.36168644,0
5468056,0,0.14895165,0
5476375,0,0.2680073,0
5499436,0,0.80893964,1
5466644,0,0.72030884,1
5470851,0,0.56229347,1
5493786,0,0.5253653,1
5477248,0,0.8403664,1
5495672,1,0.9015426,1
5465040,1,0.69906104,1
5502883,0,0.24002519,0
5477007,1,0.9551695,1
5495724,1,0.59571373,1
5508510,0,0.81062067,1
5484475,0,0.17757358,0
5484480,0,0.14909214,0
5507928,1,0.8581561,1
5487409,0,0.71999705,1
5499344,0,0.14672354,0
5501339,0,0.8869973,1
5484682,0,0.6560029,1
5490151,0,0.43138114,0
5496677,0,0.36003837,0
5486957,0,0.5792043,1
5469545,0,0.9698617,1
5478943,0,0.39788377,0
5498517,0,0.32766432,0
5492818,0,0.45808497,0
5461788,0,0.026776308,0
5461797,0,0.08376092,0
5464015,0,0.07441805,0
5464017,0,0.03027145,0
5464412,0,0.023400342,0
5464824,0,0.065492,0
5464827,0,0.018675419,0
5465671,0,0.045471776,0
5466455,0,0.035642017,0
5466463,0,0.03966931,0
5466845,0,0.027385252,0
5466850,0,0.017710822,0
5467604,0,0.009763035,0
5467607,0,0.06249568,0
5468059,0,0.009950534,0
5468062,0,0.027642438,0
5468369,0,0.071458735,0
5474599,0,0.018977588,0
5474609,0,0.035810526,0
5475708,0,0.031975728,0
5475710,0,0.032190125,0
5477939,0,0.03434684,0
5477940,0,0.027829738,0
5482778,0,0.08709275,0
5483484,0,0.026697008,0
5483486,0,0.13065566,0
5484050,0,0.062750496,0
5485335,0,0.07159065,0
5485410,0,0.045990147,0
5485741,0,0.018065812,0
5487889,1,0.05611526,0
5488222,0,0.08280433,0
5489783,0,0.030516159,0
5490764,0,0.06540448,0
5491627,0,0.037115723,0
5491881,0,0.024825064,0
5492538,0,0.035089258,0
5492994,0,0.020812383,0
5494205,0,0.016096113,0
5494207,0,0.012866177,0
5494638,0,0.017742315,0
5495387,0,0.012391573,0
5482586,0,0.94167167,1
5479489,1,0.78074014,1
5469692,0,0.80547625,1
5464617,1,0.6664967,1
5503089,0,0.38945347,0
5468178,0,0.63319904,1
5508354,0,0.5771046,1
5481406,1,0.40705922,0
5480512,0,0.6241177,1
5480514,0,0.64301217,1
5502587,0,0.8528115,1
5481629,1,0.7236309,1
5504435,0,0.4410894,0
5479789,0,0.2399634,0
5479607,0,0.1994768,0
5507875,0,0.32246396,0
5486696,0,0.18319024,0
5484178,0,0.49947792,0
5484179,0,0.16456613,0
5485383,0,0.5729467,1
5485485,0,0.35567504,0
5485489,0,0.13433442,0
5485541,1,0.42879635,0
5486201,0,0.50801057,1
5499693,0,0.41212186,0
5490258,0,0.4415902,0
5465800,0,0.29880092,0
5465816,0,0.31457353,0
5465871,0,0.2574715,0
5466437,0,0.08122875,0
5466446,0,0.2985654,0
5466625,0,0.12514311,0
5467564,0,0.39768445,0
5469924,0,0.26343,0
5470979,0,0.2177897,0
5470980,0,0.19630578,0
5470981,0,0.16316456,0
5470982,0,0.19704847,0
5471210,0,0.11387561,0
5471211,0,0.17741205,0
5471280,0,0.5038332,1
5468057,0,0.9671866,1
5468282,0,0.3299656,0
5480025,0,0.6180979,1
5480005,1,0.68489987,1
5467908,0,0.11093705,0
5468525,0,0.3123743,0
5468528,0,0.2775849,0
5468834,0,0.3597852,0
5476946,0,0.10827667,0
5476953,0,0.49858755,0
5481840,0,0.4300088,0
5483781,0,0.037067484,0
5491477,0,0.37610433,0
5497045,0,0.30915433,0
5497093,0,0.09453706,0
5499575,0,0.09737275,0
5501963,0,0.2928249,0
5501968,0,0.3517881,0
5482761,1,0.65665567,1
5468073,1,0.11968895,0
5477394,0,0.6980211,1
5479071,0,0.32559973,0
5479615,0,0.47216374,0
5481473,0,0.30919534,0
5482262,0,0.1549854,0
5495890,0,0.3762715,0
5472829,0,0.95216566,1
5477797,0,0.7596535,1
5487564,0,0.8277246,1
5476393,0,0.70729065,1
5473999,0,0.30323842,0
5474000,0,0.12519017,0
5470207,0,0.5811559,1
5476447,0,0.5804313,1
5485256,0,0.7123897,1
5466525,0,0.14582095,0
5507161,1,0.90769947,1
5504229,1,0.9622835,1
5474367,0,0.23947018,0
5497057,0,0.13619542,0
5471757,0,0.2511907,0
5462759,0,0.24777626,0
5465897,0,0.18818876,0
5473929,0,0.59747595,1
5482302,0,0.45641202,0
5483336,0,0.19133928,0
5497732,1,0.9415064,1
5467918,0,0.4645958,0
5481046,0,0.92401934,1
5492862,0,0.83775,1
5485139,0,0.53761834,1
5473565,0,0.39646125,0
5496288,1,0.6395283,1
5499733,1,0.9266864,1
5486546,1,0.4318069,0
5497759,0,0.585127,1
5495599,1,0.943159,1
5496210,0,0.883994,1
5472144,1,0.48619622,0
5508477,0,0.56601846,1
5505552,1,0.9093678,1
5496312,0,0.2715206,0
5500062,0,0.48957163,0
5480670,0,0.35922894,0
5492423,0,0.57278055,1
5464567,1,0.93166715,1
5490867,0,0.55807674,1
5462251,0,0.889487,1
5487562,1,0.9820672,1
5503944,0,0.9253176,1
5481732,0,0.3351921,0
5467910,0,0.45622563,0
5484041,0,0.7280133,1
5473854,0,0.52581507,1
5483720,0,0.41142118,0
5483722,0,0.39044866,0
5483723,0,0.59489596,1
5478026,0,0.49980357,0
5475159,0,0.22147845,0
5482190,1,0.6729154,1
5472905,0,0.7219909,1
5484625,1,0.9269895,1
5462680,0,0.41339687,0
5462686,0,0.31596762,0
5478379,0,0.65160435,1
5478731,1,0.72319114,1
5483019,0,0.46669045,0
5491461,0,0.73779714,1
5507460,1,0.5181672,1
5480307,1,0.88628256,1
5462179,0,0.31342924,0
5493129,0,0.73801744,1
5466794,1,0.7130408,1
5491583,0,0.5072116,1
5505356,0,0.4023252,0
5467487,0,0.5924466,1
5467505,0,0.4927436,0
5495874,0,0.17469011,0
5495875,0,0.2963063,0
5498450,0,0.3722772,0
5502079,0,0.1273354,0
5505235,0,0.060578667,0
5507480,0,0.3000663,0
5470907,0,0.53329235,1
5472549,0,0.53755033,1
5487332,0,0.3063078,0
5475698,0,0.23109892,0
5480255,0,0.35572106,0
5480017,1,0.9677301,1
5498512,0,0.85200936,1
5498781,0,0.6374991,1
5465092,0,0.68304545,1
5487232,0,0.7243934,1
5470276,0,0.19197716,0
5500922,0,0.37630123,0
5462391,0,0.7875969,1
5468070,0,0.43724462,0
5480302,1,0.89579934,1
5480305,0,0.88291395,1
5468274,0,0.43135902,0
5468275,0,0.44418916,0
5477335,0,0.90174234,1
5482529,0,0.15613867,0
5482242,1,0.6221811,1
5493810,0,0.22536287,0
5502566,0,0.7472842,1
5468593,0,0.24128842,0
5491121,0,0.81102663,1
5464395,1,0.72993374,1
5464396,0,0.7891415,1
5494427,0,0.62213427,1
5463931,0,0.35863924,0
5464199,0,0.15670359,0
5474226,0,0.1174879,0
5467719,0,0.8951283,1
5466630,0,0.5645402,1
5466633,0,0.355125,0
5469728,1,0.9183737,1
5485162,0,0.28520936,0
5480131,1,0.7877983,1
5482518,0,0.8375977,1
5462697,0,0.36291176,0
5491685,0,0.320678,0
5484869,0,0.23558201,0
5499253,1,0.79416835,1
5462313,0,0.2247603,0
5466861,0,0.3476927,0
5467832,0,0.39315763,0
5471632,0,0.38303572,0
5471653,0,0.47398058,0
5471682,0,0.4157529,0
5471693,0,0.24295393,0
5480661,0,0.36404306,0
5480663,0,0.4642347,0
5480813,0,0.2946742,0
5480831,0,0.2957695,0
5480836,0,0.5014229,1
5481438,0,0.2852468,0
5481451,0,0.12751031,0
5490419,0,0.67087495,1
5490422,0,0.36245424,0
5499200,0,0.5377933,1
5500512,1,0.5437918,1
5484045,0,0.61438876,1
5477878,0,0.05828669,0
5478593,0,0.27221602,0
5477793,0,0.8219877,1
5465436,1,0.8450209,1
5478793,0,0.27040875,0
5478812,1,0.3655692,0
5502017,0,0.2210987,0
5501043,0,0.22571513,0
5473856,1,0.6428787,1
5475323,0,0.26383966,0
5508574,0,0.5630102,1
5463326,0,0.2619744,0
5489952,0,0.58844715,1
5467609,0,0.39201754,0
5467270,0,0.37849978,0
5469737,0,0.18881322,0
5469739,0,0.6140715,1
5476252,0,0.63138294,1
5497199,1,0.81467587,1
5480655,0,0.17629506,0
5462743,0,0.29909855,0
5463974,0,0.29256424,0
5464978,0,0.24298923,0
5477521,0,0.3009202,0
5479522,0,0.41631883,0
5479861,0,0.34024408,0
5479862,0,0.36043784,0
5480596,0,0.3836195,0
5482966,0,0.15730555,0
5482970,0,0.10513279,0
5483262,0,0.29390848,0
5484416,0,0.24133635,0
5489601,0,0.13411167,0
5496743,0,0.34725818,0
5461803,0,0.25623226,0
5461857,0,0.076863386,0
5462086,0,0.43043712,0
5467824,0,0.44298273,0
5479508,0,0.43467912,0
5469887,0,0.14008771,0
5469901,0,0.09704016,0
5472711,0,0.10078905,0
5472713,0,0.16364874,0
5472715,0,0.21847354,0
5472717,0,0.082975425,0
5469888,0,0.64306295,1
5475242,0,0.8830055,1
5484329,0,0.08223592,0
5502950,0,0.27284026,0
5467900,0,0.87217957,1
5485923,0,0.48201525,0
5493155,1,0.25748256,0
5503100,0,0.24657118,0
5503130,0,0.4002168,0
5505156,0,0.283739,0
5505239,0,0.16833289,0
5507163,0,0.4324967,0
5508111,0,0.3146587,0
5508836,0,0.3819268,0
5509205,0,0.37312287,0
5509220,0,0.11494832,0
5509324,1,0.69096226,1
5503790,0,0.61977756,1
5463865,0,0.23503247,0
5463871,0,0.26921573,0
5463875,0,0.1915213,0
5482332,0,0.7162667,1
5482372,0,0.32776427,0
5483432,0,0.69384164,1
5483445,0,0.33329365,0
5483475,0,0.28615454,0
5483843,0,0.23169482,0
5483931,0,0.33924562,0
5484347,0,0.13361132,0
5484756,0,0.14559697,0
5491565,0,0.16209443,0
5491567,0,0.081059135,0
5464213,0,0.49607357,0
5499030,0,0.23726262,0
5474012,1,0.76240754,1
5494254,0,0.7736536,1
5487069,0,0.18689919,0
5480755,0,0.9344658,1
5468003,1,0.40350953,0
5469807,1,0.78985476,1
5504241,0,0.44370347,0
5505810,0,0.522073,1
5466212,0,0.4363325,0
5491215,0,0.7804859,1
5470776,1,0.83536947,1
5491320,0,0.225661,0
5467629,0,0.5677312,1
5467772,1,0.4803156,0
5468148,0,0.28391916,0
5470442,0,0.3759859,0
5477709,0,0.24746306,0
5496192,0,0.088526376,0
5504461,0,0.7519293,1
5488108,1,0.9031134,1
5489414,0,0.92389804,1
5489466,0,0.74709696,1
5495571,0,0.612298,1
5504530,0,0.55966187,1
5478695,0,0.5366868,1
5480072,0,0.5028677,1
5469584,0,0.4751821,0
5487220,0,0.60348713,1
5479266,0,0.9432424,1
5472149,1,0.5848033,1
5472550,0,0.20732027,0
5472551,0,0.03459399,0
5472556,0,0.12393058,0
5472557,0,0.30036318,0
5472563,0,0.16138318,0
5473404,0,0.09300796,0
5473405,0,0.08958914,0
5473406,0,0.13607983,0
5473407,0,0.29018167,0
5474589,0,0.041082744,0
5474593,1,0.17502217,0
5474594,0,0.19932643,0
5474600,0,0.26853684,0
5477126,0,0.11749114,0
5477129,0,0.08865297,0
5478866,1,0.21262902,0
5478867,0,0.10038765,0
5478868,0,0.2029078,0
5478871,0,0.22391602,0
5479169,1,0.27686998,0
5479170,0,0.37704185,0
5479174,0,0.21166839,0
5479176,0,0.25875837,0
5479179,0,0.17529087,0
5479746,0,0.18242303,0
5479760,0,0.18587887,0
5480960,0,0.25504047,0
5481016,0,0.25683427,0
5481017,0,0.08718752,0
5481656,0,0.12234457,0
5481657,0,0.49829584,0
5487871,0,0.2189461,0
5497239,1,0.73810565,1
5468748,0,0.42167768,0
5501985,1,0.9213842,1
5481990,1,0.9904693,1
5495169,1,0.8499341,1
5466082,0,0.68217367,1
5465642,0,0.07343377,0
5466322,0,0.029943032,0
5466327,0,0.18748093,0
5466329,0,0.10123699,0
5466331,0,0.15904444,0
5469922,1,0.8658616,1
5484034,0,0.92582685,1
5477499,0,0.62109274,1
5491577,0,0.8467131,1
5469135,0,0.31777084,0
5486933,1,0.9094326,1
5485367,0,0.34333584,0
5466796,0,0.4980856,0
5500866,1,0.8659557,1
5500871,1,0.8886523,1
5486204,0,0.7403894,1
5470068,0,0.79172146,1
5487241,0,0.36458063,0
5499966,1,0.28869194,0
5477735,1,0.7316326,1
5482525,0,0.51028335,1
5496079,0,0.29854485,0
5484437,0,0.8907569,1
5462503,0,0.5254375,1
5481694,0,0.24303383,0
5483598,0,0.20986533,0
5499300,0,0.6938739,1
5492786,0,0.20891227,0
5505657,0,0.10459871,0
5471554,0,0.8803141,1
5464692,0,0.3103621,0
5495902,0,0.3938853,0
5464319,0,0.6730921,1
5473914,1,0.54023165,1
5468842,0,0.25335777,0
5468845,0,0.26464057,0
5468848,1,0.75603443,1
5463339,0,0.81292075,1
5474353,0,0.285394,0
5475283,0,0.20119673,0
5475284,0,0.25127694,0
5485119,0,0.7271768,1
5462833,0,0.20731807,0
5462834,1,0.3895877,0
5467902,0,0.15570937,0
5469636,0,0.42981908,0
5471932,0,0.31288934,0
5472881,0,0.36710817,0
5474700,0,0.6742832,1
5478558,0,0.5379355,1
5480081,0,0.65009505,1
5482412,0,0.4276868,0
5483718,0,0.36315924,0
5476728,0,0.09912609,0
5504456,0,0.72142196,1
5477995,0,0.6886476,1
5466596,0,0.5720213,1
5470391,0,0.32059437,0
5476797,1,0.3660255,0
5467841,0,0.21807846,0
5482997,0,0.7549304,1
5505834,0,0.833885,1
5473436,0,0.49057707,0
5496220,0,0.5793906,1
5476511,0,0.28700277,0
5477421,0,0.47206414,0
5477453,1,0.18501852,0
5465136,1,0.69068617,1
5465159,0,0.2425008,0
5474428,1,0.78262883,1
5489368,0,0.43476212,0
5461326,0,0.7625845,1
5488171,1,0.75839055,1
5468140,1,0.7088798,1
5470897,0,0.1645918,0
5470899,1,0.57288444,1
5462084,0,0.31515715,0
5478947,1,0.80851924,1
5502836,0,0.73108184,1
5462781,0,0.75421584,1
5481005,0,0.19847254,0
5470460,0,0.64116335,1
5480010,0,0.58387774,1
5480012,1,0.5898622,1
5481021,0,0.5218008,1
5484614,0,0.4499655,0
5484996,0,0.441529,0
5464118,0,0.18630289,0
5467245,1,0.6004692,1
5473371,0,0.66926056,1
5464686,0,0.1754542,0
5478060,0,0.464972,0
5478736,0,0.10152494,0
5485309,0,0.50153315,1
5488180,0,0.91775334,1
5504273,1,0.8180382,1
5504842,1,0.9264601,1
5473123,0,0.13009183,0
5481723,0,0.22128975,0
5471893,1,0.6175824,1
5478416,0,0.9611102,1
5495446,0,0.07162827,0
5474955,1,0.69874275,1
5508994,0,0.7872321,1
5479480,1,0.7604464,1
5501870,0,0.7403506,1
5476857,0,0.18826927,0
5484137,0,0.52479017,1
5483258,1,0.4882705,0
5469622,0,0.33971873,0
5469625,0,0.16310804,0
5469627,0,0.23770353,0
5470021,0,0.70788246,1
5470026,0,0.41090435,0
5470028,0,0.28107235,0
5470475,0,0.06780275,0
5470476,0,0.49725604,0
5471111,0,0.10835156,0
5471447,0,0.24142753,0
5471448,0,0.32819378,0
5503755,0,0.3213072,0
5469877,0,0.51522523,1
5478237,0,0.4916596,0
5497114,0,0.62946993,1
5497166,1,0.74201375,1
5466992,0,0.51897144,1
5465441,1,0.9253051,1
5500719,0,0.906367,1
5508256,1,0.9019727,1
5477407,0,0.6212945,1
5466252,1,0.5059578,1
5491167,0,0.67719066,1
5464602,0,0.6305962,1
5468667,1,0.907385,1
5462578,0,0.29863584,0
5486701,0,0.18413101,0
5486703,0,0.3819465,0
5482113,0,0.42851186,0
5504482,1,0.84535277,1
5470528,0,0.24950323,0
5496690,0,0.5038855,1
5499515,0,0.4101319,0
5462663,0,0.2905776,0
5462664,0,0.16820991,0
5463139,0,0.16967267,0
5463144,0,0.3122595,0
5463148,0,0.2136083,0
5463155,0,0.24414758,0
5463168,0,0.14479677,0
5463475,1,0.23996857,0
5463478,0,0.22205868,0
5470535,0,0.38901153,0
5471679,0,0.31777203,0
5480991,0,0.4899358,0
5480994,0,0.5334053,1
5490401,0,0.49167565,0
5464665,0,0.579649,1
5464673,0,0.6456439,1
5476069,0,0.4761227,0
5468938,0,0.18750684,0
5468939,0,0.36792576,0
5468942,0,0.12931627,0
5468946,0,0.12544826,0
5468947,0,0.14717475,0
5478677,0,0.32874435,0
5478681,0,0.081661284,0
5504320,1,0.6643568,1
5504762,0,0.4654719,0
5480390,0,0.8071506,1
5494796,0,0.7344702,1
5478007,0,0.63072014,1
5482137,0,0.32116947,0
5508432,0,0.44521436,0
5474646,1,0.32229838,0
5507523,0,0.9660474,1
5477543,1,0.7807517,1
5501010,1,0.7345602,1
5506435,0,0.6931313,1
5466320,0,0.46341127,0
5467673,1,0.8082235,1
5468221,0,0.7787357,1
5477052,1,0.36368403,0
5503224,0,0.15813205,0
5464730,0,0.37194654,0
5464758,0,0.308264,0
5470176,1,0.3948287,0
5503699,0,0.78353345,1
5469138,0,0.03909353,0
5469155,0,0.12481138,0
5469160,0,0.06704425,0
5469164,0,0.046381664,0
5469389,0,0.04829805,0
5469391,0,0.05697149,0
5485192,0,0.8392895,1
5504934,0,0.8175077,1
5478583,1,0.7637646,1
5471651,1,0.9267857,1
5480311,1,0.96899265,1
5490871,0,0.79568094,1
5471252,0,0.32151905,0
5502452,0,0.37879625,0
5508783,0,0.14668155,0
5482663,0,0.2831981,0
5467293,0,0.26857296,0
5467296,0,0.28825197,0
5465880,1,0.13484138,0
5472324,0,0.23089224,0
5472823,1,0.8919827,1
5474339,1,0.9472083,1
5474457,1,0.83474964,1
5474458,1,0.7705176,1
5508417,0,0.9165881,1
5479099,1,0.6043982,1
5473275,0,0.62345403,1
5499456,1,0.85372794,1
5478873,0,0.2920822,0
5467888,0,0.48966628,0
5493958,0,0.11467669,0
5472975,0,0.26378712,0
5476733,0,0.81061286,1
5484442,0,0.30396363,0
5476209,0,0.65125436,1
5476361,0,0.29680315,0
5478634,0,0.2789679,0
5478636,0,0.28221303,0
5481096,0,0.37072656,0
5481099,1,0.36774728,0
5481102,0,0.5304764,1
5486656,0,0.13032857,0
5464522,0,0.5507964,1
5464526,0,0.23685339,0
5499016,1,0.26393345,0
5481751,1,0.63853216,1
5482948,0,0.87672335,1
5482950,0,0.5644574,1
5485133,0,0.6989625,1
5485327,1,0.60182524,1
5486828,0,0.6286116,1
5490870,0,0.38673362,0
5495376,0,0.847804,1
5507760,0,0.2415613,0
5508640,0,0.22400315,0
5462105,0,0.25124934,0
5462800,0,0.26114196,0
5475760,0,0.30164698,0
5463299,0,0.15962566,0
5462774,0,0.583803,1
5489419,1,0.5533502,1
5494850,1,0.38398123,0
5484611,0,0.7922038,1
5508386,0,0.79136723,1
5508392,0,0.7914967,1
5471040,0,0.5518545,1
5474801,1,0.6201043,1
5499262,1,0.90648854,1
5475019,0,0.9235939,1
5482809,0,0.5623771,1
5463226,1,0.7946554,1
5463227,0,0.9172038,1
5491281,1,0.8892356,1
5499947,1,0.70188147,1
5463174,0,0.5807514,1
5473384,0,0.408676,0
5502472,0,0.6710657,1
5478632,0,0.21934612,0
5485277,0,0.33129445,0
5485285,0,0.30166587,0
5485288,1,0.42763373,0
5485291,0,0.5060966,1
5486117,0,0.3219095,0
5486127,0,0.21972954,0
5486667,0,0.60964316,1
5486668,0,0.21581422,0
5498841,0,0.5629724,1
5500359,0,0.6534423,1
5501091,0,0.769542,1
5475122,0,0.5047071,1
5498798,0,0.53398955,1
5466682,1,0.51036733,1
5499245,0,0.4550939,0
5484003,1,0.6859829,1
5468877,1,0.4516441,0
5474149,1,0.3179794,0
5504561,1,0.97175086,1
5477251,0,0.35328564,0
5496515,1,0.45052868,0
5464438,0,0.46803045,0
5484063,0,0.46482193,0
5468046,0,0.20714085,0
5468047,0,0.29788992,0
5483736,1,0.849816,1
5491464,0,0.21866676,0
5498768,0,0.27437523,0
5464857,0,0.82291365,1
5490309,1,0.6523396,1
5508780,0,0.82476926,1
5494115,0,0.7530378,1
5478127,0,0.38333794,0
5468320,1,0.80515677,1
5486739,0,0.24942474,0
5477457,0,0.76257086,1
5467994,0,0.2683756,0
5484075,0,0.31477967,0
5465573,0,0.69797283,1
5465582,0,0.8420462,1
5466704,0,0.67706347,1
5466984,0,0.47063598,0
5480014,0,0.32639027,0
5485012,0,0.46890777,0
5470268,0,0.4135004,0
5504874,0,0.5461556,1
5475934,0,0.56480664,1
5473864,0,0.1951435,0
5473877,0,0.3212863,0
5474298,0,0.13451116,0
5474970,1,0.25195318,0
5481931,1,0.946125,1
5498185,0,0.25253236,0
5491682,0,0.78913647,1
5487193,0,0.62349856,1
5507951,0,0.04034515,0
5494067,0,0.47651917,0
5501047,1,0.6382247,1
5474081,0,0.45156372,0
5474753,0,0.25704774,0
5474756,0,0.34277555,0
5475781,0,0.5593154,1
5496737,0,0.94938356,1
5495843,0,0.43257967,0
5499332,1,0.8196999,1
5475287,0,0.3613646,0
5481084,0,0.27958342,0
5471975,1,0.8446193,1
5473205,0,0.7827032,1
5482739,0,0.5267428,1
5475361,0,0.4104217,0
5475363,0,0.35699037,0
5475740,0,0.6886411,1
5505565,0,0.95597655,1
5491020,0,0.49702057,0
5487635,0,0.65930784,1
5465341,0,0.42672172,0
5465349,0,0.50735396,1
5465355,0,0.49568668,0
5465361,0,0.26659775,0
5475267,0,0.24075188,0
5473945,0,0.27639487,0
5479240,0,0.30989832,0
5479509,0,0.27544406,0
5504121,0,0.8089896,1
5462045,0,0.45140174,0
5464367,0,0.4807704,0
5464594,0,0.22902445,0
5464741,0,0.3988681,0
5464779,0,0.48958212,0
5465599,0,0.3030859,0
5465981,0,0.27011004,0
5469489,1,0.23351833,0
5476107,0,0.51460546,1
5479156,0,0.15905523,0
5479666,0,0.31726965,0
5483411,0,0.24818115,0
5499991,0,0.16278858,0
5472026,0,0.06378978,0
5484656,0,0.69024736,1
5481138,1,0.29303265,0
5509176,0,0.62130034,1
5496531,0,0.69214463,1
5473573,1,0.8436476,1
5485120,0,0.29836315,0
5469371,0,0.48767462,0
5461849,0,0.28372136,0
5461864,0,0.8556177,1
5465033,0,0.5027099,1
5465539,0,0.14716414,0
5465541,0,0.19292727,0
5496951,0,0.31353652,0
5499354,0,0.1113004,0
5499356,0,0.09821673,0
5500146,0,0.17813456,0
5484147,0,0.562521,1
5479529,0,0.34111103,0
5479533,1,0.9268997,1
5466598,0,0.4851881,0
5506027,0,0.45599133,0
5476157,1,0.3084977,0
5481636,0,0.7524107,1
5482816,0,0.27752203,0
5473539,0,0.38034853,0
5477121,0,0.16532199,0
5471557,0,0.28840703,0
5498528,0,0.7830189,1
5472197,0,0.6523467,1
5496250,0,0.66945034,1
5465023,1,0.74634933,1
5477607,0,0.8579226,1
5473335,1,0.6435939,1
5492110,1,0.79956263,1
5482597,0,0.40906918,0
5500127,0,0.8208391,1
5501834,0,0.46836874,0
5492712,0,0.7094237,1
5470230,0,0.6599371,1
5493646,0,0.9279645,1
5484686,0,0.89561176,1
5485568,0,0.19523394,0
5487855,0,0.72890097,1
5489485,0,0.8049882,1
5495769,0,0.2529645,0
5478143,0,0.72555774,1
5499674,1,0.8399569,1
5494150,1,0.8953423,1
5474307,0,0.47995552,0
5467469,0,0.43579766,0
5467471,0,0.43386814,0
5479234,0,0.13013636,0
5489610,0,0.18972322,0
5508194,0,0.95283824,1
5471355,0,0.52257293,1
5477987,1,0.7567233,1
5469137,1,0.94507384,1
5485985,1,0.9325349,1
5464130,0,0.53578097,1
5508440,1,0.47532168,0
5469286,0,0.31890023,0
5469289,0,0.3901676,0
5507955,0,0.25383532,0
5496297,1,0.7378775,1
5474118,0,0.5349817,1
5476350,0,0.19638166,0
5476353,0,0.15167254,0
5476355,0,0.2055781,0
5473723,1,0.9791308,1
5465089,0,0.7667919,1
5462713,0,0.8942894,1
5462714,0,0.6321705,1
5500064,0,0.72805655,1
5475732,0,0.51252604,1
5507910,0,0.594946,1
5477598,0,0.19909133,0
5468181,0,0.90063053,1
5487464,0,0.23424344,0
5470076,0,0.124381974,0
5461319,0,0.11484815,0
5465294,0,0.17717132,0
5465297,0,0.13134225,0
5467980,0,0.30895504,0
5471884,0,0.094238326,0
5471886,0,0.30815208,0
5473410,0,0.23338714,0
5473419,1,0.10800633,0
5473959,0,0.13268727,0
5476640,0,0.19866489,0
5477891,0,0.24459179,0
5477894,0,0.06946448,0
5473273,0,0.5635691,1
5473274,0,0.916212,1
5485535,1,0.8122443,1
5482146,0,0.69757867,1
5503995,0,0.90944076,1
5475314,0,0.85533184,1
5493364,1,0.46124828,0
5503879,0,0.33049887,0
5477600,0,0.9463614,1
5466608,0,0.21820754,0
5466722,1,0.49991643,0
5470206,0,0.22701831,0
5495553,0,0.95860744,1
5480120,0,0.7740018,1
5461611,0,0.90958285,1
5480717,0,0.3767646,0
5481852,1,0.8862443,1
5467476,1,0.8548887,1
5471334,0,0.09369717,0
5471402,1,0.1988273,0
5508051,0,0.24056038,0
5470400,0,0.26654056,0
5496902,0,0.13852648,0
5493767,0,0.8633309,1
5478639,0,0.5750191,1
5485370,0,0.09615139,0
5478717,1,0.8483255,1
5480773,0,0.43207014,0
5462459,0,0.86342907,1
5501239,0,0.9015131,1
5465664,0,0.84703726,1
5465752,0,0.17447889,0
5483104,0,0.8535978,1
5484113,1,0.7935669,1
5496518,1,0.63490266,1
5476594,0,0.70040923,1
5479597,0,0.41658247,0
5481753,1,0.76275206,1
5485225,0,0.26061586,0
5485699,0,0.28571203,0
5469769,0,0.16986646,0
5499222,0,0.65171945,1
5496735,0,0.7291885,1
5466765,0,0.47021726,0
5499758,1,0.47467583,0
5462326,0,0.40865985,0
5502527,0,0.88174725,1
5465527,0,0.3257392,0
5468824,1,0.26208594,0
5476587,0,0.32528415,0
5477369,0,0.25000206,0
5471915,0,0.43568167,0
5500078,0,0.58570546,1
5500826,1,0.84710926,1
5475765,0,0.556787,1
5467703,0,0.33664712,0
5469656,0,0.69375414,1
5476370,0,0.28185183,0
5500983,0,0.64864045,1
5483235,0,0.49074176,0
5483764,0,0.28351018,0
5468979,1,0.6163326,1
5464236,0,0.31896836,0
5465776,0,0.5344847,1
5468308,0,0.86926484,1
5462247,0,0.33765957,0
5494276,0,0.64099884,1
5475576,0,0.55359334,1
5482725,0,0.29969972,0
5507731,0,0.39166722,0
5507298,0,0.20969465,0
5476374,0,0.2708655,0
5481696,0,0.1803275,0
5481697,0,0.20161253,0
5481698,0,0.39034867,0
5481699,0,0.19538541,0
5481717,0,0.11876363,0
5497264,0,0.39394367,0
5493294,1,0.6623009,1
5498145,0,0.5330897,1
5491571,1,0.89238036,1
5485714,1,0.8107257,1
5462709,0,0.9164528,1
5481189,1,0.81862104,1
5502557,0,0.81444806,1
5475979,0,0.1942817,0
5487991,0,0.7867205,1
5465956,0,0.54675865,1
5484436,0,0.8339523,1
5463215,0,0.17785217,0
5467837,0,0.37153205,0
5474828,0,0.15140927,0
5474831,0,0.12753133,0
5475946,0,0.14661816,0
5475948,0,0.10517685,0
5475950,0,0.14362009,0
5476489,0,0.13187253,0
5472392,0,0.5819497,1
5484985,0,0.38914648,0
5464126,0,0.41158897,0
5473488,0,0.52961755,1
5475330,0,0.30413932,0
5486569,0,0.2669233,0
5486570,0,0.29858828,0
5468870,0,0.24448782,0
5490076,0,0.55873394,1
5492159,0,0.9245574,1
5475719,1,0.7627857,1
5500514,1,0.73128223,1
5500636,1,0.6559121,1
5487762,1,0.5390533,1
5485631,0,0.66158575,1
5478330,0,0.33562797,0
5476498,0,0.31733128,0
5476499,0,0.44645342,0
5481549,0,0.7623976,1
5500601,0,0.5025017,1
5466771,0,0.73909175,1
5481004,0,0.43072173,0
5472803,0,0.4842502,0
5499038,0,0.96975523,1
5464450,0,0.2392638,0
5464451,0,0.438334,0
5464452,0,0.2642938,0
5464453,0,0.17755572,0
5478034,0,0.72389674,1
5502910,0,0.79851586,1
5483997,0,0.49440923,0
5502192,1,0.36243084,0
5484858,0,0.36848408,0
5473267,0,0.26034966,0
5473271,0,0.63729495,1
5463761,0,0.98528105,1
5479743,0,0.72536284,1
5483791,0,0.8072331,1
5461804,0,0.25890985,0
5493341,0,0.7756074,1
5477718,1,0.9739086,1
5492466,0,0.6448242,1
5488161,0,0.27565387,0
5491068,0,0.1261434,0
5491070,0,0.08096658,0
5491797,0,0.25537506,0
5491798,0,0.06807145,0
5491799,0,0.06097715,0
5491801,0,0.10238371,0
5491803,0,0.07357673,0
5492932,0,0.101122595,0
5492935,0,0.01532003,0
5492940,0,0.14706443,0
5496178,0,0.11569802,0
5504288,0,0.39282432,0
5470855,0,0.45618176,0
5474349,1,0.39088827,0
5482284,0,0.78592116,1
5468149,0,0.37998655,0
5485815,0,0.7331806,1
5476409,1,0.75703263,1
5500086,0,0.77895,1
5505612,0,0.6817818,1
5475913,0,0.6114292,1
5505316,0,0.3809716,0
5499528,0,0.6919382,1
5493221,0,0.19876021,0
5499149,0,0.32981864,0
5464993,0,0.19389035,0
5465002,0,0.1493132,0
5465019,0,0.07617691,0
5468264,0,0.19121747,0
5485210,0,0.7945052,1
5490055,0,0.5425109,1
5475999,0,0.75577664,1
5472320,0,0.7379107,1
5476626,0,0.67848337,1
5478897,0,0.23356555,0
5471503,1,0.715236,1
5466268,0,0.21076739,0
5484366,1,0.3388019,0
5476039,0,0.5552374,1
5466306,0,0.7960847,1
5474151,1,0.8386043,1
5490066,1,0.523394,1
5501792,0,0.6455296,1
5462956,0,0.35867393,0
5501658,1,0.5726937,1
5485573,1,0.4382396,0
5465885,0,0.18122312,0
5474583,0,0.70283973,1
5464942,0,0.5905416,1
5489835,0,0.47790897,0
5488349,0,0.3945358,0
5469357,1,0.88813376,1
5482061,0,0.4688604,0
5492579,0,0.42376962,0
5495604,0,0.66724294,1
5496905,0,0.24001539,0
5499468,0,0.45003238,0
5499573,0,0.4225967,0
5500994,0,0.3932009,0
5501171,0,0.54741114,1
5501747,0,0.19685164,0
5501951,0,0.3134959,0
5505311,0,0.4130323,0
5506032,0,0.27646545,0
5507178,0,0.14882392,0
5509532,0,0.34205085,0
5471761,0,0.5768638,1
5495683,0,0.53040564,1
5504269,0,0.8641967,1
5471574,1,0.89065063,1
5477074,0,0.42568588,0
5505821,0,0.20824863,0
5477441,1,0.6039292,1
5484160,0,0.9448102,1
5478372,0,0.74142593,1
5484484,0,0.43049932,0
5483266,0,0.37631306,0
5468960,1,0.21941441,0
5475155,0,0.64670646,1
5487437,0,0.5546846,1
5501055,0,0.47504258,0
5469006,0,0.2243849,0
5469024,0,0.117698126,0
5501046,0,0.95265603,1
5474199,0,0.2543697,0
5500475,0,0.82532716,1
5476091,0,0.87347966,1
5508196,0,0.44545576,0
5470704,0,0.9257903,1
5473324,0,0.49708486,0
5487856,0,0.4095848,0
5509002,0,0.39400584,0
5478668,0,0.27857482,0
5473755,1,0.8851631,1
5461470,0,0.23072162,0
5486475,0,0.33511865,0
5463379,0,0.77193856,1
5465526,0,0.42871314,0
5474337,0,0.63058615,1
5477815,1,0.39171258,0
5487296,0,0.48583344,0
5489708,0,0.56693447,1
5492303,0,0.37029174,0
5496696,1,0.7312486,1
5505281,0,0.64726573,1
5508549,0,0.7482622,1
5467729,0,0.45721048,0
5467730,1,0.6334462,1
5502851,0,0.35500166,0
5461390,0,0.07310415,0
5461618,0,0.1601174,0
5463609,0,0.08753133,0
5468512,0,0.19008711,0
5470099,0,0.30988738,0
5474282,0,0.071524054,0
5474682,0,0.105411634,0
5478180,0,0.1311143,0
5502375,0,0.7513383,1
5505571,0,0.7650271,1
5497030,1,0.5178135,1
5508586,1,0.9626618,1
5495467,0,0.57221377,1
5497028,0,0.8503125,1
5463225,0,0.7215603,1
5463202,0,0.6638733,1
5493682,0,0.28098658,0
5508259,0,0.24898508,0
5464388,0,0.4306915,0
5502876,0,0.56347704,1
5490159,0,0.38112426,0
5490189,1,0.79764336,1
5472351,1,0.84355754,1
5485226,0,0.59820193,1
5474992,0,0.77187604,1
5491405,0,0.46034747,0
5470767,0,0.8198219,1
5462060,0,0.4950702,0
5509088,1,0.91758096,1
5476064,0,0.20884977,0
5479204,0,0.9242488,1
5477691,0,0.84019274,1
5481014,0,0.55062443,1
5463514,0,0.37038755,0
5482179,0,0.61750895,1
5504423,0,0.44364518,0
5506288,1,0.791964,1
5477376,1,0.812032,1
5474522,0,0.4021443,0
5477215,0,0.57030356,1
5477234,0,0.3596499,0
5477236,1,0.26971874,0
5466481,0,0.17495579,0
5479807,0,0.59140486,1
5468809,0,0.726805,1
5494311,0,0.06271355,0
5466203,0,0.7579613,1
5480270,0,0.5031014,1
5461777,0,0.22903635,0
5461929,0,0.12601453,0
5461952,0,0.19625966,0
5462645,0,0.20331115,0
5462722,1,0.3478965,0
5463029,0,0.30501488,0
5463998,0,0.451489,0
5463999,0,0.21150622,0
5465726,0,0.2548562,0
5465734,0,0.208942,0
5465737,0,0.18568368,0
5466032,0,0.14250705,0
5479238,0,0.46235567,0
5507050,0,0.2888783,0
5470211,0,0.37513745,0
5470600,0,0.38348868,0
5470613,0,0.09231084,0
5473409,0,0.39255366,0
5474437,1,0.4844167,0
5475087,0,0.53925264,1
5475307,0,0.35199615,0
5475340,0,0.10345116,0
5475346,0,0.42644206,0
5475393,1,0.7176569,1
5475401,0,0.20451376,0
5475402,0,0.27767977,0
5476065,0,0.25222084,0
5478800,1,0.59316504,1
5481564,0,0.70711005,1
5476306,0,0.22585952,0
5477286,0,0.69839936,1
5477287,0,0.55907786,1
5495802,0,0.31565493,0
5496269,0,0.29145044,0
5472270,0,0.13938838,0
5482861,0,0.20889962,0
5482863,0,0.13992675,0
5482866,0,0.15139316,0
5481470,0,0.25281432,0
5481300,0,0.17511368,0
5461451,0,0.57568526,1
5462091,1,0.3799145,0
5472363,0,0.46635088,0
5476889,0,0.48267514,0
5480647,1,0.58496994,1
5482505,0,0.72721976,1
5483806,0,0.32657093,0
5484415,0,0.49569613,0
5485508,0,0.347642,0
5485971,0,0.51022863,1
5493773,0,0.19778591,0
5501243,0,0.36867803,0
5503970,0,0.3447854,0
5504579,0,0.2760512,0
5504582,0,0.33031556,0
5505942,1,0.7584831,1
5507353,0,0.22488211,0
5464898,0,0.19730312,0
5465298,0,0.18076128,0
5476508,0,0.47727695,0
5483989,0,0.71771675,1
5480291,0,0.71398646,1
5466285,0,0.31309995,0
5475228,0,0.07543462,0
5475475,0,0.039797656,0
5475579,0,0.12802938,0
5475582,0,0.13167727,0
5490133,0,0.09527038,0
5492986,0,0.15832151,0
5497751,0,0.060043175,0
5500102,0,0.06392703,0
5500104,0,0.064859234,0
5500106,0,0.10628945,0
5500107,0,0.08505054,0
5500386,0,0.15159427,0
5500535,0,0.06620483,0
5500539,0,0.04288491,0
5500548,0,0.10222036,0
5461515,0,0.18093088,0
5461516,0,0.2195648,0
5461519,0,0.15472442,0
5462499,0,0.08219112,0
5463212,0,0.09422244,0
5463527,1,0.5180375,1
5462483,0,0.6443837,1
5480399,0,0.86150175,1
5470932,0,0.5256186,1
5474360,0,0.9667308,1
5497800,0,0.73691845,1
5461325,1,0.7745702,1
5461250,1,0.88496035,1
5493479,0,0.9376249,1
5478352,0,0.27578467,0
5478821,0,0.37416947,0
5490400,0,0.38759592,0
5504062,0,0.3767539,0
5490138,1,0.79471695,1
5502911,0,0.8444363,1
5478114,0,0.25388777,0
5463312,0,0.40708214,0
5469290,0,0.17302187,0
5476804,0,0.21108891,0
5507828,0,0.22899617,0
5507834,0,0.3159104,0
5484368,0,0.29622525,0
5461467,0,0.48646802,0
5464237,0,0.46346208,0
5464242,1,0.21134003,0
5468457,0,0.6429516,1
5461791,0,0.4893955,0
5471552,0,0.55067915,1
5494510,0,0.48940927,0
5482541,0,0.47401953,0
5487007,0,0.95653397,1
5478911,0,0.8442567,1
5481649,1,0.7112945,1
5493588,1,0.8669663,1
5479472,0,0.7532158,1
5484186,0,0.3748848,0
5485734,0,0.29191923,0
5481296,1,0.7725074,1
5504648,0,0.81953883,1
5497188,1,0.96109253,1
5469192,0,0.56815374,1
5500033,0,0.8977302,1
5484743,1,0.3480909,0
5471365,0,0.8420799,1
5484809,0,0.46745265,0
5487114,0,0.42398828,0
5508910,1,0.55694187,1
5482240,0,0.42322597,0
5464519,0,0.45759067,0
5506056,0,0.3210181,0
5469505,0,0.2331896,0
5483409,0,0.27766582,0
5479612,0,0.5187347,1
5484787,0,0.20121495,0
5501580,0,0.60493165,1
5506726,0,0.9510075,1
5486561,0,0.8916423,1
5501839,0,0.8159232,1
5465869,0,0.32109228,0
5485964,1,0.84877485,1
5482140,0,0.25738376,0
5476398,0,0.2099324,0
5473512,0,0.5018636,1
5470847,1,0.9655259,1
5472146,0,0.7730696,1
5461971,0,0.14230266,0
5474852,0,0.23932144,0
5474858,0,0.18361644,0
5461985,0,0.71364516,1
5474930,0,0.9365624,1
5493939,0,0.22606772,0
5495270,0,0.81983596,1
5467988,0,0.39758787,0
5470954,0,0.77624786,1
5487429,0,0.5910983,1
5476233,0,0.21276873,0
5478744,0,0.45172483,0
5479279,0,0.42796445,0
5479399,0,0.1650751,0
5503230,1,0.89558077,1
5481142,0,0.8258757,1
5485795,0,0.78078884,1
5468113,1,0.9191464,1
5466719,0,0.19945844,0
5474005,0,0.50193995,1
5487516,0,0.49740452,0
5499556,1,0.8165686,1
5507509,1,0.7701257,1
5461693,0,0.481224,0
5467138,0,0.19518815,0
5461449,0,0.30856293,0
5471708,0,0.060113933,0
5469193,0,0.6202878,1
5469340,0,0.76084,1
5470046,0,0.8119997,1
5470655,0,0.41335908,0
5468219,0,0.35076424,0
5468227,0,0.27283207,0
5468229,0,0.52337754,1
5475056,1,0.57310164,1
5473826,0,0.76428616,1
5474034,0,0.29066396,0
5504454,1,0.3842358,0
5468205,0,0.27196944,0
5484452,0,0.5269136,1
5493514,0,0.87419534,1
5494402,1,0.7460528,1
5498259,0,0.6167178,1
5498264,0,0.49858803,0
5481113,1,0.880255,1
5501388,0,0.45084792,0
5480130,1,0.5932778,1
5507942,0,0.60249984,1
5492852,0,0.8208123,1
5492853,0,0.6383188,1
5493041,0,0.48489928,0
5493042,0,0.82129383,1
5493044,0,0.68587184,1
5495516,0,0.3300299,0
5495543,0,0.6989712,1
5497396,0,0.30265364,0
5497399,0,0.5404411,1
5497400,0,0.35172647,0
5492226,0,0.7256083,1
5506324,0,0.90155154,1
5485164,0,0.7581959,1
5461243,0,0.15772316,0
5464897,0,0.17516428,0
5483975,0,0.20197381,0
5472364,0,0.18542682,0
5485195,0,0.57573473,1
5505908,0,0.40668166,0
5483631,0,0.81131905,1
5503891,1,0.9459198,1
5464685,0,0.23644194,0
5502374,0,0.752249,1
5503976,0,0.9145628,1
5476011,1,0.8756969,1
5462385,0,0.6170054,1
5472201,0,0.40855172,0
5472224,1,0.73482174,1
5473766,1,0.47925174,0
5475901,0,0.27707595,0
5485780,1,0.26039538,0
5488249,0,0.3126947,0
5502153,1,0.84806985,1
5495801,1,0.9804482,1
5469215,0,0.043478444,0
5477912,0,0.11878968,0
5480027,0,0.05516195,0
5480772,0,0.05298639,0
5483290,0,0.18616408,0
5483293,0,0.06743895,0
5484214,0,0.6502612,1
5489827,0,0.6948353,1
5480334,0,0.88372207,1
5492531,1,0.95009786,1
5493309,0,0.7018702,1
5475506,0,0.9072982,1
5483084,0,0.27287856,0
5483107,0,0.23628071,0
5475937,0,0.22204204,0
5475942,0,0.22359237,0
5483554,0,0.25586346,0
5504298,0,0.13202372,0
5505770,0,0.09081268,0
5473544,0,0.8084034,1
5499203,1,0.95498204,1
5499204,1,0.9610509,1
5499205,1,0.9418386,1
5487884,1,0.19084685,0
5476948,0,0.78000903,1
5476951,0,0.6964454,1
5476952,0,0.5150261,1
5476962,0,0.13942264,0
5473169,0,0.29158396,0
5474859,0,0.5500862,1
5462644,0,0.17471184,0
5462646,0,0.35853827,0
5476506,0,0.39291456,0
5482424,0,0.4406606,0
5474997,1,0.9734032,1
5492522,1,0.6738809,1
5491494,0,0.12926759,0
5482955,1,0.2889216,0
5478339,0,0.31550694,0
5478342,0,0.44102317,0
5490853,0,0.18829079,0
5501398,0,0.7134649,1
5501400,0,0.81252617,1
5501401,0,0.59413135,1
5501402,0,0.6842548,1
5501447,0,0.3679057,0
5475929,0,0.13217822,0
5475964,0,0.26434636,0
5464355,0,0.87288696,1
5497379,1,0.667516,1
5464343,0,0.45501497,0
5464549,0,0.54650337,1
5473946,0,0.5955993,1
5473957,1,0.8281068,1
5473958,0,0.58984464,1
5476365,1,0.45210192,0
5487553,0,0.54770064,1
5487554,0,0.8220441,1
5491107,0,0.4647771,0
5491562,0,0.6200421,1
5486959,0,0.29227984,0
5506052,0,0.70260215,1
5476007,0,0.7460734,1
5463602,0,0.16642907,0
5463603,0,0.19386582,0
5463606,0,0.21885578,0
5463612,0,0.30369237,0
5463614,0,0.35086268,0
5463616,0,0.31969064,0
5463662,0,0.23358002,0
5463666,0,0.36721724,0
5463677,0,0.3056241,0
5486567,0,0.1984397,0
5493944,0,0.3465572,0
5508121,0,0.38067558,0
5472352,0,0.87717265,1
5474147,1,0.6919311,1
5463447,0,0.52316785,1
5503851,1,0.9103664,1
5463651,0,0.68972534,1
5484613,0,0.3437238,0
5505597,0,0.46249634,0
5505937,0,0.457785,0
5505938,0,0.6587415,1
5506064,0,0.4257287,0
5506066,0,0.34350836,0
5506068,0,0.58747923,1
5506071,0,0.76571745,1
5506388,0,0.29572225,0
5506520,0,0.1924467,0
5506521,0,0.40114024,0
5506522,1,0.19600515,0
5506743,0,0.24389379,0
5506746,0,0.74192536,1
5506747,0,0.48881385,0
5507138,0,0.3125773,0
5507402,0,0.27469265,0
5507518,0,0.027642349,0
5507519,0,0.15354916,0
5507520,0,0.2653278,0
5509005,0,0.27072656,0
5509006,0,0.3176271,0
5509008,0,0.13027483,0
5509177,1,0.2083914,0
5509178,0,0.13108355,0
5493528,0,0.31376326,0
5493530,0,0.20970987,0
5482595,0,0.7724505,1
5497711,0,0.8135614,1
5462246,0,0.12535922,0
5507221,0,0.8861959,1
5481503,0,0.15154864,0
5462141,1,0.84801686,1
5463074,0,0.31464064,0
5464667,0,0.1555011,0
5464678,0,0.3508518,0
5467180,0,0.3630899,0
5467783,0,0.25438458,0
5469588,0,0.14017335,0
5469591,0,0.2573354,0
5475618,0,0.7632524,1
5499601,1,0.87133205,1
5499363,1,0.49055213,0
5470598,0,0.4965381,0
5472088,0,0.39958742,0
5472579,0,0.33719745,0
5474359,0,0.18680435,0
5475989,0,0.24969603,0
5469406,1,0.81160235,1
5472526,0,0.37872183,0
5469268,0,0.8530743,1
5497623,0,0.6075278,1
5474760,0,0.5928252,1
5497916,0,0.1024706,0
5497919,0,0.39559558,0
5465195,1,0.113474935,0
5477882,0,0.5551876,1
5494570,0,0.47098112,0
5474435,0,0.7244772,1
5486673,0,0.32599807,0
5470777,0,0.8964093,1
5478504,0,0.3613397,0
5478505,0,0.29511178,0
5478904,1,0.23734872,0
5478946,0,0.2607186,0
5480789,0,0.41745266,0
5481490,1,0.49016795,0
5481729,0,0.3329693,0
5476492,0,0.34966305,0
5498055,1,0.880611,1
5465927,0,0.15051316,0
5476581,0,0.13462958,0
5467566,0,0.23808536,0
5469836,0,0.3989037,0
5469839,0,0.27992243,0
5470676,0,0.17117238,0
5473992,0,0.1475242,0
5483428,0,0.2602916,0
5462527,0,0.6140645,1
5472266,0,0.3170749,0
5483408,0,0.5549938,1
5506542,1,0.7749995,1
5487561,0,0.76511264,1
5473434,0,0.5226147,1
5503526,0,0.30101106,0
5465607,1,0.9453411,1
5468244,0,0.7823955,1
5463938,0,0.75847495,1
5471171,0,0.7254872,1
5490497,0,0.55010307,1
5490885,0,0.71352243,1
5491811,0,0.77206945,1
5492905,0,0.75410753,1
5464033,0,0.5818195,1
5482657,1,0.6069992,1
5485317,1,0.4449539,0
5467091,0,0.66731006,1
5469093,1,0.9420327,1
5494560,0,0.50070506,1
5462861,1,0.78829795,1
5480182,0,0.2471248,0
5484972,0,0.23876002,0
5484976,0,0.26455393,0
5470554,0,0.65488297,1
5502870,0,0.8811758,1
5490026,0,0.5239874,1
5506952,0,0.14455464,0
5470599,0,0.18854143,0
5463100,0,0.22068284,0
5478542,0,0.070101224,0
5467213,1,0.8202046,1
5463179,0,0.6766931,1
5495920,0,0.50139046,1
5503533,0,0.25524652,0
5474712,0,0.6026646,1
5473704,1,0.62430215,1
5497027,0,0.5022763,1
5477078,0,0.21323428,0
5477275,0,0.25125918,0
5477278,0,0.31193998,0
5471492,1,0.74189395,1
5479838,0,0.39332595,0
5474109,0,0.1553654,0
5473066,0,0.24813835,0
5498435,0,0.8573018,1
5502619,0,0.40251186,0
5486065,0,0.5313578,1
5505852,1,0.8934654,1
5501594,0,0.47043628,0
5508101,0,0.32681134,0
5483678,0,0.6105219,1
5475236,1,0.85490435,1
5462730,1,0.6361089,1
5497637,0,0.6785676,1
5468258,0,0.27730373,0
5466383,0,0.37388283,0
5480227,0,0.8380107,1
5494590,1,0.9146485,1
5471625,0,0.22462317,0
5503814,0,0.19003965,0
5498853,0,0.5922068,1
5469523,0,0.9126069,1
5504020,0,0.8493322,1
5475924,1,0.5996269,1
5505434,0,0.4807968,0
5505721,1,0.7007845,1
5494817,0,0.51552117,1
5474014,0,0.52747583,1
5495785,0,0.40067872,0
5495786,0,0.18623349,0
5505363,0,0.117138274,0
5471930,1,0.54308623,1
5475032,0,0.6814662,1
5476940,0,0.58286184,1
5466001,1,0.8554085,1
5506365,0,0.3749531,0
5494592,0,0.601883,1
5463449,0,0.32169223,0
5463452,0,0.33816552,0
5498921,0,0.14873102,0
5468731,0,0.6892392,1
5473920,0,0.7413293,1
5487140,0,0.340103,0
5470165,1,0.72491944,1
5468733,0,0.30135244,0
5482798,0,0.46471307,0
5482800,0,0.39421317,0
5482810,0,0.27074483,0
5476920,1,0.559006,1
5478746,0,0.63664687,1
5482250,0,0.52092123,1
5473213,0,0.27928564,0
5473892,0,0.17409426,0
5474364,0,0.4352855,0
5479043,0,0.43513423,0
5492908,0,0.49483985,0
5505860,0,0.7329789,1
5504570,0,0.6557853,1
5469462,0,0.58493906,1
5495749,0,0.3805348,0
5473862,0,0.8685189,1
5468504,0,0.42049906,0
5481825,0,0.40419367,0
5468319,0,0.4870674,0
5468323,0,0.6004329,1
5468855,0,0.49181193,0
5495017,0,0.76408815,1
5465791,0,0.25936425,0
5465798,0,0.09499499,0
5467077,1,0.48083946,0
5462773,0,0.26178306,0
5493770,1,0.37412784,0
5499998,0,0.50384665,1
5500017,0,0.63404334,1
5482545,1,0.83276725,1
5473680,0,0.42945868,0
5473686,0,0.32702988,0
5466507,0,0.6813718,1
5495012,0,0.7913842,1
5491252,0,0.6670926,1
5467288,0,0.3932552,0
5468459,0,0.31620327,0
5475350,0,0.3032967,0
5475425,0,0.61970437,1
5483158,0,0.1277858,0
5483254,0,0.47135812,0
5485792,0,0.37434945,0
5486316,0,0.56806463,1
5486878,0,0.51152,1
5492553,0,0.55979437,1
5493247,1,0.90959996,1
5493631,0,0.609974,1
5496937,0,0.14249894,0
5505818,0,0.76979387,1
5480034,0,0.57456315,1
5485974,0,0.63078535,1
5485979,0,0.33935916,0
5486101,0,0.18279569,0
5486109,0,0.27608627,0
5486113,0,0.2432766,0
5486369,0,0.1649423,0
5462788,0,0.3523844,0
5478637,0,0.24257274,0
5478648,0,0.24829386,0
5485115,0,0.2850542,0
5487093,0,0.23842858,0
5487097,0,0.048482485,0
5487100,0,0.20977238,0
5486509,0,0.4608062,0
5467660,1,0.7954788,1
5481477,1,0.896192,1
5484339,0,0.60481626,1
5484952,0,0.8862253,1
5490798,0,0.3805594,0
5493114,0,0.30968657,0
5493237,0,0.8636955,1
5495369,0,0.12347309,0
5495996,0,0.6618028,1
5497869,0,0.50227666,1
5501389,0,0.25870836,0
5501430,1,0.88368744,1
5503782,0,0.54301244,1
5503783,0,0.50465536,1
5504962,0,0.41073856,0
5509115,0,0.85715014,1
5483161,0,0.1882941,0
5470625,0,0.8006203,1
5463714,0,0.46663636,0
5478554,0,0.63405555,1
5485925,0,0.65115196,1
5475585,0,0.4713455,0
5487462,0,0.48048362,0
5483776,0,0.90636986,1
5466476,0,0.6876279,1
5467531,0,0.3722477,0
5467532,0,0.2847819,0
5467533,1,0.4267812,0
5486670,1,0.7950585,1
5471972,1,0.5103756,1
5469369,0,0.19993702,0
5475606,1,0.64258164,1
5496857,0,0.70449895,1
5473218,0,0.40124896,0
5476964,0,0.73521733,1
5461303,0,0.32615128,0
5461307,0,0.13507295,0
5461309,0,0.2963897,0
5461318,0,0.30108383,0
5461704,0,0.26350597,0
5461713,0,0.2712503,0
5462041,0,0.10132858,0
5462042,0,0.43355367,0
5462294,0,0.20705496,0
5462299,0,0.2146718,0
5462304,0,0.14045978,0
5462383,0,0.15443313,0
5462469,0,0.7393615,1
5462473,0,0.21295324,0
5462629,0,0.14884311,0
5463290,1,0.16948593,0
5463297,0,0.3437998,0
5463300,0,0.16601522,0
5463777,0,0.21958658,0
5463778,0,0.34221572,0
5463781,0,0.15390936,0
5463809,0,0.25552166,0
5464283,1,0.20860168,0
5464427,0,0.18158074,0
5464548,0,0.20632045,0
5464969,0,0.28532827,0
5465036,1,0.26812038,0
5465396,0,0.16396634,0
5465596,0,0.6225811,1
5465634,0,0.18627183,0
5465696,0,0.21239568,0
5465702,0,0.34107566,0
5465709,0,0.24568337,0
5465767,0,0.14366734,0
5466008,0,0.10610553,0
5466124,0,0.085268594,0
5466600,0,0.23610854,0
5466616,0,0.1217329,0
5466890,0,0.19427232,0
5467585,0,0.21299866,0
5467593,0,0.16810031,0
5467599,0,0.17955624,0
5467825,0,0.06968373,0
5468652,0,0.4602109,0
5468925,0,0.25768343,0
5468933,0,0.17026746,0
5469214,0,0.12282811,0
5469226,0,0.30303642,0
5469232,0,0.22131227,0
5469596,0,0.19842514,0
5469860,0,0.38453025,0
5470064,0,0.120962694,0
5470070,0,0.30333075,0
5470204,0,0.07491741,0
5470315,0,0.06933417,0
5470320,0,0.095559254,0
5470325,1,0.24100707,0
5470387,0,0.11686161,0
5470493,0,0.16730629,0
5470581,0,0.26221922,0
5470883,0,0.16256367,0
5470884,0,0.16608325,0
5470885,0,0.10571038,0
5470900,0,0.23739223,0
5471069,0,0.30586764,0
5471213,0,0.16966692,0
5471796,0,0.13761032,0
5471802,0,0.12782015,0
5471818,0,0.21705446,0
5472371,0,0.18528436,0
5472468,0,0.16024175,0
5472606,0,0.16785157,0
5472788,0,0.1103052,0
5472836,0,0.20463821,0
5472973,0,0.10366951,0
5473052,0,0.2044838,0
5473885,0,0.0920276,0
5473995,0,0.23996828,0
5474096,1,0.120688505,0
5474235,0,0.16947092,0
5474320,0,0.12789911,0
5474326,0,0.12606157,0
5474385,0,0.25241694,0
5475225,0,0.19325417,0
5475538,0,0.18957952,0
5475795,0,0.1098763,0
5475921,0,0.19017804,0
5476068,0,0.12287426,0
5476153,0,0.21930878,0
5476444,0,0.15370774,0
5476448,0,0.11109531,0
5476658,0,0.10723305,0
5476679,0,0.10005217,0
5476753,0,0.3488021,0
5477175,0,0.21577005,0
5477252,1,0.09070115,0
5477450,0,0.20588857,0
5477651,0,0.14836127,0
5477875,0,0.11363983,0
5477876,0,0.13269992,0
5478492,0,0.252611,0
5478562,0,0.20255242,0
5478767,0,0.14873843,0
5478908,0,0.1236624,0
5479045,0,0.17056577,0
5479225,0,0.10777866,0
5479227,0,0.089090936,0
5479289,0,0.25210294,0
5479292,0,0.23432389,0
5479610,0,0.09339124,0
5479800,0,0.09828475,0
5480111,0,0.18052496,0
5480117,0,0.2231098,0
5480119,0,0.13962586,0
5480125,0,0.17430788,0
5480136,0,0.05232161,0
5480217,0,0.12796584,0
5480254,0,0.09066968,0
5480582,0,0.24291992,0
5480787,0,0.17190543,0
5480970,0,0.17259961,0
5480976,0,0.2000404,0
5481335,0,0.16760707,0
5481365,0,0.15232907,0
5481369,0,0.21888718,0
5481522,0,0.10186011,0
5481730,0,0.12668692,0
5481731,0,0.08494502,0
5481815,0,0.14730293,0
5482006,0,0.063439,0
5482007,0,0.083387,0
5482008,0,0.15074451,0
5482208,0,0.086848624,0
5482210,0,0.30067596,0
5482450,0,0.07465391,0
5482594,0,0.099435285,0
5482658,0,0.1790607,0
5483144,0,0.11513983,0
5483147,0,0.17527395,0
5483151,0,0.16594353,0
5483155,0,0.209168,0
5483288,1,0.093892485,0
5483365,0,0.19580807,0
5483531,0,0.10220307,0
5483591,0,0.060924843,0
5483593,0,0.13492753,0
5483596,0,0.06749622,0
5483950,0,0.12357781,0
5484072,0,0.1402199,0
5484259,0,0.074464,0
5485451,0,0.16264692,0
5485479,1,0.11789531,0
5485755,0,0.20907512,0
5485756,0,0.09095895,0
5485999,0,0.14367922,0
5486007,0,0.07924918,0
5486129,1,0.19138074,0
5486306,0,0.1432817,0
5486516,0,0.12694915,0
5486632,0,0.097901225,0
5465815,1,0.36792466,0
5467141,1,0.81636107,1
5469382,0,0.7685805,1
5490432,0,0.39485338,0
5509336,0,0.7990718,1
5496440,0,0.5156542,1
5485471,1,0.9677076,1
5491156,0,0.2695626,0
5483731,0,0.6839688,1
5473588,0,0.18135509,0
5473650,0,0.2063537,0
5476726,0,0.258175,0
5479810,0,0.14318036,0
5480169,0,0.14112504,0
5480405,1,0.5157101,1
5472983,0,0.80064446,1
5473825,0,0.7468273,1
5465915,0,0.41105846,0
5476579,0,0.37543604,0
5495111,0,0.288088,0
5472948,0,0.28476754,0
5479642,0,0.286611,0
5488034,0,0.21062882,0
5501893,0,0.71613365,1
5470256,0,0.21197918,0
5502885,0,0.45771307,0
5461186,0,0.30595583,0
5501363,0,0.8906426,1
5476698,0,0.8725546,1
5476724,0,0.3608496,0
5483005,0,0.40248552,0
5476877,0,0.25542745,0
5478406,0,0.13989231,0
5478409,0,0.3556398,0
5479366,0,0.26808387,0
5481216,0,0.18195577,0
5482889,0,0.19105512,0
5484237,1,0.1058176,0
5485475,0,0.30477685,0
5485912,0,0.27865422,0
5486010,0,0.15599872,0
5475039,0,0.5371968,1
5468043,0,0.29891118,0
5484228,0,0.21165489,0
5471188,1,0.52249104,1
5497421,0,0.6318453,1
5474586,0,0.7429061,1
5480231,0,0.8451836,1
5469794,1,0.6813468,1
5461931,0,0.21894705,0
5461993,0,0.72651005,1
5493386,0,0.5297451,1
5467580,1,0.9326183,1
5501223,0,0.09277042,0
5496317,0,0.31924805,0
5496333,0,0.50506,1
5494096,0,0.81930435,1
5483714,0,0.68998605,1
5487057,0,0.52352697,1
5480395,1,0.90456486,1
5469685,1,0.7732525,1
5472115,1,0.59852976,1
5482741,1,0.92117953,1
5484132,0,0.4116208,0
5484222,0,0.25643384,0
5485231,0,0.30547872,0
5486050,0,0.9587452,1
5486079,0,0.82014734,1
5486110,1,0.93332326,1
5486114,0,0.48734415,0
5489633,1,0.89225304,1
5489656,1,0.9468037,1
5490990,0,0.96267575,1
5496199,0,0.93228096,1
5496347,1,0.8253394,1
5497051,1,0.9405121,1
5501431,0,0.9397268,1
5501433,1,0.8624394,1
5501434,0,0.91114813,1
5501955,0,0.8940411,1
5501958,0,0.43623486,0
5506775,1,0.40510345,0
5507807,1,0.8790197,1
5468511,0,0.29334396,0
5468519,0,0.1987423,0
5468556,0,0.2531083,0
5477395,1,0.8235893,1
5497012,0,0.79468167,1
5464269,0,0.25437796,0
5473199,0,0.8421271,1
5498817,0,0.57510746,1
5484125,0,0.5329774,1
5484126,1,0.50666755,1
5461722,0,0.46362597,0
5496405,0,0.47444907,0
5499734,0,0.46663243,0
5502513,0,0.3505238,0
5464454,0,0.2702342,0
5475174,0,0.2999167,0
5477402,0,0.55553514,1
5482078,0,0.30624917,0
5482893,0,0.14974421,0
5483527,0,0.42931336,0
5483528,0,0.26583317,0
5502604,0,0.9900058,1
5462620,0,0.7162671,1
5473833,0,0.6250499,1
5473835,0,0.34030473,0
5472805,1,0.9796997,1
5472186,0,0.56909555,1
5472187,0,0.62105423,1
5508738,1,0.82452965,1
5462606,0,0.69380146,1
5486754,0,0.8538748,1
5479996,0,0.38951004,0
5480011,0,0.33644676,0
5480465,0,0.28196082,0
5480471,1,0.2531306,0
5480477,0,0.29938513,0
5480483,0,0.28157976,0
5481178,0,0.2715692,0
5481211,0,0.3143876,0
5481213,0,0.60820544,1
5482743,1,0.56065875,1
5472925,0,0.29974926,0
5472928,0,0.47846308,0
5473337,0,0.1662186,0
5497673,0,0.3406788,0
5487648,0,0.58155143,1
5482956,0,0.24257128,0
5483713,0,0.29420504,0
5478861,0,0.5014001,1
5474265,1,0.28230414,0
5466928,0,0.8786161,1
5491028,0,0.8312044,1
5462919,0,0.6523409,1
5462930,1,0.28415027,0
5463063,1,0.580501,1
5463426,0,0.5895119,1
5463556,0,0.5466778,1
5463649,0,0.39305234,0
5463653,0,0.291572,0
5463658,0,0.31000596,0
5463790,0,0.345158,0
5464270,0,0.53023493,1
5464275,0,0.18473569,0
5464278,0,0.31734368,0
5464398,0,0.393549,0
5464405,0,0.38581178,0
5473541,0,0.4278457,0
5470724,0,0.17209709,0
5463566,0,0.124481186,0
5464910,0,0.23661384,0
5470006,0,0.52612257,1
5464737,0,0.9862177,1
5495316,0,0.66544753,1
5484815,1,0.6770335,1
5497650,0,0.2759962,0
5472957,0,0.36282036,0
5476697,0,0.16723748,0
5467535,0,0.25381926,0
5473972,0,0.44765934,0
5474698,0,0.15087107,0
5483517,1,0.32176334,0
5486107,0,0.35539812,0
5477653,0,0.6181168,1
5464227,1,0.56986547,1
5467502,1,0.46051577,0
5478440,0,0.7891997,1
5505575,0,0.69819343,1
5500893,0,0.7283063,1
5499147,1,0.6337435,1
5466934,0,0.67754537,1
5469669,0,0.2170668,0
5470916,0,0.70443445,1
5472017,0,0.20926465,0
5472022,0,0.20468605,0
5475113,1,0.7073149,1
5481792,0,0.6990842,1
5478177,0,0.9321462,1
5498628,0,0.28589228,0
5504592,0,0.46020806,0
5474374,0,0.7892158,1
5474764,0,0.19524315,0
5488019,0,0.446906,0
5479051,0,0.49214855,0
5499270,0,0.93404245,1
5497253,1,0.97025484,1
5472534,0,0.45322698,0
5500441,0,0.92776036,1
5477268,0,0.6576826,1
5485445,0,0.89522594,1
5467115,0,0.3515384,0
5467117,0,0.3026444,0
5471854,0,0.28670928,0
5471856,0,0.27457386,0
5474521,0,0.379753,0
5463042,0,0.31558356,0
5463048,0,0.11232056,0
5463051,0,0.16270807,0
5508070,0,0.30593014,0
5474582,1,0.55188423,1
5462149,0,0.7030998,1
5503013,0,0.52516437,1
5471482,1,0.88084793,1
5495782,0,0.81833297,1
5476458,0,0.20440538,0
5467836,0,0.8704961,1
5476910,0,0.25958827,0
5502447,0,0.5501898,1
5503764,0,0.14784451,0
5464086,0,0.48561373,0
5464724,0,0.5187388,1
5507978,0,0.45203078,0
5498453,1,0.83465636,1
5464767,0,0.6581535,1
5486046,0,0.48892424,0
5479027,0,0.26054022,0
5479330,0,0.44080374,0
5498711,0,0.29193586,0
5496088,1,0.9374034,1
5508348,0,0.4681027,0
5479183,1,0.9619191,1
5486612,0,0.83998245,1
5508085,1,0.94422454,1
5485982,0,0.3061451,0
5500004,0,0.5085082,1
5474295,0,0.54609793,1
5462330,0,0.35858408,0
5505527,0,0.34706402,0
5490367,0,0.19141223,0
5463310,0,0.39465958,0
5470726,0,0.451582,0
5469779,0,0.8573314,1
5470505,0,0.29295394,0
5475741,0,0.11304163,0
5477967,0,0.118756816,0
5477968,0,0.46555442,0
5477969,0,0.24661572,0
5477970,0,0.21708165,0
5477973,0,0.17220035,0
5477976,0,0.08434655,0
5479794,0,0.36159408,0
5479796,0,0.39369333,0
5479799,0,0.17639196,0
5479863,0,0.33058614,0
5479982,0,0.24531457,0
5480832,0,0.36300555,0
5481351,0,0.34358737,0
5481357,0,0.3552023,0
5481358,0,0.6254238,1
5481359,0,0.29282555,0
5481713,0,0.24472451,0
5481714,0,0.42259794,0
5482207,0,0.5476675,1
5482212,1,0.32438517,0
5482368,1,0.036119122,0
5482491,0,0.2796387,0
5482494,0,0.41074762,0
5482495,0,0.30550992,0
5482926,0,0.27074274,0
5484902,0,0.28867665,0
5484903,0,0.40566614,0
5485483,0,0.31265172,0
5485539,0,0.2185577,0
5485647,0,0.27502272,0
5485659,0,0.23573379,0
5485660,0,0.21215966,0
5485665,0,0.23496549,0
5485683,0,0.31453636,0
5485685,0,0.4862291,0
5486049,0,0.106374815,0
5486051,0,0.17496543,0
5486970,0,0.29267567,0
5487517,1,0.35053834,0
5487721,0,0.44236752,0
5490109,0,0.12221218,0
5492238,0,0.22656466,0
5492836,0,0.1399758,0
5495171,0,0.31889954,0
5495274,0,0.20982791,0
5499974,0,0.32651788,0
5500182,0,0.5926275,1
5500200,1,0.4284307,0
5503830,0,0.17798424,0
5504137,0,0.39117235,0
5487678,0,0.92383605,1
5476671,0,0.18924253,0
5476673,0,0.3496578,0
5476674,0,0.18528202,0
5476811,0,0.13712768,0
5476815,0,0.19693606,0
5476832,0,0.19206256,0
5476834,0,0.3543243,0
5469015,0,0.04710012,0
5471646,0,0.21331726,0
5471912,0,0.62134105,1
5482067,0,0.9167016,1
5495628,0,0.66174567,1
5501379,0,0.5455978,1
5501722,0,0.68900955,1
5477840,0,0.6252809,1
5508476,1,0.81818414,1
5479361,0,0.19440964,0
5471095,0,0.24816546,0
5484910,0,0.92672306,1
5472758,0,0.7783135,1
5472815,0,0.5998815,1
5480146,1,0.902602,1
5479663,1,0.93027544,1
5463805,0,0.5575389,1
5466593,1,0.40383705,0
5471018,0,0.5019437,1
5484888,1,0.32896286,0
5489980,0,0.47449166,0
5479902,0,0.4164885,0
5503523,1,0.6425943,1
5478577,0,0.17703328,0
5481157,0,0.28768474,0
5481158,0,0.22556508,0
5481159,0,0.16330954,0
5487179,0,0.7350433,1
5505008,0,0.34332052,0
5502449,1,0.80818135,1
5463960,0,0.34313193,0
5463961,0,0.45387852,0
5485398,0,0.90055215,1
5474494,1,0.92571396,1
5478022,1,0.6825699,1
5501076,0,0.2751535,0
5493579,0,0.28075412,0
5505705,0,0.6469105,1
5503447,0,0.76056355,1
5480536,0,0.14943941,0
5461766,0,0.19449188,0
5473362,0,0.19548918,0
5473364,0,0.033251777,0
5473366,0,0.15982984,0
5473368,0,0.2637582,0
5473125,0,0.83645874,1
5468838,1,0.24079084,0
5469639,0,0.5910923,1
5471831,0,0.5206053,1
5491805,1,0.85957927,1
5501471,0,0.11269315,0
5470667,0,0.26591152,0
5472964,0,0.6989168,1
5472953,0,0.51967144,1
5484986,0,0.25095022,0
5484989,0,0.6301398,1
5484999,0,0.28847528,0
5485003,0,0.5597825,1
5485380,0,0.43391374,0
5485382,0,0.70101494,1
5485389,0,0.2886155,0
5485588,0,0.18522526,0
5485859,0,0.12122235,0
5485938,0,0.6592891,1
5488367,0,0.21158542,0
5474763,0,0.26823062,0
5503040,1,0.46313143,0
5508546,1,0.41439655,0
5465733,0,0.36540192,0
5463680,0,0.4690053,0
5468798,0,0.3649046,0
5482428,0,0.27440554,0
5465803,0,0.96287066,1
5465513,1,0.6211736,1
5474850,1,0.8126407,1
5463812,0,0.61450714,1
5499259,0,0.5301526,1
5489591,1,0.9038722,1
5465584,0,0.3948627,0
5465585,0,0.55498636,1
5465586,0,0.39009285,0
5465587,0,0.15671606,0
5465589,0,0.09237361,0
5466652,0,0.2445082,0
5466825,0,0.067185305,0
5466828,0,0.070222475,0
5467226,0,0.28689134,0
5467246,0,0.23858756,0
5467248,0,0.38934615,0
5497435,0,0.31759816,0
5480996,0,0.2408721,0
5500043,0,0.659575,1
5478126,1,0.30912387,0
5484714,0,0.40360016,0
5506447,0,0.7479491,1
5507417,0,0.68583465,1
5482285,0,0.9021409,1
5468141,0,0.5329272,1
5485613,0,0.75719297,1
5502101,0,0.88429517,1
5479450,0,0.3387337,0
5479886,0,0.28444436,0
5483491,0,0.17595181,0
5476850,0,0.89709115,1
5463737,0,0.5079773,1
5466597,0,0.23121051,0
5499595,0,0.48595276,0
5505697,0,0.29634896,0
5467070,0,0.70543724,1
5466260,0,0.60654575,1
5467346,0,0.5525838,1
5471885,0,0.46046552,0
5472806,1,0.31450492,0
5509149,1,0.4852957,0
5509253,0,0.14443731,0
5505113,0,0.36818436,0
5505115,1,0.7712948,1
5484440,0,0.40060064,0
5477762,0,0.9373456,1
5478990,0,0.41589442,0
5478801,1,0.73249763,1
5480475,0,0.21920516,0
5480495,0,0.90307444,1
5504765,0,0.1402768,0
5482481,0,0.3662595,0
5469112,1,0.4590816,0
5477695,0,0.16203703,0
5465129,0,0.8021731,1
5475709,0,0.51905316,1
5473538,0,0.39376122,0
5500009,1,0.63844556,1
5479213,0,0.24717723,0
5476853,1,0.8816454,1
5492944,0,0.60948384,1
5466256,0,0.21374312,0
5503095,0,0.6082977,1
5493222,0,0.21741076,0
5466368,1,0.7191662,1
5466370,0,0.6111105,1
5469285,1,0.46253297,0
5502583,1,0.6962158,1
5481548,0,0.047583137,0
5470045,0,0.6229842,1
5470617,0,0.4007575,0
5490006,0,0.85150003,1
5506381,0,0.9511602,1
5468200,0,0.18310018,0
5477280,0,0.19244625,0
5486430,0,0.29284278,0
5487534,1,0.4343268,0
5482417,0,0.20859624,0
5484450,0,0.2912766,0
5492752,0,0.35615528,0
5476326,1,0.83781856,1
5483561,0,0.36955145,0
5507302,1,0.97937906,1
5462886,0,0.657427,1
5508282,1,0.78338814,1
5474253,0,0.8559972,1
5488152,1,0.3733224,0
5499952,0,0.4193618,0
5499956,0,0.5417726,1
5499957,1,0.2862286,0
5499958,1,0.52333134,1
5484862,1,0.91403306,1
5476449,0,0.31754628,0
5500679,1,0.91450113,1
5498721,0,0.49274418,0
5482612,0,0.15941343,0
5500240,0,0.9488709,1
5495789,0,0.55104285,1
5506935,0,0.8497523,1
5496542,0,0.20874992,0
5478017,1,0.83534783,1
5483052,0,0.9300481,1
5493304,0,0.34280384,0
5493306,0,0.17244266,0
5493307,0,0.30672538,0
5493734,0,0.2683022,0
5494358,0,0.7799318,1
5494500,0,0.4946956,0
5494855,0,0.2740922,0
5495746,0,0.5720249,1
5496131,0,0.85131025,1
5468841,1,0.9312981,1
5477222,0,0.35618415,0
5490339,0,0.8426258,1
5462067,0,0.6327474,1
5501143,1,0.45712274,0
5472648,0,0.27017868,0
5469609,1,0.31057927,0
5469663,0,0.18637694,0
5471668,0,0.30454755,0
5495070,0,0.16197763,0
5466666,0,0.46823668,0
5468474,0,0.2663983,0
5468818,0,0.4183371,0
5478922,0,0.14019567,0
5478926,0,0.2698561,0
5479209,0,0.5010549,1
5482483,0,0.20682816,0
5484441,0,0.262659,0
5484517,0,0.36828646,0
5489927,0,0.10195231,0
5494504,0,0.58144206,1
5499106,0,0.4764588,0
5481934,0,0.7197328,1
5481497,0,0.5607506,1
5491369,0,0.8153823,1
5464630,0,0.2667038,0
5476037,0,0.5520911,1
5479308,0,0.17943202,0
5487951,1,0.92480433,1
5487985,0,0.26293185,0
5475193,0,0.81588936,1
5480863,1,0.73915464,1
5473236,0,0.13363484,0
5491195,0,0.34191832,0
5467661,0,0.52134883,1
5475725,1,0.81454784,1
5485679,0,0.2358662,0
5479532,0,0.8457158,1
5501109,1,0.97309935,1
5474044,0,0.37059695,0
5465184,0,0.6083541,1
5465188,1,0.37341094,0
5504308,0,0.66118485,1
5471669,0,0.41442904,0
5467578,0,0.2547862,0
5472202,1,0.5374829,1
5505775,0,0.34969914,0
5505953,0,0.61816436,1
5464201,0,0.69719744,1
5465486,0,0.18326153,0
5477230,0,0.4222062,0
5466723,0,0.4741245,0
5482328,0,0.6727422,1
5465400,0,0.186622,0
5469249,0,0.38733804,0
5475136,0,0.82225686,1
5496157,1,0.6943813,1
5479655,0,0.18098427,0
5498775,0,0.6986011,1
5493376,0,0.83467895,1
5461789,0,0.6784393,1
5478738,1,0.51794523,1
5490745,0,0.549284,1
5473811,1,0.512602,1
5495001,1,0.41603646,0
5496118,0,0.47726685,0
5499588,0,0.67292786,1
5509250,1,0.9010797,1
5509259,1,0.30814394,0
5509260,0,0.49783587,0
5472035,0,0.7524962,1
5472528,0,0.5814123,1
5495546,0,0.780912,1
5463655,0,0.42878512,0
5463661,0,0.09858632,0
5463683,0,0.48733526,0
5463695,0,0.088979594,0
5471307,0,0.7871119,1
5484624,0,0.2022755,0
5478466,0,0.15041259,0
5488298,1,0.9705676,1
5482969,0,0.12928721,0
5491038,0,0.5025219,1
5477566,0,0.09377379,0
5480273,0,0.07128066,0
5486490,0,0.14897005,0
5469971,0,0.18282855,0
5494738,0,0.37350625,0
5481310,0,0.24443106,0
5481669,0,0.23184289,0
5482403,0,0.5179438,1
5490713,0,0.86228013,1
5478785,0,0.6345768,1
5464606,0,0.6213884,1
5465193,0,0.4469095,0
5465605,0,0.18122855,0
5476599,0,0.28190216,0
5485241,0,0.40239972,0
5469399,0,0.36678585,0
5496320,0,0.709963,1
5486014,0,0.69402564,1
5477185,0,0.3039302,0
5495609,0,0.7840548,1
5466429,0,0.9348965,1
5465860,0,0.81946474,1
5470164,0,0.25117743,0
5464999,0,0.73080534,1
5475834,0,0.48417863,0
5501522,0,0.8235766,1
5461253,0,0.29907116,0
5461254,0,0.13752694,0
5462505,0,0.1650175,0
5483342,0,0.20702241,0
5483601,0,0.19646424,0
5484081,0,0.24562636,0
5484183,0,0.23400308,0
5484515,0,0.14327982,0
5484854,0,0.27561587,0
5502973,0,0.46588406,0
5506397,0,0.44793338,0
5473770,0,0.7523235,1
5473773,0,0.5214856,1
5474843,0,0.34904936,0
5475208,0,0.34237766,0
5480402,0,0.3676652,0
5484693,1,0.21032917,0
5487752,0,0.32485536,0
5489685,0,0.3013359,0
5500223,0,0.23277277,0
5464909,0,0.32422188,0
5485778,0,0.464257,0
5462333,0,0.55286396,1
5462364,0,0.24598333,0
5468696,0,0.3002438,0
5470304,0,0.39374885,0
5479463,0,0.23307878,0
5480180,0,0.3316081,0
5485324,0,0.50527245,1
5465388,0,0.18191466,0
5466125,0,0.21182407,0
5466150,0,0.4134832,0
5467793,0,0.54081714,1
5468109,0,0.7783344,1
5468167,0,0.45058995,0
5468224,0,0.24834429,0
5469277,0,0.40247688,0
5469912,0,0.47244665,0
5470014,0,0.22567195,0
5470349,0,0.28000134,0
5470706,0,0.08512082,0
5471041,0,0.39526746,0
5472644,0,0.4143666,0
5472748,0,0.13780802,0
5472781,0,0.2466554,0
5473081,0,0.2078641,0
5473082,0,0.12615563,0
5474218,0,0.2602494,0
5476102,0,0.25738177,0
5476310,0,0.06987284,0
5476761,0,0.11094725,0
5478020,0,0.29085377,0
5478270,1,0.1733518,0
5488036,0,0.3713085,0
5496310,0,0.5330304,1
5463296,1,0.7324989,1
5465578,0,0.39652956,0
5465617,0,0.37803507,0
5461762,0,0.23202182,0
5507184,0,0.83241254,1
5494366,1,0.89575243,1
5483578,0,0.7539847,1
5504516,0,0.8258448,1
5491785,1,0.94950664,1
5467360,0,0.35888752,0
5491276,0,0.35633805,0
5492633,0,0.24505188,0
5495906,0,0.21441849,0
5504294,0,0.17832094,0
5485438,1,0.5164487,1
5505468,0,0.8564256,1
5484566,1,0.31605342,0
5492459,0,0.5805524,1
5504943,0,0.5229567,1
5505384,1,0.40092742,0
5508489,0,0.48169973,0
5508491,0,0.57652223,1
5508492,0,0.57731533,1
5483276,1,0.8783678,1
5472907,0,0.63985187,1
5485916,1,0.6975644,1
5482000,0,0.23371403,0
5493450,0,0.5946868,1
5498704,1,0.8409725,1
5479223,0,0.60751903,1
5485562,1,0.96987253,1
5507053,0,0.66735756,1
5471491,1,0.9280553,1
5502615,0,0.27380842,0
5468163,0,0.78470033,1
5468165,0,0.19004048,0
5490505,0,0.49589738,0
5498667,0,0.15853886,0
5498695,0,0.33037058,0
5464155,0,0.781739,1
5462649,0,0.9458663,1
5489549,0,0.8620906,1
5484271,0,0.1532813,0
5468886,0,0.6479833,1
5471529,1,0.91240144,1
5472457,0,0.3740628,0
5472458,0,0.28924426,0
5475654,1,0.5834684,1
5472756,0,0.29896432,0
5472762,0,0.37063918,0
5472765,0,0.41608548,0
5472768,0,0.51691926,1
5464181,1,0.8178426,1
5474720,0,0.9353518,1
5475684,0,0.4112632,0
5485161,0,0.5863423,1
5484087,0,0.7637473,1
5477562,0,0.8109067,1
5477190,0,0.26155737,0
5477585,1,0.27547207,0
5507401,0,0.52186924,1
5475436,1,0.34212738,0
5475440,0,0.39592862,0
5495041,1,0.8802888,1
5504428,1,0.49980065,0
5506129,1,0.934019,1
5490586,0,0.62352145,1
5490606,0,0.32278523,0
5477045,0,0.42624477,0
5477058,0,0.14416489,0
5477059,0,0.34170663,0
5477472,0,0.15823945,0
5469181,0,0.26237273,0
5465119,0,0.31726116,0
5466621,0,0.63379925,1
5493120,0,0.8794523,1
5473606,0,0.6181699,1
5503517,0,0.4810561,0
5478095,0,0.19148673,0
5479616,0,0.31968588,0
5461590,0,0.664572,1
5493157,0,0.8800348,1
5505422,0,0.41303334,0
5483802,0,0.4235841,0
5502027,0,0.749511,1
5479369,0,0.18450336,0
5473721,0,0.6590742,1
5473733,0,0.3363386,0
5475365,0,0.6486676,1
5475366,1,0.87686247,1
5475419,1,0.48091054,0
5475421,0,0.3628547,0
5497430,1,0.6171279,1
5501982,1,0.8435034,1
5506910,0,0.5323354,1
5464906,0,0.53687525,1
5465410,0,0.43990093,0
5465417,0,0.27954668,0
5466152,0,0.40664586,0
5471014,0,0.37449846,0
5471090,0,0.36356804,0
5472462,0,0.20987199,0
5472558,0,0.37854028,0
5473039,0,0.47476777,0
5473042,0,0.37222818,0
5473990,0,0.3441266,0
5474047,0,0.49192125,0
5475690,0,0.7628992,1
5477087,0,0.88468707,1
5477924,0,0.6118744,1
5478543,0,0.50824726,1
5471304,1,0.5305154,1
5464996,0,0.46428806,0
5465522,0,0.44544396,0
5465706,0,0.51818323,1
5471350,0,0.5150556,1
5473713,1,0.41808757,0
5501301,0,0.7780561,1
5501648,0,0.26319677,0
5508686,0,0.6418603,1
5467743,0,0.27283847,0
5490100,0,0.41935068,0
5477710,1,0.3689704,0
5461651,0,0.93798035,1
5465158,0,0.094657764,0
5465951,0,0.07232827,0
5473780,0,0.07831137,0
5474380,0,0.20331793,0
5474405,0,0.0718947,0
5474408,0,0.15727286,0
5477790,0,0.04992489,0
5483882,0,0.085298486,0
5485177,0,0.045765806,0
5485178,0,0.022448696,0
5485185,0,0.028408466,0
5485188,0,0.05887533,0
5488158,0,0.042263556,0
5494550,0,0.048166744,0
5494555,0,0.035514742,0
5504571,0,0.04663949,0
5508514,0,0.58315146,1
5494556,1,0.4893484,0
5463837,0,0.41387904,0
5476317,0,0.21216464,0
5463506,0,0.51430374,1
5479220,0,0.50378174,1
5479221,0,0.2904157,0
5502114,1,0.5231392,1
5471378,0,0.13688834,0
5471381,0,0.37197846,0
5471478,0,0.2850808,0
5464380,0,0.27859342,0
5504331,0,0.48403147,0
5479550,0,0.2455574,0
5479557,0,0.20305067,0
5479641,1,0.74107665,1
5501602,0,0.6903014,1
5463273,0,0.28569457,0
5463277,0,0.19040255,0
5463281,0,0.21056035,0
5470565,0,0.20288712,0
5464629,0,0.18208368,0
5464636,0,0.53117716,1
5464638,0,0.3434098,0
5470036,1,0.8745547,1
5495847,0,0.52440697,1
5468983,1,0.25047317,0
5469057,0,0.3797903,0
5469064,0,0.4593217,0
5472615,0,0.27620366,0
5474006,0,0.5078645,1
5474007,0,0.36460745,0
5474233,0,0.18219279,0
5474714,0,0.28498754,0
5464560,0,0.84808654,1
5502005,0,0.3464218,0
5502013,0,0.30867586,0
5477548,1,0.39687896,0
5481449,1,0.41135082,0
5481452,0,0.43581426,0
5485364,0,0.40254587,0
5485373,0,0.375173,0
5463882,1,0.6212748,1
5472979,0,0.2594517,0
5472984,0,0.69545597,1
5479150,0,0.4522825,0
5480006,0,0.5031121,1
5482356,0,0.24035966,0
5490014,0,0.27714977,0
5490051,0,0.27267948,0
5490976,0,0.27444956,0
5490981,0,0.46182445,0
5494557,0,0.7490212,1
5479953,0,0.52496177,1
5485536,1,0.1781725,0
5485537,0,0.36022478,0
5490926,0,0.4562443,0
5493629,0,0.5341091,1
5503385,0,0.7858849,1
5509521,0,0.23506024,0
5471395,0,0.5406003,1
5473211,0,0.87401646,1
5478683,0,0.28686896,0
5479679,0,0.80207866,1
5496654,1,0.46453723,0
5462152,0,0.5489611,1
5482784,0,0.3623951,0
5483176,0,0.86890006,1
5468122,0,0.12815456,0
5470448,0,0.13277282,0
5471518,0,0.58306134,1
5477337,0,0.20947589,0
5477341,0,0.45854843,0
5477609,0,0.5154035,1
5477619,0,0.1392981,0
5479050,0,0.09675614,0
5495146,0,0.4507083,0
5487668,0,0.3049825,0
5463966,0,0.20481752,0
5463968,0,0.30441624,0
5464365,0,0.32014486,0
5470853,0,0.22486657,0
5470863,0,0.42020375,0
5481368,0,0.28279147,0
5481380,0,0.37879905,0
5468425,0,0.16046932,0
5468709,0,0.31820703,0
5469095,1,0.2379532,0
5469123,0,0.20432915,0
5485669,1,0.33010834,0
5466883,0,0.29139456,0
5466889,0,0.3065141,0
5468257,0,0.16899738,0
5469615,0,0.2021681,0
5469707,0,0.31723356,0
5471385,1,0.19732851,0
5471386,0,0.07054828,0
5487154,0,0.5376086,1
5488277,0,0.40381938,0
5488281,0,0.28679883,0
5467302,0,0.49269226,0
5467303,0,0.6259618,1
5464354,0,0.85652083,1
5470963,0,0.25439498,0
5474136,0,0.8801781,1
5485663,0,0.6632377,1
5486964,0,0.09802925,0
5486965,0,0.18801872,0
5497429,0,0.8731106,1
5505928,0,0.94526917,1
5462275,0,0.29005882,0
5496391,1,0.79165816,1
5491808,0,0.911208,1
5480086,0,0.53369313,1
5480597,0,0.59416974,1
5472617,0,0.81452596,1
5486356,0,0.3419544,0
5507363,1,0.91511506,1
5469063,1,0.96384853,1
5479958,0,0.36505604,0
5499587,0,0.6708539,1
5506971,0,0.6612862,1
5476941,1,0.8939897,1
5494648,0,0.883692,1
5472422,1,0.64889497,1
5486210,0,0.35776618,0
5467137,0,0.39571577,0
5487551,0,0.8931156,1
5479568,0,0.63624305,1
5503076,0,0.9239488,1
5472751,0,0.7011358,1
5491389,0,0.9661373,1
5470492,0,0.32551792,0
5464378,0,0.31805277,0
5506847,0,0.2413071,0
5476108,0,0.13841836,0
5476994,0,0.34169874,0
5477753,0,0.17811488,0
5477972,0,0.09788872,0
5480626,0,0.1768156,0
5499460,0,0.73836297,1
5464037,0,0.16845283,0
5464107,0,0.7229112,1
5476776,0,0.7824869,1
5473681,1,0.7642656,1
5500225,0,0.32876056,0
5468194,0,0.3194803,0
5468423,0,0.10220044,0
5468744,0,0.38505402,0
5468812,0,0.5769011,1
5468813,0,0.41055545,0
5469872,0,0.25180492,0
5470300,0,0.19527519,0
5470351,0,0.53269136,1
5470735,0,0.21539953,0
5471031,0,0.558654,1
5471033,0,0.52045554,1
5472569,0,0.36363164,0
5472611,0,0.40185094,0
5473058,0,0.33913082,0
5473740,1,0.3582064,0
5476364,0,0.22248381,0
5477362,0,0.15744315,0
5478650,0,0.19640718,0
5478662,0,0.31461513,0
5478667,0,0.18841262,0
5478669,0,0.21648629,0
5481687,0,0.25198987,0
5481772,0,0.17175731,0
5482027,0,0.09855691,0
5482029,0,0.291996,0
5482034,0,0.11338288,0
5482043,0,0.34389904,0
5485021,0,0.56904125,1
5485030,0,0.32940337,0
5485350,1,0.8429068,1
5486615,0,0.3692095,0
5486913,0,0.41720843,0
5486915,0,0.41342294,0
5487319,0,0.37937465,0
5487320,0,0.2969205,0
5487324,0,0.6540607,1
5487471,0,0.43812186,0
5487704,0,0.6832609,1
5487903,0,0.54009306,1
5487911,0,0.92334867,1
5493082,1,0.826662,1
5493085,0,0.09580266,0
5493555,0,0.8365666,1
5495372,0,0.14233483,0
5495373,0,0.29573673,0
5495381,0,0.33184832,0
5495382,0,0.71273506,1
5495931,0,0.260817,0
5495934,0,0.2869931,0
5495936,0,0.20379642,0
5496500,0,0.18147312,0
5498142,0,0.060643796,0
5498143,0,0.44048387,0
5499337,1,0.38462004,0
5499342,0,0.31661835,0
5499390,0,0.8905799,1
5507699,0,0.3293988,0
5483103,0,0.7694814,1
5476291,0,0.32609543,0
5465369,0,0.087089434,0
5491498,0,0.26894897,0
5474027,0,0.13831359,0
5502308,0,0.21544684,0
5506618,1,0.74253434,1
5501774,1,0.70145243,1
5472914,0,0.5757688,1
5503671,0,0.7569925,1
5476995,0,0.37459987,0
5482488,1,0.9014475,1
5465464,0,0.23859362,0
5468018,0,0.294512,0
5468727,0,0.111345455,0
5471043,0,0.4942327,0
5477350,0,0.5092367,1
5486527,1,0.42844924,0
5486531,1,0.20921446,0
5498183,0,0.3440218,0
5498195,0,0.24430631,0
5498993,0,0.24739797,0
5499426,0,0.06908184,0
5492048,1,0.6913378,1
5483403,0,0.5602388,1
5499589,1,0.6341498,1
5464551,1,0.88282794,1
5470716,0,0.40260783,0
5485427,0,0.3124216,0
5479551,0,0.53383195,1
5464826,0,0.85203755,1
5493983,0,0.816012,1
5464529,0,0.14912507,0
5464531,0,0.18878253,0
5500381,0,0.9303001,1
5500493,0,0.4047991,0
5481888,0,0.4468895,0
5468053,0,0.1889014,0
5468916,0,0.12176705,0
5486347,0,0.26055095,0
5505709,0,0.49020737,0
5486589,0,0.72117954,1
5472525,0,0.2382837,0
5463643,0,0.16177443,0
5464639,0,0.2656403,0
5465001,0,0.21486698,0
5465005,0,0.3016254,0
5470057,0,0.14188063,0
5464760,0,0.13069823,0
5464765,0,0.17730725,0
5468643,0,0.24017633,0
5468649,0,0.2700679,0
5475573,0,0.22887206,0
5477922,0,0.3093021,0
5478429,0,0.18907528,0
5478441,0,0.33737558,0
5483143,0,0.2044042,0
5484006,0,0.16020976,0
5505711,0,0.15986237,0
5463574,0,0.5649501,1
5498963,0,0.496565,0
5472777,0,0.6838105,1
5504375,0,0.7469681,1
5509244,1,0.43081495,0
5492911,0,0.46844977,0
5496272,0,0.22903359,0
5484290,0,0.7276294,1
5492465,1,0.7166564,1
5506884,0,0.8864168,1
5508530,0,0.5431862,1
5499186,0,0.73352623,1
5500434,1,0.45501137,0
5473748,0,0.26543522,0
5481128,0,0.21384571,0
5481129,0,0.14136896,0
5462817,0,0.50596255,1
5463126,1,0.31666562,0
5468674,0,0.27767488,0
5488246,0,0.16114141,0
5482057,0,0.22879294,0
5503994,1,0.96253324,1
5469163,0,0.14523925,0
5507898,0,0.26228344,0
5499752,1,0.8574199,1
5496594,1,0.92655843,1
5479155,0,0.76755285,1
5504094,0,0.81717205,1
5506102,0,0.4857204,0
5465203,0,0.9174917,1
5480092,0,0.3572182,0
5465117,0,0.6411748,1
5466978,0,0.3508374,0
5468460,0,0.2948633,0
5477553,0,0.495304,0
5477670,0,0.52984315,1
5469390,1,0.66022116,1
5477403,0,0.1476044,0
5483702,0,0.79241365,1
5472899,0,0.7887657,1
5478073,1,0.85193,1
5471015,0,0.2695362,0
5471017,0,0.5658343,1
5465999,0,0.2690825,0
5472453,0,0.24568754,0
5503568,0,0.84346306,1
5464089,0,0.46430358,0
5471183,0,0.32726642,0
5471186,0,0.20078689,0
5471190,0,0.405246,0
5471749,0,0.20795283,0
5472326,0,0.18086524,0
5472362,0,0.19536656,0
5492352,0,0.9320239,1
5486766,0,0.20070711,0
5497110,0,0.2936223,0
5498306,0,0.10220248,0
5501463,0,0.30148834,0
5466000,0,0.57547665,1
5467094,0,0.75265366,1
5470480,1,0.654994,1
5474342,0,0.5918248,1
5474344,0,0.7407918,1
5474870,0,0.23239438,0
5475024,0,0.13194971,0
5475279,0,0.43176284,0
5475646,0,0.2516631,0
5475653,0,0.2073379,0
5471615,0,0.7526038,1
5487354,0,0.6453147,1
5467901,1,0.27103993,0
5504675,0,0.6038589,1
5462411,0,0.25570136,0
5462984,0,0.44742897,0
5476247,0,0.21871904,0
5508793,1,0.47380546,0
5480671,0,0.40150294,0
5468406,1,0.5313425,1
5490930,0,0.27932987,0
5485673,1,0.7526429,1
5476972,0,0.097972155,0
5486702,0,0.5283392,1
5479912,1,0.7816889,1
5483956,0,0.79202384,1
5494692,1,0.589232,1
5474862,0,0.7151793,1
5480031,1,0.8631396,1
5485166,1,0.7473154,1
5500618,1,0.7668794,1
5478596,0,0.20816179,0
5478597,0,0.1966713,0
5503489,0,0.63640594,1
5463621,0,0.7576725,1
5464845,1,0.55700773,1
5470000,0,0.625894,1
5484033,0,0.22406064,0
5489935,0,0.5698149,1
5470035,1,0.8221172,1
5485498,1,0.87916535,1
5508685,0,0.8467013,1
5476466,0,0.18964809,0
5476475,0,0.3838369,0
5468581,1,0.88952637,1
5483910,0,0.2986608,0
5499732,0,0.17093493,0
5470052,1,0.57439756,1
5474723,0,0.33444244,0
5479202,0,0.8580032,1
5471327,0,0.7178324,1
5476647,0,0.3532828,0
5468290,0,0.32972795,0
5482224,0,0.4163714,0
5462252,1,0.8759078,1
5478407,0,0.9242511,1
5479554,1,0.6356336,1
5486329,0,0.18458377,0
5486332,0,0.34658736,0
5478797,0,0.33274418,0
5505800,0,0.5882312,1
5482561,0,0.5809646,1
5492178,1,0.8522308,1
5474010,0,0.38846385,0
5481364,0,0.3030008,0
5476111,0,0.29860467,0
5477689,0,0.8113655,1
5474348,0,0.40339077,0
5476199,0,0.5808497,1
5492228,0,0.52363306,1
5495699,0,0.8002536,1
5486305,0,0.5615028,1
5494323,0,0.9103402,1
5494326,0,0.7511849,1
5494328,0,0.9409854,1
5494330,1,0.7888642,1
5494335,0,0.6404637,1
5494339,0,0.7684646,1
5494859,0,0.72696495,1
5483008,0,0.5032644,1
5483483,0,0.3861401,0
5465796,0,0.37245876,0
5493239,0,0.8534773,1
5490018,0,0.41153574,0
5499319,1,0.961946,1
5478689,0,0.39300504,0
5474705,0,0.9874978,1
5466505,0,0.8568928,1
5486901,0,0.46416968,0
5492948,0,0.506311,1
5464721,0,0.05632285,0
5465562,0,0.2627722,0
5465667,0,0.11143884,0
5466837,0,0.06273189,0
5466840,0,0.04849531,0
5475367,0,0.15950574,0
5476092,0,0.07270477,0
5505462,0,0.84410787,1
5495510,0,0.17003879,0
5479896,0,0.49941155,0
5465106,1,0.65233284,1
5467810,0,0.61432385,1
5476967,0,0.8816382,1
5480335,1,0.94814825,1
5468296,0,0.5783907,1
5475364,0,0.44329968,0
5470857,0,0.49473312,0
5472421,0,0.337618,0
5477666,0,0.14592077,0
5473701,0,0.6948139,1
5496980,1,0.7501459,1
5474865,0,0.22610886,0
5476357,0,0.21164078,0
5476359,0,0.41959286,0
5476362,0,0.3395759,0
5478539,0,0.55789804,1
5479983,1,0.75620186,1
5483049,0,0.74133474,1
5465832,0,0.3466699,0
5489625,0,0.28752574,0
5474757,0,0.44653204,0
5478277,0,0.65325737,1
5478283,0,0.34567145,0
5478356,0,0.24322064,0
5480574,0,0.37092233,0
5480689,0,0.62456936,1
5480866,0,0.32770124,0
5466823,0,0.79740566,1
5465169,0,0.87250465,1
5489896,1,0.8576376,1
5481896,0,0.8382698,1
5476072,0,0.77540416,1
5475127,0,0.75142115,1
5494060,0,0.5969691,1
5468091,1,0.2269525,0
5484181,0,0.7070722,1
5477454,0,0.94508165,1
5490621,0,0.82349163,1
5496475,0,0.46171966,0
5508471,0,0.25166464,0
5485534,0,0.12179925,0
5480578,0,0.56677586,1
5465206,0,0.7395786,1
5495868,1,0.94349307,1
5461866,0,0.26850015,0
5482265,0,0.68893105,1
5482503,0,0.22808236,0
5482576,0,0.27776942,0
5482577,0,0.17182088,0
5482580,0,0.38915318,0
5483192,0,0.54292464,1
5468207,0,0.3662151,0
5481195,0,0.42042935,0
5471456,0,0.6051426,1
5497972,0,0.3768082,0
5485644,1,0.44812933,0
5480435,0,0.23421016,0
5470972,0,0.32804164,0
5463965,1,0.14169529,0
5494282,0,0.24974956,0
5485036,0,0.26327348,0
5471520,1,0.800114,1
5463886,0,0.67500967,1
5470195,0,0.67340297,1
5500593,0,0.19658825,0
5479681,0,0.3217556,0
5461219,0,0.6087615,1
5464781,1,0.3010532,0
5469312,0,0.56465054,1
5469475,0,0.78022647,1
5471730,0,0.15879057,0
5482352,0,0.15245277,0
5501529,0,0.29839665,0
5502914,0,0.5356328,1
5468726,0,0.48436987,0
5462005,0,0.08708447,0
5462537,0,0.049838293,0
5463109,0,0.12890078,0
5463111,0,0.052224174,0
5463116,0,0.061952285,0
5463205,0,0.07942352,0
5465715,0,0.039038606,0
5468692,0,0.08809546,0
5471373,0,0.10504191,0
5473472,0,0.15824856,0
5473475,1,0.09924824,0
5473487,0,0.085159674,0
5473493,0,0.04636498,0
5479275,0,0.4652451,0
5491172,1,0.96871424,1
5506363,0,0.78576577,1
5506373,0,0.7904453,1
5480706,0,0.33954245,0
5481536,0,0.39633986,0
5462812,0,0.1968697,0
5478551,0,0.18358149,0
5504008,1,0.61894214,1
5496864,0,0.77490306,1
5471076,0,0.7174134,1
5471112,0,0.56187755,1
5472812,0,0.5612081,1
5498791,0,0.8060015,1
5473215,0,0.28247774,0
5509230,0,0.8856568,1
5478094,0,0.9323837,1
5476617,0,0.7531384,1
5492636,1,0.83639914,1
5503941,0,0.57103163,1
5470319,1,0.7980975,1
5504342,0,0.8304803,1
5473106,0,0.50252694,1
5479319,0,0.69071436,1
5469618,0,0.6377041,1
5461552,0,0.37542757,0
5467906,0,0.24227867,0
5473133,0,0.23825094,0
5473285,0,0.15902768,0
5474139,0,0.34106916,0
5474161,0,0.11679104,0
5474274,0,0.1778362,0
5474279,0,0.17169948,0
5506311,0,0.43533728,0
5490213,0,0.8520075,1
5475689,0,0.26835147,0
5499154,0,0.3766615,0
5499165,0,0.24849863,0
5500900,0,0.25461403,0
5501356,0,0.12724759,0
5501357,0,0.091634504,0
5504047,0,0.16041186,0
5504049,0,0.06526322,0
5504050,0,0.33305892,0
5504051,0,0.101809,0
5505089,0,0.19194165,0
5505090,0,0.3086156,0
5505093,0,0.18396367,0
5506642,1,0.47060847,0
5506644,0,0.07279192,0
5507466,0,0.30072138,0
5502828,0,0.5077991,1
5501844,1,0.95273805,1
5475830,0,0.42735502,0
5475833,1,0.52995294,1
5475835,1,0.61405975,1
5475837,1,0.7537235,1
5484448,0,0.76582515,1
5484449,0,0.5500481,1
5487915,0,0.7273838,1
5474579,0,0.84400207,1
5479762,0,0.78600353,1
5479764,0,0.2018275,0
5503614,0,0.68256205,1
5488353,0,0.22121231,0
5488360,0,0.49768654,0
5488361,0,0.9592965,1
5498771,1,0.7967851,1
5473861,0,0.13948804,0
5473863,1,0.123297185,0
5480401,0,0.8508666,1
5505613,0,0.7975804,1
5495211,1,0.66575664,1
5507445,0,0.5719379,1
5472271,0,0.34063166,0
5463346,0,0.6102949,1
5466750,0,0.043741018,0
5491337,0,0.37830937,0
5473198,0,0.26967254,0
5485112,1,0.44389796,0
5482320,0,0.081564985,0
5482853,0,0.16111314,0
5482976,0,0.07631637,0
5482979,0,0.15939435,0
5483001,0,0.3224769,0
5483590,0,0.23932737,0
5484012,0,0.13297239,0
5484013,0,0.18882307,0
5474559,1,0.76213807,1
5475381,0,0.18983376,0
5475697,1,0.7799326,1
5479934,0,0.50647295,1
5481162,0,0.32781565,0
5483194,0,0.69903404,1
5495130,0,0.4425777,0
5497724,0,0.4861017,0
5500975,0,0.47359478,0
5480128,0,0.8392109,1
5480310,0,0.5702843,1
5494406,1,0.89109236,1
5507141,1,0.7683183,1
5476215,1,0.48843527,0
5491466,0,0.7513052,1
5465862,0,0.26974365,0
5469763,0,0.17247246,0
5480489,0,0.2232799,0
5480490,0,0.55345863,1
5480871,0,0.36166966,0
5463856,0,0.49554327,0
5465062,0,0.17577247,0
5465065,0,0.1410868,0
5465066,0,0.16988108,0
5465746,0,0.14969726,0
5468717,0,0.07984875,0
5481057,0,0.099307984,0
5481059,0,0.11765703,0
5496256,0,0.1460579,0
5497339,0,0.098398276,0
5461711,0,0.28991932,0
5468254,0,0.74220663,1
5501970,1,0.9489051,1
5500578,0,0.25274557,0
5500594,0,0.33016276,0
5500619,0,0.40074533,0
5500743,1,0.4247653,0
5500745,0,0.49036402,0
5500750,0,0.7356235,1
5473202,0,0.5496476,1
5500283,0,0.68662274,1
5465079,0,0.6264556,1
5465080,0,0.7556516,1
5465081,0,0.77244246,1
5494506,0,0.7429978,1
5470822,0,0.31658235,0
5470845,0,0.26052508,0
5471933,0,0.3612922,0
5471936,0,0.26177943,0
5472360,0,0.14162493,0
5472965,0,0.33689547,0
5472972,0,0.41549894,0
5492288,1,0.81623596,1
5468349,0,0.29255587,0
5464565,0,0.3907017,0
5494118,1,0.80032593,1
5474031,0,0.77049124,1
5485376,0,0.15231276,0
5490334,0,0.88806117,1
5493218,0,0.60153824,1
5477736,0,0.33422366,0
5485232,0,0.19554347,0
5480757,0,0.65482163,1
5496401,1,0.9275169,1
5502903,0,0.9324558,1
5471697,0,0.50672305,1
5473591,0,0.7713565,1
5467121,0,0.32675982,0
5467353,0,0.43966556,0
5464805,0,0.58631253,1
5481676,1,0.42329195,0
5481677,0,0.70526546,1
5482544,0,0.512795,1
5467993,0,0.13280001,0
5467903,1,0.35148525,0
5470937,0,0.442578,0
5472409,0,0.32996362,0
5472444,1,0.30256137,0
5478107,0,0.19988456,0
5478110,0,0.6479551,1
5478118,0,0.8466875,1
5478125,0,0.5067847,1
5478128,0,0.33481556,0
5477284,0,0.5270233,1
5479242,0,0.6153301,1
5492680,1,0.6697237,1
5493331,0,0.67501104,1
5504282,0,0.59294987,1
5480418,0,0.5079008,1
5468651,1,0.82327104,1
5502932,0,0.84156865,1
5462625,0,0.76223725,1
5464553,0,0.25570998,0
5464559,0,0.2591571,0
5487501,0,0.35191596,0
5465118,0,0.5353659,1
5494111,0,0.39466056,0
5466826,0,0.48739886,0
5474512,0,0.7126405,1
5507617,0,0.65164024,1
5507620,0,0.37794107,0
5480707,0,0.37231162,0
5465257,0,0.3555758,0
5476097,0,0.8136992,1
5476098,0,0.7177961,1
5467965,0,0.49610618,0
5466580,0,0.27844375,0
5473594,0,0.18592787,0
5498100,0,0.16065757,0
5462427,0,0.20344763,0
5462432,0,0.1561908,0
5462566,0,0.3096617,0
5462981,0,0.091389626,0
5463026,0,0.14545569,0
5463088,0,0.15226367,0
5463091,0,0.064665064,0
5463094,0,0.09432773,0
5488320,0,0.5272874,1
5470180,0,0.3181818,0
5490979,0,0.49209213,0
5466962,0,0.7442341,1
5482685,0,0.6312905,1
5492462,0,0.65196633,1
5492724,0,0.6882339,1
5496069,1,0.861549,1
5496796,0,0.6042257,1
5505920,0,0.7501248,1
5508717,1,0.5674698,1
5504193,0,0.72398275,1
5473574,0,0.88174397,1
5484661,0,0.29413015,0
5484663,0,0.49823397,0
5486874,0,0.505363,1
5471672,0,0.9395175,1
5464556,1,0.98266405,1
5471623,0,0.7328189,1
5475162,0,0.2997951,0
5475437,0,0.67979157,1
5495309,0,0.6546605,1
5475387,0,0.7418493,1
5475394,0,0.48455152,0
5475400,0,0.37250975,0
5470324,0,0.80009675,1
5477198,0,0.45041335,0
5508442,0,0.48698214,0
5487713,0,0.91653705,1
5465553,1,0.15757419,0
5497097,0,0.35679036,0
5478592,0,0.5246794,1
5500629,1,0.9157993,1
5467807,0,0.8281006,1
5484150,1,0.82297707,1
5468280,0,0.7801919,1
5467805,0,0.12892422,0
5475902,0,0.26952994,0
5483691,0,0.3035366,0
5485466,0,0.32346272,0
5463716,0,0.11220118,0
5465945,0,0.64866835,1
5464408,0,0.39914322,0
5461298,0,0.18666081,0
5461636,0,0.4698428,0
5461637,0,0.27860004,0
5461681,0,0.48084965,0
5461688,0,0.3123667,0
5463152,0,0.4734265,0
5473824,0,0.74328727,1
5482064,0,0.95122135,1
5507780,0,0.5249206,1
5473750,0,0.77466106,1
5464026,0,0.95188624,1
5482986,0,0.25902602,0
5472012,0,0.62834615,1
5466974,0,0.28651896,0
5492075,0,0.87335855,1
5499379,0,0.63191736,1
5500310,0,0.92949927,1
5485555,0,0.75703263,1
5464262,0,0.33219352,0
5464266,0,0.3990192,0
5506468,0,0.2784757,0
5500509,1,0.39348885,0
5469185,0,0.74984026,1
5501412,0,0.7553772,1
5462048,0,0.5933832,1
5462138,0,0.90309876,1
5462362,0,0.5246162,1
5462744,0,0.4479667,0
5462746,0,0.32224816,0
5462785,0,0.41359368,0
5471364,0,0.54767436,1
5476276,0,0.4729137,0
5477113,0,0.6971997,1
5464739,0,0.2561918,0
5478298,0,0.42756766,0
5485255,0,0.31228173,0
5499560,0,0.16912067,0
5471405,1,0.9207278,1
5485800,0,0.40295923,0
5474474,1,0.9256524,1
5480299,0,0.9099733,1
5462031,0,0.36793983,0
5462034,0,0.21284539,0
5462035,0,0.29690346,0
5463032,0,0.33133063,0
5463039,0,0.4293787,0
5463045,0,0.29335845,0
5468806,0,0.42258263,0
5466351,0,0.4657376,0
5471338,0,0.17248155,0
5474355,0,0.15914352,0
5478395,0,0.6524448,1
5486373,1,0.8221543,1
5464810,0,0.3975461,0
5473394,0,0.42101696,0
5473909,0,0.4121991,0
5473725,0,0.3806538,0
5504204,0,0.68680036,1
5478518,0,0.28041503,0
5493785,0,0.6979614,1
5473101,0,0.30436048,0
5475446,0,0.13845263,0
5479229,0,0.42535803,0
5479665,0,0.36391592,0
5501510,0,0.5319937,1
5499653,0,0.26625437,0
5463130,1,0.8008296,1
5485264,1,0.18925668,0
5505407,0,0.5040768,1
5504224,0,0.40717426,0
5476970,1,0.80023146,1
5469101,0,0.719851,1
5504424,0,0.8362926,1
5466445,0,0.6874957,1
5462543,0,0.6491304,1
5500018,0,0.5364377,1
5485417,1,0.3532603,0
5465569,0,0.3985289,0
5465950,0,0.24992517,0
5465961,0,0.56084096,1
5468880,0,0.49136472,0
5468995,0,0.18917781,0
5500113,0,0.17896028,0
5507779,0,0.3182024,0
5499997,0,0.57328767,1
5491425,0,0.8966427,1
5485624,1,0.7300533,1
5482143,0,0.79447174,1
5471369,0,0.20648296,0
5471374,0,0.32556427,0
5471418,1,0.7221652,1
5482023,1,0.13082953,0
5482025,0,0.33766752,0
5482371,0,0.43083024,0
5495805,0,0.7287949,1
5463096,1,0.86716443,1
5479987,0,0.28626826,0
5480070,1,0.5263937,1
5501842,0,0.8174626,1
5480202,0,0.3202739,0
5502205,0,0.3839039,0
5477686,0,0.52521485,1
5491250,0,0.6962552,1
5491817,0,0.46531367,0
5477914,0,0.70989394,1
5464973,0,0.5401037,1
5466508,0,0.6169681,1
5468496,0,0.11384703,0
5468497,0,0.17722352,0
5462675,0,0.8584809,1
5463140,1,0.49042353,0
5490383,1,0.9510644,1
5478570,0,0.6313913,1
5507922,0,0.49166054,0
5490169,1,0.74239093,1
5503239,1,0.84181744,1
5496643,0,0.93614227,1
5487797,0,0.43914235,0
5463432,0,0.23886429,0
5463725,0,0.3114774,0
5464832,0,0.34390163,0
5465318,0,0.48022068,0
5467591,0,0.23067807,0
5468013,0,0.3870191,0
5468183,0,0.1907292,0
5468331,0,0.406529,0
5469861,0,0.34633797,0
5470310,0,0.3555357,0
5471716,0,0.28591627,0
5471892,0,0.5583672,1
5472304,0,0.37044707,0
5475457,0,0.2689033,0
5475513,0,0.46074605,0
5479211,0,0.3553901,0
5479247,0,0.23819645,0
5480172,0,0.17934325,0
5480222,0,0.18667752,0
5484400,1,0.3472431,0
5484402,0,0.27266145,0
5484435,0,0.30354875,0
5485296,1,0.26453468,0
5485635,0,0.23748924,0
5478053,0,0.4999925,0
5503838,0,0.79625225,1
5482313,0,0.6819891,1
5461851,0,0.564922,1
5476249,0,0.18788096,0
5461811,0,0.41811758,0
5462477,0,0.29580018,0
5502623,0,0.59461015,1
5477128,0,0.17460938,0
5506717,0,0.38896835,0
5464547,1,0.9248984,1
5492833,0,0.4650059,0
5469453,1,0.4210391,0
5480230,0,0.8705767,1
5480308,0,0.44929698,0
5480852,0,0.31920522,0
5476439,0,0.37846234,0
5488023,0,0.6194243,1
5492952,1,0.6067121,1
5493371,0,0.7563009,1
5464281,0,0.20402575,0
5499987,0,0.66983193,1
5484367,0,0.36423433,0
5485428,0,0.35174873,0
5495561,0,0.41425413,0
5503144,0,0.2799552,0
5491473,0,0.43975776,0
5481589,0,0.9316293,1
5468611,1,0.32975784,0
5468186,1,0.90983653,1
5478798,1,0.93353516,1
5476334,0,0.5763442,1
5485379,0,0.9104862,1
5463403,0,0.41261336,0
5463406,0,0.48942024,0
5463409,0,0.22072327,0
5472412,0,0.5581382,1
5475135,0,0.39013726,0
5475168,0,0.32714644,0
5484478,0,0.5196949,1
5467381,1,0.8863484,1
5461504,0,0.52844596,1
5493937,0,0.72402793,1
5485893,0,0.7499561,1
5473585,0,0.79628634,1
5467568,1,0.6168121,1
5477154,0,0.36778593,0
5482138,0,0.53782576,1
5487628,0,0.1930311,0
5491778,0,0.35172412,0
5492707,0,0.5657761,1
5493947,0,0.5914596,1
5494124,0,0.48474196,0
5494127,0,0.11197208,0
5494655,0,0.30031765,0
5495919,0,0.31425595,0
5495926,0,0.2040285,0
5496010,0,0.54969907,1
5497212,1,0.25843427,0
5497460,0,0.28271067,0
5497872,1,0.30323225,0
5497876,0,0.39491338,0
5498122,0,0.45683306,0
5498929,1,0.58303183,1
5501153,1,0.9208923,1
5501156,0,0.6043729,1
5509514,0,0.5976967,1
5470771,0,0.5818477,1
5507498,0,0.9544752,1
5463567,1,0.7902151,1
5500786,0,0.8858242,1
5474430,0,0.12511615,0
5484511,0,0.17274016,0
5497773,0,0.6610484,1
5506202,0,0.40732488,0
5462720,0,0.5237487,1
5475594,1,0.33179942,0
5480571,0,0.27207652,0
5486324,0,0.19495748,0
5468306,0,0.5900713,1
5470948,0,0.7996251,1
5475119,1,0.8112631,1
5478105,0,0.6665077,1
5483877,0,0.67544293,1
5483878,0,0.4215237,0
5461656,0,0.40858093,0
5481427,0,0.35531664,0
5492662,0,0.43032643,0
5495595,0,0.3931816,0
5484860,0,0.24760611,0
5502892,0,0.49463418,0
5470071,1,0.75541496,1
5465293,0,0.25895953,0
5466108,0,0.22696239,0
5466121,0,0.4163195,0
5466148,0,0.21284424,0
5473029,0,0.50835025,1
5473040,0,0.2513275,0
5466542,0,0.5454068,1
5484873,0,0.63162607,1
5498898,0,0.507838,1
5470484,0,0.47523028,0
5486048,1,0.9901931,1
5478436,1,0.8755209,1
5478438,0,0.8077908,1
5462803,0,0.19006865,0
5493792,0,0.79868215,1
5478547,0,0.15533847,0
5464640,1,0.9692081,1
5485702,0,0.22616744,0
5497072,0,0.7645544,1
5484606,0,0.9008706,1
5466552,0,0.805065,1
5469804,1,0.9472537,1
5469957,1,0.94903463,1
5506931,1,0.9027671,1
5491953,0,0.66248924,1
5463526,0,0.31179363,0
5467881,0,0.59715444,1
5467887,0,0.67645377,1
5467890,0,0.4997923,0
5468172,0,0.8220187,1
5499383,0,0.8457083,1
5482702,0,0.5095999,1
5490485,0,0.9337708,1
5495612,0,0.6056817,1
5475448,0,0.2942971,0
5475478,0,0.1211694,0
5477097,0,0.29320833,0
5481086,0,0.10002942,0
5481307,0,0.20352542,0
5482825,0,0.20692478,0
5484011,0,0.8434305,1
5465466,0,0.8178252,1
5481795,1,0.15536943,0
5481805,0,0.3980422,0
5467312,0,0.18831867,0
5476150,0,0.10654716,0
5463043,0,0.30968785,0
5463557,0,0.04162727,0
5463562,0,0.28418717,0
5480165,0,0.1928167,0
5480171,0,0.25702393,0
5482039,0,0.4934333,0
5482048,0,0.17009234,0
5482049,1,0.16449301,0
5484039,0,0.30349827,0
5484049,0,0.14388959,0
5484577,0,0.3446082,0
5484587,0,0.32720295,0
5484901,0,0.13649479,0
5484912,0,0.19101152,0
5484915,0,0.10467819,0
5484919,0,0.15476456,0
5487988,0,0.19800977,0
5468888,0,0.25923717,0
5470089,0,0.40873125,0
5471778,0,0.6362591,1
5474920,0,0.20986697,0
5474926,0,0.24674408,0
5476902,0,0.19067173,0
5478768,0,0.183365,0
5480375,0,0.12798062,0
5485102,0,0.11740566,0
5485124,0,0.27309763,0
5485404,0,0.7655193,1
5503805,1,0.74449515,1
5494217,0,0.84302545,1
5490617,1,0.7686487,1
5490619,1,0.7288687,1
5491482,0,0.9385456,1
5505057,0,0.7361145,1
5470895,0,0.9359698,1
5500631,0,0.38595,0
5500634,0,0.31707364,0
5461695,0,0.71611875,1
5467208,1,0.5068807,1
5468266,0,0.265964,0
5469085,0,0.2650555,0
5470997,1,0.23473383,0
5462285,1,0.7631813,1
5463180,0,0.33764687,0
5463291,0,0.46794268,0
5470615,0,0.5227238,1
5506218,1,0.22048974,0
5506226,1,0.331915,0
5474949,1,0.7559117,1
5478617,0,0.38962004,0
5465679,0,0.32806328,0
5465783,0,0.27054045,0
5468166,0,0.43107688,0
5468698,0,0.19000491,0
5470701,0,0.23075652,0
5471136,1,0.3128303,0
5472824,0,0.2721605,0
5474065,0,0.4118385,0
5472842,0,0.53484076,1
5475600,0,0.6420372,1
5499424,0,0.47292882,0
5483759,0,0.47215948,0
5483762,0,0.28819382,0
5485103,0,0.47400442,0
5502538,0,0.67433494,1
5479661,0,0.2936568,0
5468723,0,0.49879983,0
5482757,0,0.7010255,1
5474921,0,0.46663195,0
5474922,0,0.28759888,0
5482259,0,0.11812881,0
5469133,0,0.2570402,0
5461768,0,0.35155192,0
5469976,0,0.2406797,0
5472234,0,0.4973407,0
5472238,0,0.51539624,1
5472247,0,0.47556698,0
5472555,0,0.3154787,0
5472562,0,0.5513156,1
5472578,0,0.5976007,1
5468695,0,0.3024791,0
5467499,1,0.68100816,1
5492792,0,0.2913468,0
5502866,0,0.8918271,1
5467811,0,0.32571486,0
5467812,0,0.339167,0
5467813,0,0.2899521,0
5467818,0,0.4734436,0
5490058,0,0.18102527,0
5466418,0,0.24592604,0
5472493,0,0.24216507,0
5496908,1,0.37249783,0
5484725,1,0.847813,1
5491467,0,0.6531191,1
5469658,0,0.21325064,0
5468585,1,0.64069545,1
5467741,1,0.88761836,1
5474695,0,0.31437215,0
5481935,0,0.3642407,0
5471167,0,0.8020379,1
5476080,0,0.3400958,0
5479518,0,0.1770874,0
5502970,1,0.91279393,1
5486185,0,0.48803103,0
5475661,0,0.5863796,1
5490628,0,0.5153902,1
5490634,0,0.19256555,0
5490642,0,0.122202024,0
5478769,1,0.5646795,1
5472901,1,0.42329422,0
5474780,0,0.68140346,1
5474839,0,0.47059077,0
5471924,0,0.30567032,0
5472471,1,0.61856014,1
5465538,0,0.49488983,0
5464648,0,0.46789402,0
5481164,0,0.37246343,0
5481169,0,0.15288457,0
5481171,0,0.17838255,0
5481172,0,0.21278971,0
5472703,0,0.69456303,1
5475316,0,0.85545534,1
5479454,0,0.4206533,0
5480975,0,0.331351,0
5471429,0,0.7809385,1
5481647,1,0.26011074,0
5509249,1,0.74427587,1
5478131,0,0.49949923,0
5478133,0,0.47833365,0
5478135,0,0.37408733,0
5478137,0,0.45428377,0
5478139,0,0.4386806,0
5478818,1,0.22650702,0
5479380,0,0.8311088,1
5479381,0,0.61498874,1
5479382,0,0.6300204,1
5479675,0,0.2536923,0
5491835,0,0.25623497,0
5482255,0,0.63907075,1
5477986,0,0.548499,1
5477080,0,0.38911304,0
5463637,0,0.40276697,0
5466241,0,0.27032626,0
5466905,0,0.3956592,0
5463163,0,0.3502293,0
5469427,0,0.6507869,1
5480890,1,0.8286166,1
5484043,1,0.5955721,1
5463970,0,0.41746095,0
5463972,0,0.2520955,0
5463973,0,0.50237495,1
5463975,1,0.4683482,0
5464658,0,0.15674557,0
5464836,0,0.08851353,0
5464838,0,0.2141116,0
5467143,0,0.34846053,0
5467152,0,0.6296756,1
5485450,0,0.34594157,0
5486452,1,0.28083974,0
5492021,0,0.9437631,1
5472161,0,0.26963663,0
5491822,0,0.7590829,1
5471197,0,0.48773858,0
5471198,0,0.36328197,0
5471207,0,0.15813635,0
5471209,0,0.443934,0
5471220,0,0.1631945,0
5471698,0,0.26789862,0
5472066,0,0.32038072,0
5472070,0,0.10155514,0
5472073,0,0.33026564,0
5472081,1,0.68899536,1
5472162,1,0.51601785,1
5461988,0,0.8210462,1
5472916,0,0.48578763,0
5476201,0,0.73163426,1
5498373,0,0.6244955,1
5500035,0,0.30690834,0
5473049,1,0.56507796,1
5496709,0,0.6826112,1
5468928,0,0.35158876,0
5469143,0,0.6970169,1
5474241,0,0.8878349,1
5481092,0,0.17548075,0
5481095,0,0.18759497,0
5481110,0,0.122265466,0
5495269,1,0.89538467,1
5463891,0,0.61391896,1
5464064,0,0.4442107,0
5499532,0,0.83853143,1
5494154,0,0.83254296,1
5504969,0,0.7677025,1
5466064,0,0.46291864,0
5466068,0,0.74555475,1
5466070,0,0.5076135,1
5466072,0,0.19874267,0
5466079,0,0.67517304,1
5470566,0,0.48415348,0
5472085,0,0.37204483,0
5485664,0,0.33651412,0
5487802,0,0.5399624,1
5489524,1,0.7898546,1
5503355,1,0.9149755,1
5480138,0,0.2673417,0
5502294,0,0.28935167,0
5477517,0,0.22356506,0
5477921,0,0.025275128,0
5461438,0,0.44066602,0
5503996,0,0.7817748,1
5466917,0,0.15850301,0
5472212,1,0.4894203,0
5503212,1,0.2696188,0
5474652,0,0.21236835,0
5475809,0,0.32792747,0
5483489,0,0.41868004,0
5483490,1,0.49003986,0
5485109,0,0.65015185,1
5483549,0,0.6600872,1
5475930,0,0.8504813,1
5505301,1,0.9278128,1
5463208,0,0.7685118,1
5465917,0,0.34542125,0
5465918,0,0.35613906,0
5481446,0,0.3748659,0
5493710,0,0.29530293,0
5476024,0,0.8323147,1
5501455,0,0.59262776,1
5468586,0,0.43530682,0
5470147,1,0.75906265,1
5465275,0,0.7792647,1
5465280,0,0.78725445,1
5473935,1,0.5828721,1
5498830,1,0.9494368,1
5470273,0,0.51350635,1
5481552,0,0.65352136,1
5465980,0,0.23056433,0
5479073,0,0.41423973,0
5479417,0,0.5821922,1
5479421,0,0.2992094,0
5485222,0,0.5091632,1
5505731,0,0.44972897,0
5477529,0,0.24435228,0
5507326,0,0.67953044,1
5470912,0,0.1339125,0
5474767,0,0.89756787,1
5489630,1,0.6966238,1
5468854,0,0.8300548,1
5467645,1,0.94442236,1
5501679,1,0.8519616,1
5490104,0,0.5605822,1
5495302,0,0.1724666,0
5498093,0,0.65502715,1
5490417,0,0.7896879,1
5469025,0,0.30175146,0
5481550,0,0.4661324,0
5461700,0,0.34574735,0
5496556,1,0.72409165,1
5505868,0,0.4976021,0
5480799,0,0.98011667,1
5461816,0,0.32117102,0
5462268,1,0.19361399,0
5462314,0,0.23566195,0
5462820,0,0.24086723,0
5462837,0,0.08679885,0
5462841,0,0.19532846,0
5463418,0,0.1010891,0
5463428,0,0.21611822,0
5465317,0,0.19080271,0
5467552,0,0.12202082,0
5470235,0,0.114965856,0
5501810,0,0.6552429,1
5504510,0,0.8526711,1
5486160,1,0.5985618,1
5497496,1,0.8984972,1
5483368,0,0.25753635,0
5477833,0,0.29763007,0
5495664,0,0.35067773,0
5477308,1,0.4010896,0
5495671,0,0.7099605,1
5473849,0,0.08814931,0
5474898,0,0.27411702,0
5479161,0,0.3980816,0
5479163,1,0.33458072,0
5479424,0,0.22542022,0
5479900,0,0.23572625,0
5478092,0,0.79515266,1
5468498,0,0.60201186,1
5505450,1,0.60776883,1
5477401,0,0.8504152,1
5474812,0,0.43405277,0
5476763,0,0.3802324,0
5473292,0,0.5820701,1
5484593,0,0.3244046,0
5494086,1,0.8073637,1
5503159,0,0.48725912,0
5470365,0,0.39185876,0
5467343,1,0.7224821,1
5493691,0,0.8072889,1
5483835,0,0.45762566,0
5485051,0,0.6178477,1
5482829,1,0.969711,1
5463611,0,0.5621074,1
5462344,0,0.12336255,0
5462397,0,0.1845436,0
5470381,0,0.78627664,1
5470779,0,0.16596754,0
5470780,1,0.5116514,1
5473134,0,0.66440535,1
5479657,0,0.5918894,1
5479658,0,0.53168863,1
5479659,0,0.15869837,0
5487034,1,0.7676818,1
5468415,0,0.43908605,0
5468418,0,0.22181903,0
5468419,0,0.18608749,0
5477962,0,0.33565474,0
5480053,0,0.31983033,0
5480834,0,0.2859355,0
5481167,0,0.6373432,1
5475395,0,0.82836556,1
5506959,0,0.39150155,0
5470834,0,0.69126886,1
5469869,0,0.37036404,0
5467632,1,0.7648132,1
5501478,1,0.7800857,1
5490553,1,0.93572456,1
5472701,0,0.41253293,0
5474747,0,0.517134,1
5472924,0,0.69318736,1
5505959,0,0.10200906,0
5467116,0,0.6839488,1
5475695,0,0.14791444,0
5477092,0,0.20721908,0
5477094,0,0.09624138,0
5477103,0,0.13471194,0
5482337,0,0.6894958,1
5463762,1,0.9447792,1
5473666,1,0.94286376,1
5477025,1,0.75574344,1
5506803,1,0.85032636,1
5479602,0,0.16936655,0
5487717,1,0.8819181,1
5474394,1,0.9152037,1
5485488,0,0.46299213,0
5463344,0,0.76946825,1
5503053,1,0.77294326,1
5475103,0,0.26116237,0
5493031,0,0.30178207,0
5483733,0,0.8977085,1
5500873,0,0.33278048,0
5483881,0,0.71742254,1
5474517,0,0.72552294,1
5484909,0,0.44066945,0
5465395,0,0.08332732,0
5485234,0,0.3903923,0
5475261,0,0.13331944,0
5475262,0,0.11141523,0
5475266,0,0.09446302,0
5462143,0,0.3180536,0
5465613,0,0.48965153,0
5470881,0,0.15514725,0
5474436,0,0.2158047,0
5476254,0,0.17410865,0
5476360,0,0.10501865,0
5482365,0,0.26888868,0
5485206,0,0.14773063,0
5485559,0,0.17053288,0
5485560,0,0.3928284,0
5485586,0,0.28484154,0
5485592,0,0.1763813,0
5486803,0,0.28499255,0
5487869,1,0.1324634,0
5492326,0,0.11136435,0
5492874,0,0.23302911,0
5476105,0,0.921199,1
5506837,0,0.8030549,1
5464777,0,0.37219512,0
5473910,1,0.42089063,0
5473911,0,0.47674963,0
5473912,0,0.56849366,1
5474939,0,0.8806462,1
5484514,0,0.3216968,0
5486095,0,0.2987146,0
5493533,0,0.50667346,1
5497309,0,0.509783,1
5479057,0,0.33629805,0
5477134,0,0.7635823,1
5471201,1,0.9166427,1
5469213,0,0.48331487,0
5480021,0,0.7538056,1
5463482,1,0.13159144,0
5498715,0,0.19287074,0
5498716,0,0.12379879,0
5479859,0,0.20346057,0
5463495,0,0.79990464,1
5480220,0,0.29988706,0
5497022,1,0.88250786,1
5484250,0,0.59895283,1
5494137,0,0.6944423,1
5469578,0,0.36031014,0
5503283,0,0.7457836,1
5492827,1,0.7562608,1
5471989,0,0.68631953,1
5471993,0,0.44988275,0
5472451,0,0.2555062,0
5472492,0,0.45146886,0
5473144,0,0.27188268,0
5473774,0,0.26046646,0
5475082,0,0.4752481,0
5475110,0,0.77395594,1
5475111,0,0.66677034,1
5476984,0,0.20948079,0
5477711,0,0.36765122,0
5477886,0,0.43096837,0
5478032,0,0.5204986,1
5503299,1,0.88829523,1
5468624,0,0.44165072,0
5494858,1,0.9816488,1
5473536,0,0.21191402,0
5496211,0,0.9244129,1
5488042,0,0.55121124,1
5485116,1,0.873406,1
5496177,0,0.5018658,1
5477351,0,0.55245125,1
5467647,0,0.4292132,0
5479153,0,0.9005209,1
5479802,0,0.31528285,0
5507227,1,0.98875487,1
5509246,1,0.16152774,0
5466509,0,0.09684125,0
5469734,0,0.24672641,0
5469818,1,0.7309028,1
5470509,1,0.35155904,0
5471174,0,0.1858035,0
5471199,0,0.9475734,1
5471202,0,0.27513504,0
5472097,0,0.26222068,0
5472316,0,0.64681834,1
5472317,0,0.20800342,0
5472395,0,0.52631086,1
5472400,0,0.44226712,0
5472455,1,0.3914392,0
5474420,0,0.8273489,1
5474509,0,0.33139053,0
5474514,0,0.3035804,0
5475260,0,0.55040693,1
5475596,0,0.14110231,0
5475598,0,0.15669948,0
5477108,0,0.20763926,0
5480785,0,0.19846615,0
5480786,0,0.15551005,0
5474054,0,0.83945394,1
5461820,0,0.25123814,0
5463867,1,0.76907825,1
5473111,1,0.45390782,0
5464088,0,0.32586417,0
5483666,0,0.49821728,0
5468678,0,0.23907448,0
5484926,0,0.7840367,1
5475957,0,0.5036883,1
5468329,0,0.34428695,0
5462492,1,0.24370746,0
5461261,0,0.44868487,0
5483755,0,0.6132939,1
5485009,0,0.881984,1
5490602,0,0.71167326,1
5490650,0,0.37721822,0
5491587,0,0.8564028,1
5491589,0,0.7424939,1
5492979,0,0.94897246,1
5493464,0,0.8029063,1
5493486,0,0.6166548,1
5493868,0,0.3195456,0
5498070,0,0.6724096,1
5503666,0,0.34517244,0
5507503,0,0.6747042,1
5471772,0,0.12856905,0
5506696,0,0.8276725,1
5496183,0,0.76035917,1
5479026,0,0.82906556,1
5464925,1,0.91353387,1
5477291,0,0.4606954,0
5479446,0,0.2960157,0
5480166,1,0.633612,1
5484522,1,0.27811524,0
5463806,0,0.10429891,0
5463807,0,0.27627298,0
5464339,0,0.110493466,0
5464340,0,0.21069713,0
5465141,0,0.07117752,0
5468231,0,0.51249856,1
5471654,0,0.050730404,0
5471659,0,0.26530787,0
5471675,0,0.26142845,0
5472163,0,0.10990672,0
5473286,0,0.32348418,0
5476042,0,0.26753154,0
5476505,0,0.15969327,0
5476933,0,0.55395234,1
5477468,0,0.27226618,0
5480324,0,0.26769015,0
5490493,0,0.14680302,0
5490494,0,0.40128887,0
5491012,0,0.18413523,0
5492815,0,0.18970269,0
5500961,0,0.1184831,0
5501029,0,0.10722814,0
5505132,0,0.29804045,0
5484334,1,0.9644199,1
5478380,0,0.21752018,0
5466017,0,0.44830367,0
5471094,0,0.7433868,1
5471096,0,0.3575107,0
5476870,0,0.80515444,1
5484054,0,0.4221691,0
5504164,0,0.31489867,0
5467857,0,0.7555324,1
5486215,0,0.5839257,1
5470050,0,0.9270359,1
5461282,0,0.123913325,0
5461348,0,0.35414043,0
5461368,0,0.06363308,0
5461417,1,0.5925334,1
5461452,0,0.37168607,0
5461517,0,0.15633102,0
5461759,0,0.092026345,0
5461887,0,0.2247285,0
5461997,0,0.1354447,0
5462011,0,0.21148422,0
5462447,0,0.16368891,0
5462504,0,0.2269089,0
5462556,0,0.4401355,0
5462626,0,0.65019786,1
5462637,0,0.14360775,0
5463236,1,0.3129484,0
5463797,0,0.54330295,1
5464123,0,0.3143877,0
5464301,0,0.13147561,0
5464421,0,0.27357477,0
5464448,0,0.15093571,0
5465907,0,0.13566425,0
5466930,0,0.15004784,0
5467229,0,0.1209789,0
5467282,0,0.27960482,0
5469479,0,0.42774665,0
5469657,0,0.4113272,0
5470161,0,0.44518116,0
5470835,0,0.15849797,0
5472275,0,0.1040063,0
5473350,0,0.23157147,0
5478262,0,0.44220796,0
5478267,0,0.1317226,0
5483738,0,0.4384103,0
5484211,0,0.1240398,0
5485922,0,0.101947635,0
5462170,0,0.14223509,0
5486604,0,0.11902581,0
5505932,0,0.20784865,0
5481765,0,0.26071286,0
5475911,0,0.4959145,0
5471466,0,0.5127718,1
5479494,0,0.7450965,1
5477338,0,0.7019379,1
5480589,0,0.1419596,0
5485169,0,0.2902171,0
5479092,0,0.3804951,0
5481488,0,0.23618457,0
5481510,0,0.1754695,0
5481519,0,0.21385749,0
5481613,0,0.3353605,0
5481684,0,0.13634129,0
5462475,1,0.2840298,0
5462586,0,0.32123992,0
5481402,1,0.34492558,0
5466448,0,0.72049314,1
5496934,1,0.8663373,1
5465424,0,0.25078538,0
5465487,0,0.2092997,0
5472583,0,0.23619343,0
5470804,0,0.2240911,0
5471742,1,0.5992686,1
5478054,0,0.8214216,1
5483405,1,0.90737975,1
5491328,0,0.8666211,1
5464570,0,0.17438419,0
5478153,1,0.65036327,1
5491848,0,0.56969196,1
5478964,0,0.81407255,1
5481914,0,0.26391032,0
5499962,1,0.37689006,0
5493581,1,0.2816376,0
5494085,0,0.6575096,1
5505070,0,0.27471408,0
5505282,0,0.24496543,0
5478233,0,0.22085637,0
5482823,0,0.31294295,0
5470619,0,0.4032596,0
5487002,0,0.74066305,1
5503257,1,0.94237643,1
5465688,0,0.68250364,1
5473629,0,0.46514314,0
5474602,0,0.9351016,1
5495768,0,0.32267746,0
5473420,0,0.660984,1
5466965,0,0.7418244,1
5476395,0,0.2888379,0
5490562,1,0.93837804,1
5491043,1,0.82621825,1
5467234,1,0.87389964,1
5465932,0,0.14020532,0
5468597,0,0.27477482,0
5464908,1,0.5779436,1
5475139,0,0.76604027,1
5476961,0,0.39023423,0
5476799,0,0.15696713,0
5470569,0,0.37868804,0
5485948,0,0.66491854,1
5471333,0,0.7836598,1
5501145,0,0.75160676,1
5486416,0,0.68048126,1
5495428,0,0.8260451,1
5463183,0,0.15221953,0
5500002,0,0.2854544,0
5465362,0,0.16366589,0
5468755,0,0.24373806,0
5468760,0,0.1832455,0
5468763,1,0.5257898,1
5468766,0,0.57227516,1
5468769,0,0.6954247,1
5469447,0,0.12904716,0
5469450,0,0.5289317,1
5469456,0,0.36323288,0
5469463,0,0.3214355,0
5469465,0,0.34822688,0
5469467,0,0.499479,0
5469472,0,0.308333,0
5469480,0,0.35380968,0
5469597,0,0.4823226,0
5469601,0,0.49954802,0
5469664,0,0.15102018,0
5469875,0,0.35333282,0
5469876,1,0.60662496,1
5469911,0,0.47277203,0
5469920,0,0.3811813,0
5469932,0,0.2516306,0
5469981,0,0.53049624,1
5470189,0,0.53714144,1
5470190,0,0.33912486,0
5470303,0,0.24881977,0
5470306,0,0.4785377,0
5470309,0,0.5375292,1
5470330,0,0.49912286,0
5470339,0,0.4592948,0
5470430,0,0.2747549,0
5470433,0,0.2924447,0
5470521,0,0.43594542,0
5470534,0,0.1963831,0
5470539,0,0.29760194,0
5470603,0,0.5747514,1
5470904,0,0.3774431,0
5470905,0,0.374295,0
5471129,0,0.41736498,0
5471153,0,0.4705532,0
5471412,0,0.6033854,1
5471415,0,0.35539937,0
5471417,0,0.2072523,0
5472934,0,0.493936,0
5472962,0,0.49937284,0
5472967,0,0.15793505,0
5472969,1,0.21742465,0
5472971,0,0.39670208,0
5473100,0,0.3233137,0
5473679,0,0.19330662,0
5475004,0,0.27061594,0
5475005,0,0.7384651,1
5475006,0,0.4992513,0
5475008,0,0.2928296,0
5475220,0,0.5060693,1
5475222,0,0.45129013,0
5475973,0,0.20426138,0
5475974,0,0.12367859,0
5476208,0,0.31731156,0
5476327,0,0.3850904,0
5476660,0,0.49864197,0
5477622,0,0.29555976,0
5477624,0,0.5099508,1
5479388,0,0.35285842,0
5484000,0,0.2283462,0
5470795,0,0.7447242,1
5472408,0,0.26984438,0
5508838,0,0.14748865,0
5504653,0,0.7535456,1
5496598,0,0.49918464,0
5461384,0,0.651074,1
5480822,0,0.32553175,0
5469350,0,0.22009131,0
5479074,0,0.8303912,1
5508216,0,0.6693707,1
5477075,1,0.73901004,1
5489391,0,0.4037994,0
5470182,0,0.28635344,0
5504297,0,0.9697583,1
5479036,0,0.21556601,0
5483860,0,0.5493848,1
5499763,0,0.15910806,0
5461423,0,0.3209636,0
5461424,0,0.4287015,0
5461426,1,0.18405251,0
5462027,0,0.19687746,0
5462029,0,0.2541857,0
5465484,0,0.34477922,0
5465485,0,0.6884534,1
5468239,0,0.4667108,0
5493609,0,0.8350861,1
5492501,0,0.5829602,1
5474484,0,0.42188323,0
5476823,1,0.42070928,0
5471410,0,0.34454414,0
5478238,1,0.8372187,1
5496455,0,0.7566847,1
5464138,0,0.5097614,1
5500981,0,0.7994427,1
5480666,0,0.2970829,0
5486273,0,0.21395074,0
5486493,0,0.18732919,0
5487307,0,0.95340776,1
5483849,0,0.73341227,1
5496760,1,0.879273,1
5472524,1,0.48359856,0
5479631,0,0.8668677,1
5487292,0,0.8899886,1
5490662,0,0.75312513,1
5490665,1,0.89255625,1
5499841,0,0.7978088,1
5503113,0,0.866839,1
5506003,1,0.9224849,1
5486898,0,0.6771086,1
5485579,0,0.33111283,0
5496352,0,0.36386418,0
5463137,0,0.37914127,0
5463586,0,0.3300417,0
5463839,0,0.20110251,0
5463876,0,0.2269623,0
5464479,0,0.35493496,0
5462900,0,0.31857732,0
5469126,0,0.09272633,0
5469083,0,0.4061763,0
5470342,0,0.42330658,0
5470769,0,0.53241754,1
5472763,0,0.7244639,1
5473700,0,0.3219944,0
5474025,1,0.8692973,1
5476184,0,0.23247398,0
5477761,0,0.44455487,0
5465364,0,0.5514174,1
5465372,0,0.31605724,0
5465375,0,0.29841626,0
5465378,1,0.3434348,0
5465392,0,0.2558984,0
5468892,0,0.6966599,1
5499177,0,0.50420636,1
5508974,0,0.16226374,0
5474079,0,0.52495646,1
5474145,1,0.8724327,1
5506039,0,0.39625463,0
5465942,0,0.853849,1
5496161,0,0.3501285,0
5477687,0,0.21958782,0
5484332,0,0.8088441,1
5469748,1,0.46744046,0
5473788,1,0.47760287,0
5475416,1,0.9663295,1
5496675,0,0.73284256,1
5481445,1,0.6089881,1
5484970,1,0.58969516,1
5498955,1,0.45871463,0
5471451,0,0.21946296,0
5471453,0,0.3410012,0
5473456,0,0.19991735,0
5474730,0,0.13196516,0
5477455,0,0.15610535,0
5477563,0,0.10204641,0
5478692,0,0.2734472,0
5480147,1,0.2825424,0
5493508,0,0.28771088,0
5498168,0,0.07838509,0
5467936,0,0.7335402,1
5473524,0,0.29578978,0
5506611,0,0.3274279,0
5496125,0,0.17312965,0
5478603,0,0.38729113,0
5498858,0,0.77241623,1
5496668,1,0.96573967,1
5486755,1,0.9123159,1
5477217,0,0.82442075,1
5464510,1,0.85570425,1
5492733,0,0.274591,0
5474092,0,0.6068091,1
5492822,0,0.5557977,1
5504286,0,0.5646449,1
5496135,0,0.81019825,1
5499537,1,0.51206315,1
5476863,0,0.41633362,0
5470056,0,0.3151582,0
5469477,0,0.18736945,0
5472061,0,0.45746714,0
5472417,0,0.20983413,0
5474913,0,0.09892274,0
5475518,0,0.19231275,0
5477854,0,0.1316918,0
5479425,0,0.15226674,0
5479914,0,0.17609777,0
5480741,0,0.10974754,0
5481927,0,0.37225115,0
5482977,0,0.32050332,0
5485633,0,0.22755724,0
5485650,0,0.09686811,0
5499255,0,0.5163138,1
5504656,0,0.36048517,0
5504657,0,0.19446078,0
5504658,0,0.16169825,0
5467577,1,0.9715077,1
5494467,0,0.8145192,1
5507941,1,0.867912,1
5461987,0,0.7417773,1
5484673,0,0.8105341,1
5503088,0,0.20303549,0
5464148,0,0.4263763,0
5464151,0,0.17865896,0
5497997,0,0.74398017,1
5499432,0,0.84459144,1
5473103,1,0.540346,1
5499230,0,0.6530049,1
5504481,0,0.81638277,1
5463171,0,0.8702354,1
5471342,0,0.7129172,1
5495005,0,0.932002,1
5498686,0,0.79902637,1
5463234,0,0.48901728,0
5504104,0,0.15262835,0
5483245,0,0.44617712,0
5483246,0,0.20331146,0
5483247,1,0.40736032,0
5485735,1,0.5954536,1
5464723,0,0.49819764,0
5486257,0,0.33048204,0
5479032,0,0.59142804,1
5466639,1,0.8603155,1
5465021,0,0.31492937,0
5476273,0,0.4839151,0
5476336,0,0.58239806,1
5476428,0,0.15027425,0
5476741,0,0.75619096,1
5476809,0,0.54686934,1
5478686,0,0.17760228,0
5478690,0,0.33700606,0
5478726,0,0.15733048,0
5479244,0,0.15720025,0
5479395,0,0.21743335,0
5479512,0,0.09661973,0
5479813,0,0.25398597,0
5480239,0,0.42721498,0
5481768,0,0.57402086,1
5482549,0,0.34356293,0
5484675,0,0.10482613,0
5484963,0,0.5808654,1
5485054,0,0.07199152,0
5485129,0,0.071869016,0
5485435,0,0.13881716,0
5488002,0,0.25509924,0
5472831,1,0.7953484,1
5472835,0,0.62047476,1
5464223,0,0.6675509,1
5494534,0,0.7331659,1
5496664,0,0.65012294,1
5498248,0,0.55056804,1
5496892,0,0.7642256,1
5508682,1,0.97229487,1
5469476,0,0.6187691,1
5471785,0,0.72803926,1
5472091,0,0.4482413,0
5472150,1,0.18518978,0
5472428,0,0.8632601,1
5472863,1,0.86602116,1
5473895,0,0.2211385,0
5482633,0,0.37264755,0
5482646,0,0.47285882,0
5486295,1,0.8719426,1
5489673,1,0.6916294,1
5498281,0,0.8418616,1
5505122,0,0.6097284,1
5472182,0,0.6153841,1
5472927,0,0.7429253,1
5476456,1,0.89238685,1
5493658,0,0.9666305,1
5461794,0,0.5476434,1
5475469,0,0.28974026,0
5483415,0,0.8577487,1
5485530,0,0.620543,1
5480997,0,0.29878822,0
5469076,0,0.41758472,0
5467253,0,0.35173312,0
5478672,0,0.7061625,1
5466617,0,0.5505403,1
5497319,1,0.9002058,1
5478297,0,0.16038963,0
5481953,1,0.4336504,0
5483188,0,0.30844766,0
5491742,1,0.71762544,1
5487489,0,0.435717,0
5503286,1,0.24518928,0
5471636,0,0.17521957,0
5477684,1,0.5543816,1
5463652,0,0.4291914,0
5486870,0,0.77280116,1
5490638,0,0.6218568,1
5494824,0,0.22558288,0
5470783,0,0.20909995,0
5481665,0,0.7710526,1
5465041,0,0.720394,1
5498719,0,0.25566867,0
5479906,1,0.96688676,1
5496429,1,0.9628429,1
5494347,1,0.8282319,1
5499441,0,0.4256572,0
5473124,0,0.50671095,1
5479255,0,0.6327153,1
5493549,1,0.6841461,1
5484227,0,0.10263366,0
5477475,0,0.45636404,0
5464793,0,0.7100321,1
5505827,1,0.73244977,1
5481386,0,0.29224473,0
5490112,0,0.3398898,0
5476757,0,0.15976281,0
5485881,1,0.8204181,1
5500748,0,0.3747794,0
5487754,1,0.8144909,1
5498170,1,0.9523716,1
5475986,0,0.6981694,1
5502068,0,0.92974246,1
5498140,1,0.7155827,1
5492991,1,0.7309369,1
5474268,1,0.8467898,1
5489832,1,0.4553351,0
5502253,0,0.8103582,1
5465782,0,0.37509635,0
5469611,0,0.55481243,1
5487738,0,0.38676807,0
5465895,0,0.7015166,1
5470432,1,0.11350028,0
5470435,0,0.13218957,0
5482129,0,0.2352222,0
5473229,0,0.20165493,0
5473231,0,0.27762872,0
5473244,0,0.20399438,0
5485577,0,0.51784045,1
5485774,0,0.60903084,1
5500570,0,0.5594144,1
5467349,0,0.7502959,1
5470756,0,0.072076984,0
5482796,0,0.4158054,0
5505636,0,0.5855196,1
5506652,1,0.81930953,1
5472769,0,0.3513977,0
5500168,0,0.5847536,1
5501411,0,0.8295529,1
5464166,0,0.40751258,0
5464169,0,0.21750912,0
5468907,0,0.11328836,0
5503669,0,0.5843101,1
5466822,0,0.8386919,1
5481779,0,0.8757613,1
5466042,0,0.48427776,0
5474528,0,0.8148646,1
5492440,1,0.6803004,1
5467960,0,0.7053309,1
5467961,1,0.5601883,1
5467967,1,0.7221647,1
5467978,0,0.9119081,1
5468317,0,0.7384283,1
5468321,0,0.87980646,1
5472473,0,0.9180405,1
5472874,1,0.66951364,1
5472878,0,0.7485961,1
5472882,0,0.77134985,1
5474049,0,0.72378516,1
5474062,0,0.6243313,1
5484066,0,0.6993658,1
5485235,1,0.55162597,1
5485240,1,0.83721274,1
5485244,1,0.59239674,1
5485247,0,0.8814766,1
5490611,0,0.5178078,1
5490635,1,0.8480517,1
5490755,0,0.55720335,1
5497776,0,0.98441535,1
5497777,0,0.7473053,1
5489873,0,0.66861707,1
5480409,1,0.8586495,1
5498386,0,0.8287664,1
5463564,0,0.51243126,1
5468656,0,0.38196185,0
5465804,0,0.3902539,0
5497422,0,0.22099183,0
5484895,0,0.8387058,1
5496586,0,0.6549151,1
5476351,1,0.98465836,1
5507973,0,0.7300846,1
5482484,0,0.24925621,0
5462944,1,0.9383401,1
5479960,0,0.452822,0
5473340,0,0.74201846,1
5505856,0,0.17691365,0
5480986,0,0.65299374,1
5470989,0,0.6962354,1
5465083,1,0.22287133,0
5478967,0,0.38329828,0
5470335,0,0.32415268,0
5480388,0,0.80234754,1
5470461,1,0.54499525,1
5470479,0,0.41596797,0
5472189,0,0.26715395,0
5473665,0,0.46096775,0
5474181,0,0.09300094,0
5484993,0,0.92701954,1
5474377,0,0.31967568,0
5475253,0,0.45917442,0
5481910,1,0.36873716,0
5481911,0,0.38934964,0
5483574,0,0.4526256,0
5499840,1,0.3334979,0
5465313,0,0.13755155,0
5477016,0,0.23177145,0
5479682,0,0.06551517,0
5480046,0,0.10738429,0
5467265,1,0.75478363,1
5508116,0,0.49821013,0
5507000,0,0.49563602,0
5469602,0,0.7332168,1
5464891,0,0.32827955,0
5466197,1,0.49771488,0
5469469,0,0.3761939,0
5462493,1,0.24186908,0
5463046,0,0.3874822,0
5463071,0,0.45271042,0
5463117,0,0.3569299,0
5474210,0,0.36181387,0
5474213,0,0.20013356,0
5496765,0,0.82612646,1
5473523,1,0.859121,1
5506441,0,0.71256155,1
5508410,1,0.7848141,1
5486984,0,0.6466247,1
5486391,0,0.47101015,0
5506382,0,0.9320488,1
5490702,0,0.25478467,0
5484531,0,0.7381186,1
5493751,1,0.9414558,1
5474157,1,0.74916,1
5499691,0,0.7454554,1
5466669,0,0.902992,1
5461474,0,0.45819747,0
5486213,0,0.65844417,1
5481250,0,0.14564998,0
5495054,0,0.7517202,1
5506126,0,0.1992692,0
5499126,0,0.40608636,0
5473306,0,0.432676,0
5496595,0,0.53094083,1
5506556,1,0.5722525,1
5500584,1,0.53648585,1
5464833,0,0.28735238,0
5468378,0,0.4036309,0
5468389,0,0.2249233,0
5474788,0,0.27974424,0
5474640,1,0.92463094,1
5466033,0,0.5029379,1
5468408,0,0.40771556,0
5468412,0,0.33347863,0
5476384,0,0.23361161,0
5476854,0,0.3505298,0
5479236,0,0.3076501,0
5480572,0,0.24489577,0
5480573,0,0.6055933,1
5492342,0,0.2996351,0
5496154,0,0.31694773,0
5496909,0,0.15535045,0
5508204,0,0.23522516,0
5491886,0,0.49144763,0
5504736,0,0.7509802,1
5474286,0,0.8076669,1
5497785,0,0.8987561,1
5507988,1,0.90057254,1
5472159,1,0.68482,1
5491497,0,0.47283313,0
5491716,1,0.8883707,1
5488190,0,0.5270425,1
5498783,1,0.59612495,1
5470700,0,0.8636957,1
5507246,0,0.7609083,1
5480159,0,0.6778023,1
5484967,0,0.2568155,0
5461213,0,0.8496865,1
5496423,0,0.4428585,0
5508829,0,0.39545518,0
5479455,0,0.6693878,1
5482177,0,0.4863314,0
5474504,1,0.8397925,1
5462726,0,0.41800368,0
5484584,0,0.3379845,0
5473604,0,0.53007746,1
5476170,0,0.18238725,0
5476172,0,0.36539987,0
5476176,0,0.6094037,1
5476628,0,0.11539044,0
5476630,0,0.19257778,0
5476632,0,0.4186136,0
5477037,0,0.2216999,0
5498252,0,0.50200564,1
5462976,0,0.7600168,1
5474566,0,0.2890689,0
5469097,0,0.3089584,0
5471753,0,0.68844146,1
5507448,0,0.44816896,0
5487496,0,0.9022838,1
5478159,0,0.48898387,0
5478160,0,0.60161316,1
5479326,0,0.8274748,1
5464245,0,0.9730506,1
5467157,0,0.7545309,1
5500176,0,0.81641674,1
5487614,0,0.89537555,1
5497052,0,0.5520982,1
5471181,0,0.70835954,1
5473320,0,0.47669306,0
5469885,0,0.60351896,1
5498380,0,0.8424148,1
5500184,0,0.056269523,0
5495798,0,0.68340904,1
5503505,1,0.82981426,1
5474487,0,0.24278122,0
5479162,0,0.35854736,0
5467493,1,0.8499923,1
5473415,1,0.77703005,1
5468394,1,0.9026029,1
5486983,0,0.8428283,1
5508678,1,0.83286077,1
5472541,1,0.54577684,1
5505563,0,0.5802351,1
5487018,1,0.80742174,1
5469205,0,0.7379696,1
5476876,0,0.2989617,0
5482984,0,0.7517188,1
5484238,0,0.42774913,0
5492720,1,0.9118414,1
5462536,0,0.43063933,0
5482811,0,0.37595618,0
5482813,0,0.5521159,1
5470246,0,0.7085957,1
5481051,0,0.40236458,0
5481066,0,0.13293277,0
5482490,0,0.11964047,0
5468384,1,0.7471018,1
5468142,0,0.5744861,1
5468267,0,0.5854109,1
5483283,0,0.6308294,1
5475030,0,0.88299,1
5466942,1,0.5014408,1
5483169,0,0.47847858,0
5493932,0,0.4269884,0
5497859,0,0.80133706,1
5504760,0,0.92613167,1
5465430,0,0.89035434,1
5464713,0,0.2847815,0
5482366,0,0.1796813,0
5482640,0,0.08981227,0
5483799,0,0.33801967,0
5483804,0,0.40823242,0
5483810,0,0.093129784,0
5483894,0,0.4104327,0
5483926,0,0.2196246,0
5484277,0,0.11610949,0
5484745,0,0.20143604,0
5485591,0,0.24413256,0
5485616,1,0.42087245,0
5485619,0,0.18120775,0
5486264,0,0.2625618,0
5486266,0,0.38626242,0
5486271,0,0.14216103,0
5487820,0,0.15671736,0
5487822,0,0.24145527,0
5487828,0,0.21790695,0
5487950,0,0.23501751,0
5491510,0,0.13635977,0
5464031,0,0.40555358,0
5464032,0,0.14719371,0
5465328,0,0.2160148,0
5484069,0,0.49018365,0
5484808,0,0.1831402,0
5473321,0,0.48216763,0
5478781,0,0.5799392,1
5467357,0,0.4064997,0
5461312,0,0.693898,1
5461400,0,0.31868905,0
5461402,0,0.41755143,0
5461408,0,0.31683877,0
5461412,0,0.4019086,0
5461414,0,0.56485486,1
5461418,0,0.33873418,0
5461427,0,0.43175417,0
5461453,0,0.5601719,1
5461457,0,0.27402046,0
5472926,0,0.3291614,0
5466683,1,0.60388565,1
5468489,0,0.6579884,1
5468492,0,0.28888163,0
5464164,0,0.454963,0
5462669,0,0.38523275,0
5479250,0,0.54673594,1
5494755,1,0.7443641,1
5466440,0,0.25618234,0
5493119,1,0.7605386,1
5462660,0,0.50291944,1
5484730,0,0.951585,1
5487373,0,0.48915043,0
5500076,0,0.22063991,0
5502498,1,0.7848586,1
5483633,0,0.11547488,0
5482163,0,0.41383812,0
5468784,0,0.15536848,0
5501304,0,0.8691988,1
5498102,1,0.6553071,1
5474910,0,0.8791287,1
5479510,1,0.7214167,1
5483943,0,0.8493703,1
5490308,0,0.7487507,1
5494313,1,0.938748,1
5468238,0,0.59767157,1
5472116,0,0.34995252,0
5472119,0,0.26881585,0
5472120,0,0.12784027,0
5472128,0,0.30703282,0
5472344,0,0.14844297,0
5472347,0,0.15435001,0
5472358,0,0.40596864,0
5472366,0,0.23469485,0
5473605,0,0.5012727,1
5473608,0,0.2702498,0
5473612,0,0.46598417,0
5473934,0,0.1737189,0
5473936,0,0.07147929,0
5473937,0,0.1983559,0
5474704,0,0.34799987,0
5480604,0,0.20131262,0
5480609,0,0.05456085,0
5480612,1,0.60314655,1
5480613,0,0.35699874,0
5482923,0,0.5312535,1
5482934,0,0.20870498,0
5482953,0,0.2388914,0
5483002,0,0.20418052,0
5489961,0,0.16709015,0
5494544,0,0.30590263,0
5502024,0,0.22466533,0
5503264,0,0.43730247,0
5505298,0,0.18390612,0
5505299,0,0.21452968,0
5505368,0,0.16085802,0
5506906,0,0.16609445,0
5473652,1,0.7725872,1
5466115,0,0.29370174,0
5466549,1,0.5159144,1
5478891,0,0.31643644,0
5479187,1,0.43054262,0
5483149,0,0.15425976,0
5485524,0,0.70870364,1
5473870,1,0.9776469,1
5478986,0,0.39117956,0
5478994,0,0.37112007,0
5479007,0,0.24410903,0
5478398,1,0.9338719,1
5485505,0,0.25626758,0
5479402,0,0.8012094,1
5476332,0,0.27964783,0
5476333,0,0.46689603,0
5495818,0,0.77684397,1
5465356,0,0.25369594,0
5507209,0,0.92339736,1
5481143,0,0.6383568,1
5481093,1,0.93939334,1
5502840,0,0.11626237,0
5467925,1,0.3583642,0
5467926,0,0.76828015,1
5483135,0,0.64745915,1
5478193,0,0.30884403,0
5463193,0,0.3381585,0
5474137,1,0.8869335,1
5470043,0,0.5412741,1
5479817,0,0.3479845,0
5479818,0,0.49271992,0
5479832,0,0.36071724,0
5479833,0,0.38007393,0
5479836,0,0.3537016,0
5480226,0,0.22843151,0
5480245,0,0.3586929,0
5480288,0,0.6815919,1
5496075,0,0.58816,1
5502229,1,0.8926826,1
5505365,0,0.73191327,1
5505704,0,0.93916684,1
5463773,0,0.31052032,0
5496502,0,0.44212955,0
5485199,0,0.28880435,0
5483783,0,0.71159846,1
5499046,0,0.64135855,1
5475441,1,0.79345906,1
5474203,0,0.8265934,1
5478707,0,0.4634414,0
5484936,0,0.7936751,1
5463721,1,0.8064303,1
5481107,0,0.51981133,1
5461573,0,0.17500786,0
5476368,0,0.64217,1
5470745,0,0.5859284,1
5466233,0,0.68625665,1
5472766,0,0.88931674,1
5477608,0,0.3121792,0
5463539,0,0.66297823,1
5463543,0,0.29942235,0
5463551,0,0.15972781,0
5463927,0,0.17327803,0
5463930,0,0.20961544,0
5481597,0,0.14376014,0
5477225,0,0.07912663,0
5471597,0,0.9560226,1
5481619,0,0.49858922,0
5468774,0,0.44269845,0
5468821,0,0.0707218,0
5468823,0,0.27528915,0
5468826,0,0.17115255,0
5468827,0,0.09190834,0
5469088,0,0.41405284,0
5469474,0,0.056969788,0
5469481,0,0.031282295,0
5469482,0,0.19575031,0
5469491,0,0.28772387,0
5487401,1,0.9377157,1
5491022,1,0.75672084,1
5473327,0,0.45787597,0
5473380,0,0.4576078,0
5473816,0,0.15379699,0
5476006,1,0.59634584,1
5482614,0,0.5192125,1
5483700,0,0.3304886,0
5483750,0,0.43390396,0
5483751,0,0.25819406,0
5476021,1,0.6748246,1
5465244,0,0.31077427,0
5465910,0,0.6923341,1
5469566,0,0.24295153,0
5496618,0,0.39237,0
5493089,1,0.9414137,1
5491584,1,0.7067632,1
5469245,0,0.14540936,0
5469294,0,0.13958651,0
5470156,0,0.1623181,0
5471194,0,0.12687834,0
5493815,0,0.17432159,0
5498785,0,0.40405458,0
5472913,0,0.79808915,1
5489730,0,0.90628386,1
5466118,0,0.8055712,1
5473435,1,0.96159834,1
5503751,0,0.48258916,0
5485875,1,0.8347339,1
5493473,1,0.9694966,1
5461376,0,0.22290327,0
5462007,0,0.38709846,0
5462417,0,0.1746111,0
5462829,0,0.39172605,0
5463813,0,0.37447184,0
5473323,0,0.46961197,0
5468707,0,0.5859185,1
5463231,0,0.7192504,1
5472354,0,0.97498137,1
5480884,0,0.8989502,1
5491414,0,0.5960247,1
5489865,0,0.817544,1
5499256,0,0.8194559,1
5492607,0,0.79126173,1
5474597,0,0.52793765,1
5477109,0,0.4083502,0
5485386,0,0.713018,1
5469084,0,0.26613367,0
5487690,0,0.22273088,0
5503000,0,0.97741187,1
5481243,1,0.26924124,0
5481542,0,0.42745784,0
5474608,1,0.935989,1
5481443,0,0.37859464,0
5468157,0,0.41558418,0
5473556,0,0.4625823,0
5471442,1,0.5993592,1
5462671,0,0.22583795,0
5496214,0,0.94830966,1
5463840,0,0.17840077,0
5466515,0,0.19150674,0
5467203,0,0.18673906,0
5472054,0,0.25594607,0
5478933,0,0.15620299,0
5495652,0,0.4418332,0
5466656,1,0.8319912,1
5473146,0,0.16031596,0
5477324,0,0.3867407,0
5477331,0,0.530511,1
5477644,0,0.22071995,0
5477658,0,0.3562442,0
5477671,0,0.49102268,0
5481674,0,0.11823123,0
5482099,0,0.1085203,0
5482511,1,0.16203447,0
5484990,0,0.17387883,0
5489435,0,0.22709161,0
5500807,0,0.24990128,0
5471200,0,0.21566229,0
5483271,0,0.25134572,0
5485229,0,0.28677425,0
5484076,0,0.3704839,0
5470158,0,0.40776998,0
5487788,0,0.14768073,0
5494804,0,0.17312008,0
5480151,0,0.55585086,1
5465834,0,0.51907825,1
5465835,1,0.43459317,0
5465839,0,0.4480466,0
5465842,0,0.556188,1
5465846,0,0.4673261,0
5465850,0,0.59272665,1
5465854,0,0.5483222,1
5461207,0,0.051514547,0
5461600,0,0.105884254,0
5461613,1,0.8388895,1
5462825,0,0.1699702,0
5462827,0,0.15209612,0
5462830,0,0.10949293,0
5463393,0,0.2724953,0
5463407,0,0.25516638,0
5463953,1,0.20659569,0
5463959,0,0.27151045,0
5464184,0,0.10574836,0
5465139,0,0.15032467,0
5466301,0,0.39668286,0
5467134,0,0.17498071,0
5467454,1,0.42824826,0
5467480,0,0.11801965,0
5469328,0,0.37325802,0
5469525,0,0.18738869,0
5469526,0,0.18772922,0
5469561,0,0.13359997,0
5469810,0,0.25260383,0
5469825,0,0.08610685,0
5469832,0,0.2716953,0
5469837,0,0.15416506,0
5470555,0,0.38902584,0
5474491,0,0.10852835,0
5474493,0,0.5278205,1
5475569,0,0.49413747,0
5476059,1,0.35344374,0
5483134,0,0.08168954,0
5483451,0,0.24249214,0
5483452,0,0.1005222,0
5483453,0,0.20144299,0
5483460,0,0.21807212,0
5483472,0,0.16392092,0
5483790,0,0.23132084,0
5483796,0,0.3156096,0
5484231,0,0.71816444,1
5484793,0,0.20079093,0
5484796,0,0.123620875,0
5485061,0,0.17527388,0
5485066,0,0.44501328,0
5485071,1,0.5303434,1
5485261,0,0.2674782,0
5485290,0,0.1755344,0
5485549,0,0.09994551,0
5485572,0,0.22914453,0
5485648,0,0.21961349,0
5485710,0,0.09806779,0
5485717,0,0.46510676,0
5465219,0,0.49356267,0
5508351,0,0.13742197,0
5484330,0,0.60628957,1
5490819,0,0.8854212,1
5463596,0,0.18751544,0
5487937,1,0.6835979,1
5464214,1,0.44028336,0
5474269,0,0.867314,1
5491447,0,0.2632159,0
5491455,0,0.26854396,0
5476386,1,0.7756686,1
5505131,0,0.889999,1
5507854,0,0.26001427,0
5504274,0,0.73748654,1
5463748,0,0.36367604,0
5463209,0,0.38608927,0
5509030,1,0.88185596,1
5469624,0,0.6478569,1
5483095,0,0.3466655,0
5492183,1,0.63713837,1
5465181,0,0.4216143,0
5467919,1,0.6533642,1
5469483,0,0.6311202,1
5469484,0,0.79637444,1
5469485,1,0.7335658,1
5469487,1,0.6097932,1
5470144,0,0.75955516,1
5473821,0,0.68819577,1
5477005,0,0.6819977,1
5480007,0,0.5260994,1
5493415,1,0.27306277,0
5494495,1,0.20609702,0
5496362,0,0.17878313,0
5496366,0,0.85324705,1
5499619,0,0.44777423,0
5499623,0,0.78237563,1
5499627,0,0.6407268,1
5499632,0,0.96880126,1
5501511,0,0.31854218,0
5502965,0,0.46524554,0
5508955,1,0.5781141,1
5508965,1,0.84744114,1
5465251,1,0.76147866,1
5498258,0,0.30452877,0
5504097,0,0.48879233,0
5490393,0,0.39928183,0
5494005,1,0.6299354,1
5473298,0,0.82676435,1
5462798,0,0.49214444,0
5473110,0,0.18492535,0
5470301,0,0.35023722,0
5470839,0,0.74190044,1
5470840,0,0.36799687,0
5464273,0,0.09223796,0
5464564,0,0.33547002,0
5466937,0,0.23146178,0
5475128,0,0.21566412,0
5477240,0,0.26656598,0
5477821,0,0.23436606,0
5495388,0,0.26089087,0
5502327,0,0.23537773,0
5507052,0,0.17339496,0
5508876,1,0.4294804,0
5495656,0,0.90485156,1
5482357,1,0.5174931,1
5469975,0,0.49656737,0
5476322,0,0.78464407,1
5481222,0,0.20143734,0
5481225,0,0.17694762,0
5481227,0,0.37752673,0
5481228,0,0.16295098,0
5479198,0,0.54691,1
5490191,0,0.54958975,1
5470289,0,0.3165712,0
5470291,0,0.44729248,0
5504103,0,0.87560487,1
5498313,1,0.9344678,1
5485585,0,0.4749854,0
5507450,0,0.39153743,0
5498965,1,0.9705723,1
5463969,0,0.3407816,0
5483660,0,0.38279217,0
5483664,1,0.29494187,0
5483704,0,0.37176833,0
5484410,0,0.41957113,0
5464802,0,0.39573961,0
5469727,0,0.42734712,0
5480421,0,0.23370521,0
5484064,0,0.6918393,1
5479056,0,0.37879115,0
5490821,0,0.97354895,1
5505894,0,0.65678585,1
5471559,0,0.55270106,1
5471567,1,0.9151843,1
5490547,0,0.6049692,1
5502942,0,0.67534745,1
5485826,1,0.88085973,1
5485561,0,0.8797249,1
5487376,0,0.4164615,0
5463811,0,0.16152841,0
5464316,0,0.34556773,0
5464709,0,0.15425128,0
5465570,0,0.10276531,0
5466027,0,0.23835836,0
5466122,0,0.1531769,0
5470583,0,0.12352811,0
5471938,0,0.095617935,0
5472028,0,0.23971802,0
5472036,0,0.18037175,0
5472302,0,0.043589395,0
5474469,0,0.137657,0
5474471,0,0.5178616,1
5479288,0,0.28901866,0
5473751,0,0.6805795,1
5497455,0,0.77697533,1
5468409,0,0.9171618,1
5475664,1,0.95032436,1
5467275,0,0.8328482,1
5477889,0,0.1894265,0
5484219,0,0.28879535,0
5463770,1,0.37902266,0
5472904,0,0.29875487,0
5473378,0,0.37222287,0
5474386,0,0.111343056,0
5475034,0,0.15298748,0
5484348,0,0.38485163,0
5484352,0,0.3554548,0
5484353,0,0.4898331,0
5484356,0,0.2786141,0
5484671,0,0.2471939,0
5485516,0,0.23001508,0
5485531,0,0.5792642,1
5485538,0,0.1376992,0
5463006,0,0.1096422,0
5464299,0,0.20135184,0
5464307,0,0.16136391,0
5464745,0,0.47338614,0
5486317,0,0.27519393,0
5461884,0,0.76176184,1
5471128,0,0.39286008,0
5474178,0,0.3179451,0
5466829,1,0.4227361,0
5476978,1,0.9849887,1
5492404,0,0.7791671,1
5484497,0,0.42894527,0
5485484,0,0.42507154,0
5494395,0,0.74390435,1
5469372,1,0.75906515,1
5506037,0,0.43770483,0
5497865,0,0.63293016,1
5497898,0,0.18954742,0
5507568,0,0.3503359,0
5461559,0,0.85766596,1
5468885,1,0.6299142,1
5470345,1,0.8077167,1
5466528,0,0.7669771,1
5490062,0,0.6750292,1
5492225,0,0.25485623,0
5466582,0,0.23040111,0
5466588,0,0.3306792,0
5466592,1,0.48428708,0
5467562,0,0.33507654,0
5468679,0,0.3485158,0
5470457,0,0.4574427,0
5470459,0,0.34043312,0
5470686,0,0.14122584,0
5470740,0,0.26353943,0
5471433,0,0.44870815,0
5471457,1,0.22035672,0
5471512,0,0.36594212,0
5472474,0,0.28366983,0
5472506,0,0.38621172,0
5472508,0,0.45054328,0
5472511,0,0.3705567,0
5472515,1,0.30677179,0
5473299,1,0.48851037,0
5473597,0,0.6761261,1
5473617,0,0.5923924,1
5473620,0,0.7792208,1
5473747,0,0.58417976,1
5473989,0,0.45778,0
5474095,0,0.3318552,0
5474097,0,0.5281644,1
5474170,0,0.23795901,0
5477831,0,0.70580506,1
5495418,0,0.8613135,1
5473950,0,0.94613296,1
5467153,1,0.8773993,1
5475801,0,0.8649033,1
5473843,0,0.8972664,1
5464815,1,0.628856,1
5464820,1,0.8460402,1
5465594,0,0.57293963,1
5480387,0,0.3155738,0
5480391,0,0.74877375,1
5480910,1,0.96521586,1
5483372,1,0.892512,1
5483629,0,0.38733315,0
5483643,0,0.7336221,1
5484226,0,0.69632196,1
5484280,0,0.70844007,1
5485257,1,0.8448836,1
5491025,1,0.7922692,1
5495318,0,0.779373,1
5507777,0,0.7114112,1
5485040,0,0.3960951,0
5497050,1,0.4827697,0
5465011,0,0.35502312,0
5461895,1,0.41760388,0
5509122,0,0.62710637,1
5478042,1,0.773145,1
5491008,0,0.34389356,0
5492449,0,0.7323758,1
5492452,0,0.79313993,1
5492454,0,0.58016473,1
5495298,0,0.41535658,0
5495845,0,0.18782252,0
5500919,0,0.34680882,0
5500932,0,0.25923666,0
5501057,0,0.09590593,0
5502028,0,0.22314313,0
5503186,0,0.4206264,0
5479346,0,0.36790642,0
5479383,0,0.25437003,0
5479389,0,0.14543132,0
5479393,0,0.11117975,0
5479394,0,0.21040545,0
5480455,0,0.2531065,0
5480458,0,0.26002523,0
5480461,0,0.16749968,0
5465187,1,0.85867083,1
5490722,0,0.7411296,1
5507249,0,0.79224014,1
5469307,1,0.6017552,1
5485642,0,0.1979687,0
5494250,0,0.38531867,0
5484827,0,0.3699452,0
5482894,0,0.6590736,1
5485897,1,0.8883768,1
5493011,0,0.3708431,0
5493936,0,0.19660842,0
5495430,0,0.27673963,0
5495432,0,0.36106458,0
5495434,0,0.23205942,0
5495448,0,0.22996396,0
5503588,0,0.24813175,0
5503590,0,0.27123392,0
5474411,0,0.14197868,0
5474412,0,0.16993539,0
5479441,0,0.43760538,0
5473092,1,0.6280143,1
5473093,1,0.44058028,0
5468137,0,0.48806804,0
5465110,0,0.81853867,1
5464220,0,0.35058063,0
5461856,0,0.6705699,1
5468637,1,0.4627012,0
5465693,0,0.4120934,0
5475073,0,0.7689012,1
5464961,0,0.38510025,0
5482652,0,0.5612459,1
5483979,0,0.3192738,0
5508247,0,0.5284452,1
5481750,1,0.6943013,1
5475816,0,0.753968,1
5476584,0,0.45322558,0
5483306,0,0.26196808,0
5486153,0,0.14157112,0
5462024,1,0.90707844,1
5463242,0,0.38584086,0
5463245,0,0.40260378,0
5463318,1,0.4720061,0
5463422,0,0.37145615,0
5464573,0,0.44309568,0
5473942,0,0.2661398,0
5484572,0,0.48726314,0
5484573,0,0.098777555,0
5506781,0,0.822071,1
5476420,1,0.72060734,1
5489780,0,0.7940149,1
5490222,0,0.94541436,1
5478882,0,0.48935777,0
5499234,0,0.9130468,1
5463815,0,0.13543679,0
5464924,0,0.23064783,0
5465689,0,0.17995016,0
5468156,0,0.2014449,0
5468177,0,0.28052217,0
5468335,0,0.10321938,0
5469161,0,0.1275464,0
5470856,0,0.16878113,0
5470860,0,0.2188431,0
5470862,0,0.074921824,0
5471532,0,0.049009148,0
5471534,0,0.22325896,0
5471536,0,0.11962082,0
5471539,0,0.16430038,0
5471542,0,0.2570333,0
5471706,0,0.20390175,0
5471916,0,0.14848466,0
5471917,0,0.08371301,0
5471920,0,0.07079161,0
5471922,0,0.11339139,0
5472084,0,0.27504194,0
5472346,0,0.21906132,0
5472349,0,0.15655623,0
5472350,0,0.043036543,0
5472610,0,0.15862623,0
5472689,0,0.3708174,0
5472690,0,0.10848225,0
5472694,0,0.08921079,0
5472902,0,0.047123384,0
5473030,0,0.23666404,0
5473183,0,0.14005074,0
5473186,0,0.18215807,0
5473499,0,0.1710885,0
5473503,0,0.13838853,0
5473505,0,0.11054887,0
5473640,0,0.28578475,0
5473794,0,0.23115744,0
5473887,0,0.19299898,0
5474196,0,0.15640295,0
5474545,0,0.10319665,0
5474612,0,0.09937264,0
5474771,0,0.20480028,0
5474882,0,0.097019546,0
5475212,0,0.11646587,0
5475529,0,0.12085381,0
5475687,0,0.08813492,0
5475910,0,0.1323863,0
5475968,0,0.2018737,0
5476163,0,0.2140367,0
5476191,0,0.08093075,0
5476194,0,0.12853922,0
5476195,0,0.11435216,0
5476196,1,0.09153722,0
5476292,0,0.11334359,0
5476294,0,0.29204687,0
5476680,0,0.13845795,0
5476683,0,0.17252362,0
5476729,0,0.17650725,0
5476731,0,0.11492889,0
5476734,0,0.0974001,0
5476803,0,0.17334686,0
5477057,0,0.13005207,0
5477060,0,0.13457271,0
5477157,0,0.07772735,0
5477159,0,0.07510824,0
5477707,0,0.13172278,0
5477783,0,0.10199946,0
5477799,0,0.021364998,0
5477975,0,0.11224868,0
5478029,0,0.24558486,0
5478207,0,0.15830776,0
5478295,0,0.14180516,0
5478548,0,0.08101449,0
5478582,0,0.18467599,0
5478656,0,0.1606796,0
5478659,1,0.19308293,0
5478977,0,0.14682677,0
5479052,0,0.041708108,0
5479414,0,0.0747207,0
5479531,0,0.44091198,0
5479812,0,0.06314386,0
5480191,0,0.06832422,0
5480223,0,0.29091695,0
5480225,0,0.14105979,0
5480240,0,0.21581677,0
5480545,0,0.1983263,0
5481023,0,0.21125534,0
5481024,0,0.18426241,0
5481141,0,0.091653235,0
5481412,0,0.102416106,0
5481800,0,0.1956999,0
5481802,0,0.08906281,0
5482030,0,0.14684296,0
5482158,0,0.18490216,0
5482419,0,0.23113328,0
5483248,0,0.1750426,0
5484215,0,0.25635818,0
5484608,0,0.12152533,0
5487940,0,0.27336547,0
5489411,0,0.07696988,0
5497884,0,0.46763995,0
5503665,0,0.04147193,0
5506090,0,0.14060763,0
5508647,0,0.041773118,0
5481297,1,0.72319645,1
5497936,0,0.7102885,1
5479063,1,0.83876693,1
5503571,0,0.7488753,1
5462375,1,0.7132721,1
5467838,0,0.1616522,0
5461916,1,0.8698034,1
5473890,0,0.76708734,1
5470593,0,0.30857873,0
5483234,0,0.34388003,0
5484399,0,0.2882752,0
5494204,0,0.64736575,1
5461647,0,0.43396148,0
5485015,0,0.86761063,1
5493447,1,0.8877341,1
5470708,0,0.28696942,0
5480628,0,0.23128125,0
5463713,0,0.7943465,1
5463352,0,0.8328295,1
5470882,0,0.44253597,0
5470891,0,0.09532603,0
5476667,0,0.16079752,0
5482689,0,0.7050995,1
5482693,0,0.41119888,0
5493683,0,0.1300771,0
5500730,1,0.9218488,1
5498810,0,0.6242411,1
5471275,0,0.32497218,0
5470209,0,0.63509977,1
5506709,0,0.82738084,1
5492049,0,0.42521235,0
5500996,0,0.74117225,1
5478948,1,0.3443974,0
5474810,0,0.8323945,1
5470482,0,0.4794014,0
5473279,0,0.5488103,1
5463196,0,0.100396655,0
5463243,0,0.1501695,0
5465583,1,0.78214914,1
5464226,0,0.4418845,0
5466058,1,0.9386244,1
5502559,0,0.55040425,1
5504970,0,0.64487463,1
5474188,0,0.44369134,0
5474192,0,0.40138263,0
5475774,1,0.2929181,0
5475904,0,0.3629213,0
5475915,0,0.49249324,0
5476197,0,0.65659624,1
5476257,0,0.50967443,1
5476272,0,0.45068854,0
5476316,0,0.46519342,0
5477144,0,0.25251156,0
5477212,0,0.33752596,0
5478685,0,0.46358436,0
5478687,0,0.28600284,0
5478739,0,0.30745003,0
5478828,1,0.21419846,0
5478829,0,0.26073417,0
5478830,0,0.4643794,0
5478985,0,0.27382755,0
5480282,0,0.16818324,0
5480284,0,0.32212406,0
5480287,0,0.3611661,0
5480290,0,0.26004508,0
5481373,0,0.33719984,0
5482301,0,0.3344917,0
5482650,0,0.25625494,0
5484878,0,0.31188282,0
5485035,0,0.24669848,0
5502444,0,0.563662,1
5467170,1,0.24686806,0
5487151,0,0.07838447,0
5462497,0,0.15913253,0
5474666,0,0.14440753,0
5476696,0,0.15306936,0
5482564,0,0.2220555,0
5485429,0,0.17302518,0
5506745,0,0.70523876,1
5492957,0,0.47542122,0
5465383,1,0.9172138,1
5482091,0,0.95159686,1
5463274,0,0.25697377,0
5472779,0,0.14118668,0
5475053,1,0.4355748,0
5474399,0,0.799899,1
5503846,0,0.2353944,0
5473010,0,0.47252363,0
5475748,0,0.15065083,0
5484896,0,0.55450004,1
5464374,0,0.19016786,0
5466997,0,0.20905855,0
5466998,0,0.16214338,0
5468620,0,0.1655489,0
5476366,0,0.77890897,1
5494114,0,0.940577,1
5477204,0,0.6506963,1
5464806,1,0.56057185,1
5465614,0,0.45272136,0
5465994,0,0.46839088,0
5470396,0,0.3535608,0
5472142,0,0.40802774,0
5472155,0,0.2528482,0
5472190,0,0.3764691,0
5472797,0,0.36872035,0
5473360,0,0.48469687,0
5473386,0,0.25321865,0
5473390,0,0.275438,0
5473566,0,0.22363032,0
5474206,0,0.4046765,0
5474219,0,0.45670125,0
5476309,0,0.33384052,0
5476387,0,0.4572574,0
5476422,0,0.42631435,0
5476813,0,0.1428333,0
5476816,0,0.35210723,0
5477178,1,0.5104489,1
5477181,0,0.8292274,1
5477323,0,0.33088428,0
5477732,0,0.8012489,1
5478004,0,0.34193265,0
5478018,0,0.2594937,0
5478021,0,0.30675736,0
5478972,0,0.22973092,0
5479620,1,0.4375631,0
5479854,0,0.15184112,0
5480164,0,0.18481888,0
5480325,1,0.3296058,0
5480328,0,0.5703902,1
5480329,0,0.48417044,0
5480912,0,0.20437819,0
5480915,0,0.68797404,1
5480988,1,0.49121648,0
5481035,0,0.18365027,0
5481324,0,0.27850914,0
5481328,0,0.22342719,0
5481407,0,0.30829415,0
5481429,0,0.17954177,0
5481472,0,0.28204322,0
5481501,0,0.24100858,0
5481509,0,0.68131846,1
5481755,0,0.42381275,0
5481757,0,0.27049875,0
5481775,0,0.3178694,0
5481807,0,0.19211686,0
5482090,0,0.3500362,0
5482100,0,0.3378766,0
5482159,0,0.5382718,1
5482162,0,0.21791972,0
5482261,0,0.38523927,0
5482500,0,0.24582767,0
5482527,0,0.16839027,0
5482567,0,0.23037672,0
5482578,0,0.41561463,0
5482605,0,0.20265405,0
5483050,0,0.50296426,1
5483062,0,0.34413365,0
5483065,0,0.14333138,0
5483066,0,0.20255041,0
5483068,0,0.20180008,0
5483353,0,0.13219436,0
5483362,0,0.20565677,0
5483533,0,0.308214,0
5483535,0,0.12757248,0
5483609,0,0.31103155,0
5483712,0,0.17132775,0
5483748,0,0.36763877,0
5483845,0,0.23143357,0
5483867,0,0.107362054,0
5483869,0,0.24568409,0
5483876,0,0.3096398,0
5484060,0,0.3536112,0
5484304,0,0.1870988,0
5484316,0,0.38086632,0
5484753,0,0.102991164,0
5485399,0,0.21285276,0
5485401,0,0.10956315,0
5486069,0,0.16645,0
5462996,0,0.3733129,0
5463210,0,0.29550397,0
5470419,0,0.40215167,0
5486355,0,0.13649714,0
5486358,0,0.517179,1
5485677,1,0.7573708,1
5464163,0,0.7898828,1
5495030,0,0.44613573,0
5475012,0,0.94155085,1
5461500,1,0.783089,1
5464684,0,0.3153812,0
5484008,1,0.38232458,0
5486525,1,0.67121893,1
5461935,1,0.8176866,1
5471359,0,0.760592,1
5476044,0,0.7938115,1
5476046,0,0.68813604,1
5476048,0,0.45247784,0
5476052,0,0.7209334,1
5476056,0,0.54435444,1
5476274,0,0.8696233,1
5476280,0,0.16713504,0
5477170,0,0.06767156,0
5477173,0,0.40612897,0
5477330,1,0.15273951,0
5477654,0,0.2836088,0
5477682,0,0.43504143,0
5478635,0,0.20179412,0
5479089,0,0.20040406,0
5479844,1,0.9415143,1
5480281,1,0.6609135,1
5480304,0,0.8488731,1
5482264,0,0.25744703,0
5484059,0,0.17481309,0
5484061,0,0.38134113,0
5484077,0,0.5547339,1
5484162,0,0.30871743,0
5484627,1,0.45752174,0
5484631,1,0.85901606,1
5485617,0,0.57185304,1
5486363,0,0.20129552,0
5486366,0,0.62983257,1
5487971,0,0.52882534,1
5488033,0,0.387789,0
5488315,0,0.89493465,1
5488319,0,0.77409875,1
5488328,0,0.7489387,1
5490024,0,0.41436782,0
5491345,0,0.65471053,1
5491382,0,0.9551778,1
5491386,0,0.39989793,0
5492429,0,0.29031938,0
5492432,0,0.674715,1
5492780,1,0.38012853,0
5492789,1,0.18737012,0
5492865,0,0.6208874,1
5493252,0,0.19876142,0
5493258,1,0.42953393,0
5493688,0,0.7911444,1
5495678,1,0.3412285,0
5495687,1,0.8365997,1
5497006,0,0.8529594,1
5498601,0,0.4326767,0
5498685,0,0.3731662,0
5499904,0,0.50968426,1
5499915,0,0.3312757,0
5500041,0,0.9529372,1
5500045,0,0.6194359,1
5500810,0,0.56032336,1
5501713,1,0.9158082,1
5504369,0,0.45704463,0
5504471,0,0.76474243,1
5475096,0,0.36443692,0
5476381,0,0.37972865,0
5485356,0,0.7690876,1
5485191,0,0.46570623,0
5485221,0,0.21844687,0
5491262,1,0.86366147,1
5479228,0,0.21233873,0
5482182,0,0.19455336,0
5507244,1,0.94550765,1
5481586,0,0.4282784,0
5483859,0,0.7881582,1
5498959,0,0.9391027,1
5492398,1,0.9123787,1
5481915,1,0.1432201,0
5481922,0,0.05044517,0
5495779,0,0.20152752,0
5478711,0,0.6162294,1
5466092,0,0.8785613,1
5491091,1,0.821083,1
5497879,0,0.8145747,1
5485680,0,0.41366285,0
5479072,0,0.72602063,1
5479542,0,0.6036092,1
5461168,0,0.06667856,0
5461169,0,0.07972934,0
5461316,0,0.10095014,0
5462100,0,0.08921174,0
5462101,0,0.074694574,0
5462780,0,0.05633103,0
5464312,0,0.058375202,0
5465368,0,0.0706409,0
5465374,0,0.095533684,0
5465716,0,0.036082525,0
5466367,0,0.052015282,0
5466856,0,0.053909928,0
5466857,0,0.111909725,0
5467754,0,0.062585935,0
5468103,0,0.026664607,0
5468446,0,0.040257853,0
5468448,0,0.07673,0
5468449,0,0.041079488,0
5470187,0,0.10741859,0
5470192,0,0.094917625,0
5470193,0,0.09337101,0
5477953,0,0.022659209,0
5478000,0,0.08296095,0
5478001,0,0.02426331,0
5478227,0,0.040674157,0
5478232,0,0.025337629,0
5478927,0,0.05760059,0
5480379,0,0.2931728,0
5481528,0,0.0190755,0
5482662,0,0.05972601,0
5482665,0,0.04710844,0
5483199,0,0.027306495,0
5483201,0,0.020976037,0
5483579,0,0.028128345,0
5483582,0,0.02172861,0
5484234,0,0.10516121,0
5484282,0,0.01969748,0
5484720,0,0.02404833,0
5480106,0,0.8207943,1
5482382,0,0.17288648,0
5493923,0,0.19791374,0
5468124,1,0.56924087,1
5463857,1,0.9386062,1
5462687,0,0.49561968,0
5461280,0,0.4075009,0
5470761,0,0.6772047,1
5471436,0,0.5643187,1
5472032,0,0.36910883,0
5473576,0,0.6863454,1
5474932,0,0.31339106,0
5475683,0,0.30817676,0
5483224,0,0.27588245,0
5489924,0,0.5356835,1
5489930,0,0.75448114,1
5503501,0,0.45321557,0
5503506,0,0.29480773,0
5486387,0,0.8039245,1
5494079,0,0.4740177,0
5503815,0,0.42001852,0
5501295,0,0.9146526,1
5476712,0,0.50126684,1
5501026,0,0.14789768,0
5483429,0,0.22952053,0
5493053,0,0.625565,1
5465549,0,0.4389654,0
5465701,0,0.3680713,0
5474639,0,0.66885555,1
5483981,0,0.40146577,0
5484544,0,0.31452027,0
5485339,0,0.26496038,0
5465762,1,0.66009784,1
5485043,0,0.15086226,0
5476727,0,0.7018385,1
5464235,0,0.52263004,1
5471691,0,0.5688605,1
5467492,1,0.7607425,1
5465750,1,0.6694957,1
5468400,0,0.44171223,0
5465966,1,0.93388623,1
5471710,0,0.81104255,1
5483506,0,0.6270192,1
5469081,1,0.7752577,1
5479600,0,0.3911903,0
5490496,0,0.7652026,1
5473141,0,0.78850555,1
5487342,0,0.7077477,1
5474356,0,0.10587696,0
5464095,0,0.5925507,1
5476404,1,0.85469246,1
5476405,0,0.92587805,1
5476408,1,0.88972455,1
5476410,1,0.9073635,1
5476414,1,0.969157,1
5497844,0,0.7691638,1
5465382,0,0.21668644,0
5465402,0,0.26560313,0
5465426,1,0.5773914,1
5466111,0,0.2951362,0
5466488,0,0.81205285,1
5475907,0,0.35524675,0
5465933,0,0.21101364,0
5465965,1,0.1695548,0
5461625,0,0.34897828,0
5461848,1,0.30807254,0
5462319,0,0.6211471,1
5462320,0,0.45677426,0
5462329,0,0.06125851,0
5462902,0,0.3344935,0
5462904,0,0.097881235,0
5462911,0,0.34354112,0
5462992,0,0.37651077,0
5464693,0,0.19282424,0
5466169,0,0.24195383,0
5466626,0,0.40413478,0
5466830,0,0.05506529,0
5467169,0,0.106971465,0
5467527,0,0.21847732,0
5467611,1,0.56541795,1
5467620,0,0.4217491,0
5468198,0,0.14604306,0
5469358,0,0.41972825,0
5484032,0,0.8680664,1
5484454,0,0.83425677,1
5475086,0,0.2986536,0
5480891,0,0.74889994,1
5468879,0,0.3368493,0
5469422,1,0.3194703,0
5469982,0,0.16060568,0
5469983,0,0.37002438,0
5469986,0,0.5507711,1
5469989,0,0.20712751,0
5469991,0,0.6720837,1
5469992,0,0.27303922,0
5470417,0,0.4027666,0
5470429,1,0.38888064,0
5470719,1,0.3681461,0
5471683,0,0.2132554,0
5471814,0,0.36608657,0
5472093,0,0.2772426,0
5472124,0,0.47564718,0
5472844,0,0.32306275,0
5473226,1,0.33086172,0
5473230,0,0.26401615,0
5473479,0,0.20352128,0
5474248,1,0.29776773,0
5474249,0,0.18945415,0
5474899,0,0.2007376,0
5474903,0,0.23699112,0
5475198,0,0.20643707,0
5475731,0,0.26033464,0
5475735,0,0.37512305,0
5476289,0,0.2399729,0
5476290,0,0.39358026,0
5476304,0,0.2891619,0
5476657,0,0.6932092,1
5476704,0,0.5675603,1
5477767,1,0.33905926,0
5477768,1,0.20384389,0
5478265,1,0.2516549,0
5478279,0,0.2653302,0
5478291,0,0.31078032,0
5478293,0,0.38843247,0
5479923,1,0.3565823,0
5479924,1,0.3230416,0
5479932,0,0.7890468,1
5479935,1,0.45938647,0
5479943,0,0.46551013,0
5479947,0,0.6066172,1
5480148,0,0.17338091,0
5480150,0,0.2879684,0
5481190,0,0.18384029,0
5481196,0,0.16243398,0
5481199,0,0.33536816,0
5482896,0,0.33668482,0
5482898,0,0.20888676,0
5482906,0,0.60817623,1
5483817,0,0.6197838,1
5483825,0,0.17457402,0
5483833,0,0.30361697,0
5484404,1,0.20183218,0
5484406,0,0.34918487,0
5484505,0,0.24023683,0
5484506,0,0.55641484,1
5484512,1,0.43110347,0
5484525,0,0.46816686,0
5485468,0,0.18518032,0
5486533,0,0.38773268,0
5489370,0,0.34635916,0
5480633,1,0.5522756,1
5461422,0,0.1874074,0
5479949,1,0.24390228,0
5479950,0,0.58892554,1
5463056,0,0.71607804,1
5463502,0,0.20461108,0
5463828,0,0.21280034,0
5464016,0,0.20940593,0
5468390,0,0.18355638,0
5468770,0,0.13518913,0
5469895,0,0.19129422,0
5470293,0,0.43005195,0
5470295,0,0.17623934,0
5470385,0,0.55814964,1
5470388,0,0.3298833,0
5470389,0,0.25214925,0
5470446,0,0.091201365,0
5468093,0,0.20714752,0
5483967,0,0.34048894,0
5498318,0,0.31701067,0
5494516,0,0.56358624,1
5461174,0,0.36253747,0
5507713,0,0.91765136,1
5498728,0,0.80581933,1
5482272,0,0.2750099,0
5473501,0,0.72136676,1
5486415,0,0.19030316,0
5467876,0,0.12993401,0
5467256,0,0.32707512,0
5483237,1,0.6565656,1
5507300,1,0.9422273,1
5487451,0,0.8797315,1
5461783,0,0.47490236,0
5461785,0,0.2418334,0
5461787,1,0.42025316,0
5461806,0,0.628908,1
5461812,0,0.20385922,0
5462311,0,0.25753438,0
5463052,0,0.28718606,0
5465732,0,0.1778135,0
5466039,0,0.3981676,0
5466050,0,0.11389894,0
5466060,0,0.24486329,0
5467603,1,0.3518161,0
5475750,0,0.38548425,0
5494982,0,0.8402674,1
5466149,0,0.3458938,0
5471176,0,0.43301487,0
5500544,1,0.25823075,0
5479850,0,0.1211397,0
5482502,0,0.33441913,0
5485462,0,0.16624433,0
5486583,0,0.4161877,0
5486585,1,0.23519735,0
5486590,0,0.23704636,0
5486675,0,0.32226953,0
5486677,0,0.2240251,0
5487123,0,0.31516463,0
5487124,0,0.2621232,0
5487129,0,0.36993176,0
5499042,0,0.8635046,1
5478575,0,0.5212917,1
5494512,0,0.5314167,1
5481858,1,0.72325474,1
5478966,0,0.39339978,0
5481329,0,0.4477291,0
5480782,0,0.14715369,0
5482579,0,0.511983,1
5490807,0,0.8642586,1
5492582,1,0.56506354,1
5494968,0,0.30720654,0
5502771,0,0.7695334,1
5473290,0,0.30590704,0
5477387,0,0.51673496,1
5465883,0,0.87170166,1
5481830,1,0.5807478,1
5491275,0,0.46840253,0
5485820,0,0.16370279,0
5485821,0,0.22812289,0
5461530,0,0.8304027,1
5501942,0,0.28556693,0
5487787,0,0.7989221,1
5475015,1,0.5140902,1
5508631,0,0.9065605,1
5477366,0,0.8225563,1
5472452,0,0.5087632,1
5480916,0,0.82006836,1
5474547,1,0.96409553,1
5478468,1,0.9545481,1
5478526,1,0.9857232,1
5479545,0,0.1832455,0
5496770,0,0.11827151,0
5468345,0,0.3639542,0
5468348,0,0.43661642,0
5468356,0,0.39767352,0
5475226,0,0.27995232,0
5483605,0,0.8039313,1
5493568,0,0.40907365,0
5466606,0,0.35278618,0
5471535,0,0.8824912,1
5476226,0,0.74132663,1
5502213,1,0.8575391,1
5502259,0,0.845948,1
5464612,0,0.4780104,0
5465267,0,0.42724183,0
5472484,0,0.28672728,0
5465252,0,0.45600352,0
5465332,0,0.4004511,0
5474890,0,0.4574648,0
5492571,0,0.31955963,0
5500481,0,0.4824101,0
5504453,0,0.41017297,0
5464488,0,0.5123013,1
5471774,0,0.49272177,0
5492967,0,0.21794724,0
5490644,0,0.55968064,1
5473176,0,0.29303592,0
5490089,0,0.77712935,1
5506347,0,0.70422804,1
5467278,0,0.39962497,0
5472840,0,0.74272096,1
5476389,0,0.4333212,0
5506899,0,0.448298,0
5479282,0,0.51040643,1
5502318,1,0.7578497,1
5464642,0,0.38656485,0
5496706,0,0.93966824,1
5469527,1,0.50605315,1
5464241,0,0.20281279,0
5494403,1,0.5112804,1
5474402,0,0.76082516,1
5485146,1,0.9524873,1
5466269,0,0.18633991,0
5462735,0,0.5061107,1
5472200,0,0.31906852,0
5466705,0,0.8137359,1
5466800,0,0.24560796,0
5466809,0,0.5744441,1
5466858,0,0.42221278,0
5466873,1,0.32336816,0
5466874,0,0.54658234,1
5466877,0,0.74816716,1
5466885,0,0.2527607,0
5466893,0,0.58107036,1
5466896,0,0.8981857,1
5466912,0,0.35527185,0
5467145,0,0.78023446,1
5467148,0,0.19073154,0
5467150,0,0.33913153,0
5467194,0,0.4629445,0
5467198,0,0.7296999,1
5467202,0,0.340703,0
5467204,0,0.22446209,0
5467207,0,0.4395304,0
5467249,1,0.17349501,0
5467379,0,0.38181922,0
5467383,0,0.22474286,0
5467406,1,0.755469,1
5467415,0,0.31211725,0
5467653,1,0.48376206,0
5467672,0,0.24091145,0
5467688,0,0.17878926,0
5467697,0,0.37686345,0
5467732,0,0.38576803,0
5467844,0,0.17610846,0
5467854,0,0.3947665,0
5467858,0,0.38132283,0
5468022,0,0.10025602,0
5468442,0,0.4294294,0
5468710,0,0.2951097,0
5468714,1,0.20798093,0
5468720,0,0.21064876,0
5468724,0,0.106754325,0
5468749,0,0.26685455,0
5468767,1,0.4413735,0
5468965,0,0.3995276,0
5468969,0,0.4333961,0
5468975,0,0.5763588,1
5468977,0,0.29316643,0
5468980,0,0.41360995,0
5468988,0,0.26002073,0
5469142,1,0.41940486,0
5469148,0,0.5134249,1
5469167,0,0.30708632,0
5469173,0,0.26787457,0
5469238,0,0.38428086,0
5469242,0,0.23046492,0
5471942,0,0.2007349,0
5472005,0,0.4528759,0
5472645,0,0.32657394,0
5472850,0,0.3144892,0
5472852,0,0.35351822,0
5472860,0,0.19820955,0
5473054,0,0.18394192,0
5473157,1,0.33970726,0
5473549,0,0.22907966,0
5473596,0,0.34476542,0
5473637,0,0.26607147,0
5473690,0,0.32649317,0
5473874,0,0.26523432,0
5474059,0,0.42715952,0
5474186,0,0.32886106,0
5474309,0,0.21665534,0
5474647,0,0.16978337,0
5474794,0,0.19984706,0
5475131,0,0.1752234,0
5475374,0,0.17370062,0
5475843,1,0.3405666,0
5476677,0,0.16150372,0
5477478,0,0.13915977,0
5504856,0,0.87993133,1
5474878,0,0.8038326,1
5481535,0,0.92284447,1
5462083,0,0.19914232,0
5462093,0,0.18294664,0
5463302,0,0.3885878,0
5463306,0,0.60123247,1
5464751,0,0.6200625,1
5466342,0,0.23846312,0
5466703,0,0.3446698,0
5466709,0,0.36306843,0
5466863,0,0.24043153,0
5466870,0,0.26212966,0
5467026,0,0.27856648,0
5467092,0,0.19846822,0
5467097,0,0.23509781,0
5467242,0,0.132705,0
5467290,1,0.12802795,0
5467443,0,0.1905643,0
5467914,0,0.40980595,0
5467915,0,0.21096708,0
5468517,0,0.35805994,0
5468913,0,0.23991695,0
5470560,0,0.23395118,0
5470821,0,0.20286816,0
5471055,0,0.1935878,0
5471082,1,0.48206285,0
5472110,0,0.28192875,0
5472112,0,0.19789617,0
5472118,1,0.20325129,0
5472135,0,0.22498769,0
5472296,0,0.50687325,1
5472299,0,0.28437862,0
5472426,0,0.18335874,0
5472746,1,0.38955787,0
5472900,0,0.28868043,0
5473346,0,0.18020096,0
5474894,0,0.23874785,0
5474938,0,0.26681864,0
5474940,0,0.28051206,0
5474996,0,0.14183705,0
5474998,0,0.2763417,0
5475195,0,0.34986022,0
5475586,0,0.18030076,0
5475597,0,0.1733743,0
5475621,0,0.18745913,0
5475886,0,0.28725603,0
5475897,0,0.16522802,0
5476485,0,0.17237392,0
5476491,0,0.27268347,0
5476597,0,0.23886788,0
5476893,0,0.26522002,0
5476900,0,0.13432401,0
5476959,1,0.58840644,1
5477414,0,0.37857133,0
5477480,0,0.23389389,0
5477789,0,0.1783465,0
5477792,0,0.28736824,0
5477887,0,0.12677579,0
5478684,0,0.6013615,1
5478710,0,0.64599377,1
5478712,0,0.27763745,0
5478742,0,0.13071577,0
5479091,0,0.22151554,0
5479589,0,0.17540067,0
5480248,0,0.22556639,0
5480378,0,0.12799682,0
5480642,1,0.17339213,0
5480713,0,0.24905415,0
5480921,0,0.21478955,0
5480923,0,0.20998928,0
5480926,0,0.1918457,0
5481921,0,0.30322558,0
5482309,0,0.38188663,0
5482593,0,0.18075089,0
5482598,0,0.30321953,0
5482603,0,0.22185019,0
5482742,0,0.29116565,0
5482873,0,0.4428976,0
5482938,0,0.22706722,0
5482945,0,0.12657513,0
5483250,0,0.17427859,0
5483698,0,0.16891752,0
5483703,0,0.35850802,0
5483705,0,0.24331145,0
5484135,0,0.15090327,0
5484140,0,0.21808845,0
5484166,0,0.13813737,0
5484670,0,0.15708698,0
5484677,0,0.16443734,0
5484688,0,0.2945468,0
5485589,0,0.080846235,0
5485872,0,0.11534797,0
5486024,1,0.17069802,0
5465997,0,0.6204971,1
5481198,0,0.5804178,1
5483823,0,0.21305165,0
5507787,0,0.5464596,1
5463826,0,0.5474453,1
5509423,1,0.86392266,1
5488290,0,0.3953784,0
5497229,0,0.5937513,1
5498330,0,0.321991,0
5500156,0,0.49540818,0
5471212,0,0.5246326,1
5474048,0,0.43042466,0
5492628,0,0.50864553,1
5469169,0,0.22179943,0
5500105,1,0.86659014,1
5488369,0,0.62378955,1
5493285,0,0.61502576,1
5467515,0,0.3229241,0
5495078,0,0.5060226,1
5499076,1,0.92541057,1
5496703,1,0.8472884,1
5495444,0,0.22751941,0
5467397,0,0.40935472,0
5493760,0,0.27143577,0
5464111,0,0.7849366,1
5462302,0,0.41785413,0
5462409,0,0.23291938,0
5462920,0,0.13490286,0
5463034,0,0.2725827,0
5463474,0,0.19649367,0
5463476,0,0.24392755,0
5463575,0,0.14772443,0
5463580,0,0.11752764,0
5463581,0,0.24884228,0
5463583,0,0.28227648,0
5463667,0,0.13789599,0
5464886,0,0.32783094,0
5464994,0,0.20657709,0
5467641,0,0.16785607,0
5467642,0,0.3101955,0
5473135,0,0.66268873,1
5474045,0,0.23609082,0
5475846,0,0.31625804,0
5481893,0,0.17754318,0
5507909,0,0.412055,0
5486108,0,0.3288691,0
5499876,0,0.33651617,0
5471819,0,0.16835016,0
5475132,0,0.23763132,0
5481947,0,0.7504432,1
5483496,0,0.53481203,1
5487829,0,0.818485,1
5462496,0,0.36844757,0
5489764,0,0.73666435,1
5491117,0,0.36658227,0
5495587,0,0.35483044,0
5503677,0,0.37724605,0
5503868,0,0.39517608,0
5504789,0,0.17361979,0
5504801,0,0.121811494,0
5471377,1,0.78898484,1
5484660,0,0.833701,1
5466325,0,0.5902094,1
5463944,0,0.34040365,0
5476518,0,0.7989797,1
5504500,0,0.7850424,1
5479515,1,0.93257356,1
5478912,0,0.20749104,0
5478978,0,0.4643309,0
5463629,0,0.22142163,0
5502242,0,0.46916625,0
5486231,1,0.3059709,0
5471358,0,0.23399627,0
5472523,0,0.37165555,0
5484590,0,0.2599857,0
5485059,0,0.36247975,0
5464508,1,0.86306834,1
5475041,0,0.7598956,1
5483227,0,0.8922074,1
5499175,0,0.47932667,0
5471187,0,0.6337149,1
5469868,0,0.3099976,0
5474719,0,0.69865525,1
5483536,0,0.89598876,1
5474328,1,0.28200766,0
5461483,0,0.43073952,0
5465959,0,0.40226826,0
5468658,1,0.59744483,1
5481917,0,0.5585104,1
5470286,0,0.5749756,1
5472872,1,0.5055443,1
5467782,0,0.11075538,0
5468458,0,0.46283713,0
5468473,0,0.29268453,0
5470770,0,0.12976485,0
5501132,0,0.5172671,1
5463158,1,0.8571995,1
5475701,0,0.677357,1
5484309,1,0.88381445,1
5473393,0,0.8870467,1
5482790,0,0.5444054,1
5494317,0,0.5973656,1
5500452,0,0.49377888,0
5500523,1,0.7581178,1
5509121,1,0.60567075,1
5462623,0,0.15759172,0
5464150,0,0.27519974,0
5476431,1,0.94254285,1
5487418,0,0.7739189,1
5500836,0,0.95080626,1
5502396,0,0.85533655,1
5469210,0,0.34156176,0
5487537,0,0.6767847,1
5470653,1,0.6640398,1
5484055,0,0.8105099,1
5476040,0,0.5671314,1
5462851,0,0.534185,1
5473839,0,0.17248245,0
5486941,0,0.16098836,0
5495368,0,0.47484392,0
5503450,0,0.14596431,0
5507386,0,0.35350558,0
5489837,0,0.49915105,0
5475372,0,0.29180753,0
5481486,0,0.22711237,0
5482325,0,0.4963657,0
5468734,1,0.8598538,1
5461761,0,0.34272164,0
5465845,0,0.2424129,0
5465847,0,0.28148764,0
5465851,1,0.48199376,0
5465855,0,0.4951947,0
5468030,0,0.35395554,0
5468689,0,0.27171734,0
5469031,0,0.24292736,0
5469034,0,0.37560672,0
5469039,0,0.44652244,0
5469889,0,0.2644875,0
5469892,0,0.30106607,0
5469894,0,0.73313385,1
5477140,0,0.33475947,0
5477148,0,0.35681373,0
5477151,0,0.1972976,0
5477153,0,0.3255179,0
5477158,0,0.299423,0
5477160,0,0.45523787,0
5477163,0,0.2516031,0
5477165,0,0.3122956,0
5504816,0,0.13578986,0
5497764,0,0.33986297,0
5480318,0,0.38887328,0
5502985,0,0.8774603,1
5508728,0,0.5360102,1
5468728,0,0.37698904,0
5481766,0,0.32952052,0
5487083,0,0.7030858,1
5478231,0,0.20428601,0
5465094,1,0.84642607,1
5480091,0,0.52539885,1
5494887,0,0.1846915,0
5477558,0,0.13934943,0
5473517,1,0.91081053,1
5472692,1,0.2297117,0
5470837,1,0.6167098,1
5470838,0,0.7952234,1
5478740,1,0.28055102,0
5480319,0,0.48534337,0
5485569,0,0.17084755,0
5500554,0,0.63534224,1
5463486,0,0.21322213,0
5463488,0,0.09306799,0
5463529,0,0.21659039,0
5463702,0,0.1904354,0
5465962,0,0.16101968,0
5473392,0,0.30661753,0
5473789,0,0.36292237,0
5476592,0,0.21836053,0
5486678,0,0.85331607,1
5494586,1,0.74138296,1
5483725,0,0.5205884,1
5482726,1,0.70347977,1
5468787,0,0.7780773,1
5461998,0,0.14493467,0
5503957,0,0.84250295,1
5462131,0,0.22787571,0
5492982,0,0.3849704,0
5504314,0,0.051166568,0
5463367,0,0.8981983,1
5483407,1,0.44206405,0
5466677,0,0.27223498,0
5469613,0,0.23135498,0
5469616,0,0.25499868,0
5500854,0,0.2715615,0
5500877,0,0.20975332,0
5502073,0,0.16138595,0
5502134,0,0.20570853,0
5468160,0,0.54799616,1
5469589,0,0.23445283,0
5470577,0,0.36897674,0
5481722,1,0.19527026,0
5485397,0,0.39877206,0
5507110,0,0.6290615,1
5494799,0,0.25304133,0
5498794,0,0.4462954,0
5506963,1,0.60789734,1
5484746,1,0.83463603,1
5485159,0,0.5204692,1
5463362,0,0.45186213,0
5509083,0,0.7796307,1
5478993,0,0.313312,0
5479104,0,0.34468406,0
5479831,0,0.2960937,0
5464172,0,0.37021112,0
5471481,0,0.34623587,0
5481735,0,0.23924813,0
5483557,0,0.4005251,0
5465988,0,0.26264814,0
5468011,0,0.23855503,0
5470605,0,0.13964437,0
5470607,0,0.093922816,0
5470608,0,0.10537721,0
5471019,0,0.28542194,0
5487339,0,0.68796206,1
5475274,0,0.85773027,1
5495706,1,0.38189062,0
5498128,1,0.7569995,1
5498129,0,0.52076423,1
5474769,1,0.9595653,1
5470202,1,0.8819842,1
5501849,0,0.7784251,1
5463814,0,0.33866155,0
5493540,0,0.47197643,0
5482482,0,0.44643608,0
5471445,0,0.18440442,0
5493296,0,0.61707574,1
5485179,1,0.7793788,1
5494142,1,0.8562311,1
5494145,1,0.70455366,1
5485605,0,0.2987217,0
5471521,0,0.76256585,1
5481118,0,0.38810527,0
5482610,0,0.14577778,0
5499779,0,0.91049045,1
5470174,0,0.8337365,1
5479471,0,0.582597,1
5461991,1,0.83250934,1
5467618,0,0.25035957,0
5467625,0,0.3506072,0
5474381,0,0.35238788,0
5480373,0,0.33255965,0
5468243,1,0.9153502,1
5472603,0,0.53131443,1
5468334,0,0.81924134,1
5509303,1,0.5916192,1
5466667,0,0.07387103,0
5470352,0,0.7715883,1
5473383,0,0.84806895,1
5461365,0,0.31218228,0
5462810,0,0.14519559,0
5467250,0,0.87400305,1
5479429,1,0.85606486,1
5483061,0,0.7179398,1
5506155,0,0.9267853,1
5463007,0,0.51066697,1
5499376,1,0.6793772,1
5483626,0,0.26030958,0
5487466,0,0.3367779,0
5505171,0,0.6610949,1
5475489,0,0.748669,1
5494853,1,0.84932107,1
5507891,1,0.9600372,1
5503226,1,0.20064647,0
5468873,0,0.27513123,0
5469890,0,0.28716925,0
5497413,1,0.70818543,1
5494356,0,0.5193428,1
5490785,0,0.8954522,1
5464344,0,0.4717428,0
5464880,0,0.2536703,0
5465376,0,0.67451215,1
5468443,0,0.22824346,0
5469564,0,0.18819821,0
5470081,0,0.19824958,0
5472552,1,0.43689388,0
5472722,0,0.41317192,0
5480294,0,0.33597657,0
5480812,0,0.25269312,0
5482103,0,0.3244104,0
5482108,0,0.18805224,0
5483203,0,0.102538005,0
5483497,0,0.17939669,0
5483502,0,0.328436,0
5483541,1,0.3028794,0
5483544,0,0.67840743,1
5483641,0,0.29885685,0
5483959,0,0.3991438,0
5483963,0,0.19079079,0
5484849,0,0.13405478,0
5484850,0,0.1601479,0
5500742,0,0.61218715,1
5470570,1,0.730336,1
5500579,1,0.47694534,0
5499123,0,0.8374699,1
5485215,0,0.7789148,1
5467438,0,0.7738251,1
5467722,0,0.7483716,1
5482795,0,0.80605656,1
5463249,0,0.17095676,0
5463351,0,0.21561977,0
5463353,1,0.47033694,0
5466707,0,0.30716303,0
5466900,1,0.41719007,0
5467644,0,0.39028907,0
5467750,0,0.3504349,0
5467771,0,0.8195203,1
5467774,0,0.734816,1
5467871,0,0.40140188,0
5467894,0,0.22712983,0
5468092,0,0.2231404,0
5468529,0,0.26245418,0
5468759,0,0.32613453,0
5469108,0,0.27852342,0
5469570,0,0.20438185,0
5469871,0,0.25431627,0
5470772,0,0.32568917,0
5472273,1,0.30268437,0
5475861,0,0.22104439,0
5475893,0,0.44459492,0
5475895,0,0.23477757,0
5475912,0,0.72061944,1
5475914,0,0.18026373,0
5475939,0,0.18611278,0
5476642,0,0.13887085,0
5476820,0,0.15180086,0
5479814,1,0.5260702,1
5479856,0,0.37113622,0
5481348,0,0.1411514,0
5481349,0,0.34524667,0
5481355,0,0.34077063,0
5481433,0,0.42285037,0
5481540,0,0.2021443,0
5484485,0,0.35989267,0
5484532,0,0.27574357,0
5484707,0,0.19329374,0
5485687,0,0.27530357,0
5485700,0,0.1889343,0
5485703,1,0.26892763,0
5485764,1,0.4487203,0
5466758,1,0.35695902,0
5468263,1,0.7523638,1
5492663,0,0.5580049,1
5465831,0,0.26208732,0
5465838,0,0.3213692,0
5507899,0,0.38889945,0
5491346,0,0.93832576,1
5481181,0,0.78415895,1
5481234,0,0.4827203,0
5494304,0,0.31082478,0
5470074,0,0.42087692,0
5470563,0,0.50820076,1
5470564,0,0.31750423,0
5470567,0,0.61633575,1
5461691,0,0.23064336,0
5461698,0,0.2713533,0
5461720,0,0.538429,1
5461731,0,0.31590462,0
5461736,0,0.40889546,0
5461841,0,0.44054973,0
5461872,0,0.29892445,0
5461891,0,0.22752361,0
5461893,1,0.67180556,1
5461905,0,0.2220018,0
5461948,0,0.22537483,0
5462635,0,0.17707147,0
5462643,0,0.118529655,0
5462715,0,0.42981806,0
5462721,0,0.26980466,0
5462836,0,0.3082338,0
5463024,0,0.475,0
5463694,0,0.22769587,0
5464410,0,0.38446453,0
5476151,0,0.24728714,0
5497932,0,0.96384275,1
5508173,0,0.9063583,1
5472626,1,0.7011931,1
5467404,1,0.672873,1
5467923,0,0.43042314,0
5481527,0,0.40909544,0
5490458,0,0.5422279,1
5467842,0,0.39904556,0
5468214,1,0.7460774,1
5484863,0,0.4988677,0
5484864,0,0.41100127,0
5507270,0,0.54572594,1
5463266,0,0.75305176,1
5462151,0,0.32855633,0
5462332,0,0.5384976,1
5462591,0,0.6485589,1
5466168,0,0.93786436,1
5466254,1,0.9559932,1
5500574,0,0.35962504,0
5485512,0,0.8422723,1
5507317,0,0.8733407,1
5487263,1,0.9798998,1
5473867,1,0.8162852,1
5481060,0,0.73255914,1
5484513,0,0.3850987,0
5474209,0,0.26891997,0
5505964,1,0.85969317,1
5481919,0,0.33813775,0
5481924,0,0.21227199,0
5481926,0,0.2491533,0
5482060,0,0.43208665,0
5482750,0,0.20319435,0
5482751,1,0.3342712,0
5482754,0,0.34548593,0
5482961,0,0.35220873,0
5483263,0,0.23312822,0
5483520,0,0.2308239,0
5484431,0,0.41523728,0
5485552,0,0.52688926,1
5504318,0,0.5321055,1
5474058,0,0.19035065,0
5484065,0,0.70251983,1
5508080,0,0.86915594,1
5505466,0,0.48276484,0
5465682,0,0.21942534,0
5461377,1,0.92124075,1
5480607,0,0.102772206,0
5480608,0,0.1458658,0
5479040,0,0.43677026,0
5485366,0,0.2680234,0
5480052,0,0.5314368,1
5465990,0,0.4148763,0
5464896,0,0.28662902,0
5474697,1,0.6072014,1
5482654,0,0.81004286,1
5466795,1,0.39860073,0
5462551,0,0.6645753,1
5507575,0,0.7902091,1
5500718,1,0.76217234,1
5466792,1,0.7772238,1
5483839,0,0.39276904,0
5484838,0,0.3900792,0
5486580,0,0.77895683,1
5491287,0,0.82379377,1
5491517,0,0.81572,1
5494062,0,0.74709284,1
5496636,0,0.4553202,0
5502399,0,0.6095611,1
5494157,1,0.8044673,1
5478535,0,0.77683145,1
5481019,1,0.7419958,1
5481704,0,0.14399223,0
5482150,0,0.18997855,0
5504347,0,0.89042306,1
5504153,0,0.030591417,0
5504154,0,0.11357011,0
5504155,0,0.12786351,0
5504156,0,0.07124424,0
5471776,0,0.80141866,1
5479264,0,0.19218242,0
5484139,0,0.13855837,0
5505389,0,0.43145603,0
5467023,0,0.30130783,0
5505265,0,0.87046015,1
5485314,0,0.19309519,0
5506295,0,0.49139938,0
5465760,0,0.44333804,0
5484302,1,0.92083144,1
5474668,0,0.41284442,0
5504321,0,0.7949944,1
5501939,0,0.45310223,0
5496528,0,0.65872663,1
5461614,0,0.48482406,0
5494760,0,0.91449374,1
5491524,0,0.6420854,1
5485858,0,0.29527682,0
5479643,0,0.7097609,1
5494640,0,0.85626054,1
5462180,0,0.8305689,1
5462182,0,0.44863492,0
5471088,0,0.85754466,1
5481659,1,0.8444021,1
5502917,0,0.56444466,1
5504061,0,0.46802413,0
5464276,0,0.4062032,0
5468545,1,0.18005003,0
5473293,0,0.58379406,1
5473295,1,0.4912547,0
5463726,0,0.64822733,1
5466752,0,0.021441784,0
5487431,1,0.40104637,0
5467344,0,0.49935102,0
5482124,0,0.4944519,0
5468685,0,0.8593015,1
5501325,0,0.22955424,0
5466731,0,0.30144095,0
5467840,0,0.41802925,0
5467847,1,0.21456932,0
5464622,0,0.79378724,1
5490054,0,0.81870365,1
5493261,0,0.9364903,1
5498314,0,0.40596533,0
5480181,0,0.9189546,1
5465561,0,0.6191154,1
5482864,0,0.18690203,0
5462509,0,0.41536677,0
5462596,0,0.33410445,0
5462979,0,0.31162682,0
5503967,0,0.7576628,1
5504257,0,0.76433456,1
5501078,0,0.27593562,0
5469766,0,0.9230135,1
5492601,1,0.94184387,1
5477242,1,0.7818386,1
5486686,0,0.9514512,1
5468895,0,0.62392753,1
5470801,0,0.28202346,0
5470819,1,0.8880169,1
5506885,1,0.55500203,1
5468830,0,0.6934279,1
5470378,1,0.9390513,1
5463487,0,0.2468057,0
5471941,0,0.48752847,0
5473349,0,0.2356255,0
5492307,0,0.5045527,1
5462973,0,0.2503748,0
5495328,0,0.6783789,1
5495329,0,0.5780753,1
5495344,0,0.28117627,0
5495419,0,0.5307935,1
5495420,1,0.80474377,1
5496822,0,0.48519662,0
5495994,1,0.718775,1
5465266,0,0.33523166,0
5476939,0,0.59765935,1
5488111,1,0.6848605,1
5463214,0,0.5711244,1
5507715,1,0.9739624,1
5477678,1,0.4385048,0
5489947,0,0.2691726,0
5490389,0,0.16628522,0
5490394,0,0.13373764,0
5490395,0,0.32081312,0
5492066,0,0.18695638,0
5493272,0,0.08540964,0
5496968,1,0.3379718,0
5498701,0,0.17624061,0
5484768,0,0.15140702,0
5465443,0,0.17237815,0
5481837,0,0.85264283,1
5476085,0,0.42647392,0
5494568,1,0.72336966,1
5484534,0,0.8243735,1
5501410,1,0.6193479,1
5502854,1,0.5101179,1
5467196,0,0.74868906,1
5467728,0,0.35357738,0
5480538,0,0.810639,1
5480547,0,0.43742475,0
5463314,0,0.73169,1
5471904,1,0.83877456,1
5461968,0,0.7064164,1
5470711,0,0.4040493,0
5471593,0,0.26117575,0
5477293,0,0.3009839,0
5477297,0,0.44151428,0
5478555,0,0.15462685,0
5478572,0,0.4504916,0
5478715,0,0.5245013,1
5496054,0,0.27775845,0
5497630,1,0.6139208,1
5505725,0,0.52498585,1
5470992,0,0.5358009,1
5474294,0,0.32440147,0
5488271,0,0.63159025,1
5462009,0,0.44714728,0
5496363,0,0.3134201,0
5480846,0,0.96693414,1
5480850,0,0.48039547,0
5470406,0,0.25422516,0
5470408,0,0.35787755,0
5470409,0,0.33093488,0
5477675,0,0.24311367,0
5469373,0,0.22377193,0
5493449,1,0.097056545,0
5499731,0,0.5100394,1
5465183,0,0.2773397,0
5465186,0,0.17570081,0
5465939,0,0.44009817,0
5465940,0,0.14543985,0
5465960,0,0.3521266,0
5465974,0,0.105471,0
5465979,0,0.15341498,0
5466397,1,0.8469482,1
5476557,0,0.27446613,0
5476566,0,0.45572895,0
5476570,0,0.22980559,0
5476574,0,0.4373074,0
5476577,0,0.2040438,0
5476983,0,0.30607647,0
5483053,0,0.31318888,0
5488137,1,0.6409289,1
5493421,0,0.2647451,0
5475955,0,0.31114215,0
5476838,0,0.15696962,0
5477325,0,0.24070537,0
5484836,0,0.2778445,0
5501372,0,0.32915193,0
5471149,0,0.5537065,1
5481559,0,0.4380594,0
5481561,0,0.33529383,0
5482059,1,0.39045152,0
5503793,0,0.66710097,1
5481104,1,0.9801194,1
5490023,0,0.9775534,1
5487934,0,0.83225125,1
5465333,0,0.112265386,0
5466155,0,0.09292336,0
5466173,1,0.16073047,0
5466610,1,0.11350144,0
5467735,0,0.38353634,0
5468454,0,0.31912124,0
5469354,0,0.21281515,0
5470760,0,0.28231794,0
5473685,0,0.22158362,0
5474260,0,0.108947635,0
5474262,0,0.14526656,0
5474263,0,0.22758457,0
5474580,0,0.35160196,0
5476300,0,0.19175646,0
5476531,0,0.17339692,0
5476842,0,0.20325443,0
5477571,0,0.13911952,0
5478611,0,0.23823278,0
5478622,0,0.11399288,0
5478627,0,0.14599817,0
5478629,0,0.13549854,0
5479033,0,0.12170738,0
5479409,0,0.07351656,0
5479410,0,0.16873829,0
5480192,0,0.21206647,0
5480193,0,0.2053075,0
5480195,0,0.31250364,0
5480197,0,0.13078299,0
5480264,0,0.12380181,0
5481435,0,0.20975873,0
5481756,0,0.16387635,0
5481759,0,0.25131488,0
5481767,0,0.22260125,0
5482197,0,0.2205675,0
5482198,0,0.102046184,0
5483343,0,0.10901693,0
5484083,0,0.1340821,0
5484084,0,0.09754327,0
5484575,0,0.20124027,0
5485365,0,0.059051543,0
5485496,0,0.41876736,0
5485511,0,0.28988165,0
5494275,1,0.65271336,1
5462434,0,0.2233008,0
5471978,0,0.191274,0
5464000,0,0.36165756,0
5502597,0,0.7331802,1
5501371,1,0.72700787,1
5468019,0,0.2084927,0
5462508,0,0.62865096,1
5498544,1,0.74770707,1
5476931,0,0.2670354,0
5479580,0,0.2837826,0
5470818,0,0.48069188,0
5477971,0,0.8014965,1
5498042,0,0.36619303,0
5467643,0,0.8992625,1
5472867,0,0.51389754,1
5480257,0,0.26392257,0
5482054,0,0.98038816,1
5471648,0,0.7210416,1
5474691,0,0.20662889,0
5476248,1,0.28750005,0
5472744,0,0.21599558,0
5482720,0,0.2110586,0
5483756,0,0.2096757,0
5496015,0,0.5400002,1
5468465,0,0.7301433,1
5498007,0,0.80923486,1
5461990,0,0.33766776,0
5492725,0,0.76794094,1
5468242,0,0.33440498,0
5461904,0,0.25265136,0
5461912,0,0.21483184,0
5461914,0,0.28603807,0
5461915,0,0.46320084,0
5462019,0,0.25961244,0
5462145,0,0.26105875,0
5462444,0,0.38636988,0
5464302,0,0.17866552,0
5464308,0,0.13215922,0
5467235,0,0.10767915,0
5467358,0,0.22879781,0
5467385,0,0.31286338,0
5469778,0,0.1463574,0
5485393,0,0.24811435,0
5498677,1,0.89856815,1
5506029,0,0.3652289,0
5490418,0,0.5912166,1
5490841,0,0.51991546,1
5492132,0,0.9177348,1
5468982,0,0.8679264,1
5506248,0,0.75163615,1
5506175,0,0.92614365,1
5474972,0,0.46933985,0
5486557,0,0.82788354,1
5496962,0,0.42158863,0
5498317,1,0.40451324,0
5470483,0,0.8211123,1
5472801,1,0.7704069,1
5474111,0,0.5480205,1
5482445,0,0.17038877,0
5503987,0,0.3200386,0
5482767,0,0.4303876,0
5468341,0,0.45377332,0
5471012,1,0.8211364,1
5494877,0,0.81043065,1
5477373,1,0.8652642,1
5476079,0,0.31566423,0
5485520,0,0.28593895,0
5502849,0,0.88849443,1
5502667,0,0.8399549,1
5481161,1,0.27083197,0
5489843,0,0.8782579,1
5464959,0,0.36765423,0
5464965,0,0.330088,0
5486188,1,0.92372304,1
5477471,0,0.5919425,1
5471087,0,0.3109399,0
5472319,0,0.47931612,0
5474366,0,0.65433276,1
5503956,0,0.5429595,1
5483613,1,0.8698688,1
5468333,0,0.45179954,0
5470736,0,0.7830967,1
5471286,0,0.41590986,0
5473450,0,0.8503453,1
5477676,1,0.896532,1
5481304,0,0.41039145,0
5482467,0,0.1968901,0
5498141,0,0.4738817,0
5496417,0,0.84060574,1
5499469,0,0.84636325,1
5502481,0,0.30243754,0
5467491,0,0.65444845,1
5480550,0,0.17056036,0
5480551,0,0.44829333,0
5480553,0,0.24275315,0
5480554,0,0.27018028,0
5480965,0,0.25622705,0
5480969,0,0.2531044,0
5480971,0,0.3014587,0
5481135,0,0.27714235,0
5481136,0,0.21581717,0
5490673,0,0.90233034,1
5480020,1,0.9862948,1
5496642,1,0.9445715,1
5474231,0,0.34769362,0
5475840,0,0.19406301,0
5490302,0,0.5156705,1
5493491,1,0.87807006,1
5461949,0,0.18014468,0
5497470,1,0.78029686,1
5501150,0,0.79066443,1
5467682,0,0.27734026,0
5509247,1,0.42100087,0
5480792,0,0.6769437,1
5506336,0,0.87580156,1
5478614,0,0.32871628,0
5485507,0,0.29651287,0
5495283,0,0.31752604,0
5476103,0,0.5553044,1
5476106,0,0.26242656,0
5476417,0,0.39660513,0
5477771,0,0.33403358,0
5477776,0,0.43104583,0
5477809,1,0.6311782,1
5478722,0,0.42891034,0
5478799,0,0.32371464,0
5479082,0,0.4139912,0
5479537,0,0.37820178,0
5480414,0,0.39415655,0
5480430,0,0.55523354,1
5508650,1,0.9977963,1
5481224,1,0.43299547,0
5464874,0,0.7323365,1
5478642,0,0.7661751,1
5492699,0,0.33144006,0
5500610,1,0.8708148,1
5485842,0,0.90280855,1
5468891,1,0.96035874,1
5504504,0,0.65262944,1
5477246,0,0.2832818,0
5461586,0,0.2918961,0
5482827,0,0.74642175,1
5491003,0,0.6825368,1
5478930,1,0.8490712,1
5501210,0,0.1892977,0
5500551,0,0.34343213,0
5487444,0,0.20784147,0
5477610,0,0.32222766,0
5490522,0,0.7674256,1
5474915,0,0.64538944,1
5481347,0,0.4901467,0
5490942,0,0.57341915,1
5461252,0,0.47119954,0
5461416,1,0.61742914,1
5461425,0,0.21577917,0
5462003,0,0.54430455,1
5463512,0,0.3163963,0
5465711,0,0.2792035,0
5466895,0,0.5808992,1
5468087,0,0.8052438,1
5468404,0,0.2171341,0
5469272,0,0.32315052,0
5482087,0,0.19893695,0
5490216,0,0.87987053,1
5476303,0,0.5543964,1
5487380,0,0.29180685,0
5487383,0,0.49886164,0
5489655,0,0.8491166,1
5495886,0,0.97158325,1
5475463,0,0.35582897,0
5486810,1,0.8661017,1
5487213,0,0.382056,0
5466177,0,0.31413704,0
5480187,0,0.32927817,0
5501576,0,0.9340201,1
5501759,0,0.75576437,1
5475042,0,0.1473923,0
5475043,1,0.054471463,0
5475630,0,0.38547507,0
5479696,0,0.24709249,0
5479697,0,0.14680628,0
5480340,0,0.24250661,0
5480898,0,0.22817692,0
5481592,0,0.45759487,0
5480650,0,0.18411413,0
5480829,0,0.17047206,0
5507129,0,0.43154418,0
5471871,1,0.88995934,1
5464096,0,0.2555261,0
5468587,0,0.7881955,1
5487508,1,0.92598915,1
5498480,1,0.824231,1
5470879,1,0.82308716,1
5470949,0,0.73756176,1
5507733,0,0.46318397,0
5461200,1,0.88257307,1
5505630,0,0.8857868,1
5505685,0,0.72996956,1
5480605,0,0.80299073,1
5495108,0,0.21192002,0
5471995,0,0.7295797,1
5472436,0,0.6512425,1
5499446,1,0.6165812,1
5501061,0,0.7041851,1
5494069,0,0.7612863,1
5468324,0,0.22793896,0
5470978,0,0.3644177,0
5479708,0,0.3699349,0
5476416,0,0.7009802,1
5468901,1,0.6293168,1
5463919,0,0.40262854,0
5482436,0,0.32062957,0
5484276,0,0.33803555,0
5486584,1,0.46149552,0
5469180,0,0.58073837,1
5486660,0,0.66361284,1
5486661,0,0.7744331,1
5486662,0,0.65245324,1
5486664,0,0.5553679,1
5486665,0,0.45837957,0
5473462,0,0.1618578,0
5475691,0,0.28083724,0
5461706,0,0.35817596,0
5505108,0,0.9157111,1
5466824,0,0.5044331,1
5473572,0,0.3047689,0
5475216,0,0.51821816,1
5470991,0,0.2888513,0
5506944,0,0.54444176,1
5471344,0,0.8668198,1
5461214,0,0.94929975,1
5481532,0,0.35852006,0
5462811,0,0.64418423,1
5467227,0,0.2618452,0
5490597,0,0.86605376,1
5477800,0,0.71079457,1
5480427,1,0.97711915,1
5506146,1,0.8887171,1
5507506,0,0.78136885,1
5485143,0,0.43582392,0
5485031,0,0.9147036,1
5482465,0,0.92062014,1
5483960,0,0.9347123,1
5499696,0,0.5055907,1
5468566,0,0.20719768,0
5481457,0,0.27395117,0
5481462,0,0.06884154,0
5474129,0,0.21140112,0
5482998,0,0.2949274,0
5461962,0,0.93063253,1
5461963,0,0.3346509,0
5462840,0,0.48289597,0
5462843,0,0.68571043,1
5462844,0,0.7883836,1
5462994,1,0.7786946,1
5508182,1,0.6434313,1
5484319,0,0.200917,0
5469230,0,0.8628734,1
5466864,1,0.9016929,1
5498369,0,0.81325924,1
5478974,0,0.17011665,0
5484681,0,0.23748815,0
5494410,0,0.5168302,1
5461917,0,0.30241454,0
5465759,0,0.13399711,0
5465765,1,0.060905293,0
5465778,0,0.13291033,0
5468544,0,0.43777612,0
5469402,1,0.11819042,0
5471124,0,0.3729806,0
5485180,0,0.11489189,0
5483406,0,0.41379625,0
5482363,0,0.689178,1
5468210,0,0.043613914,0
5468894,0,0.071880706,0
5471678,0,0.037889734,0
5474744,0,0.078392275,0
5474745,0,0.023656733,0
5476433,0,0.08601736,0
5477701,0,0.1691213,0
5477759,0,0.21542628,0
5478530,1,0.019405887,0
5479865,0,0.060679108,0
5479866,0,0.07870608,0
5479867,0,0.022450991,0
5479869,0,0.03213393,0
5479903,0,0.06476397,0
5486728,0,0.09391188,0
5486735,0,0.2227025,0
5491436,0,0.10852483,0
5492876,0,0.027076293,0
5492877,0,0.07712053,0
5492878,0,0.021771146,0
5492879,0,0.029387366,0
5496086,0,0.06448943,0
5496096,0,0.118947074,0
5496098,0,0.18083371,0
5496100,0,0.06998545,0
5496258,0,0.06239971,0
5496260,0,0.068449765,0
5499402,0,0.04190223,0
5499599,0,0.03338773,0
5499603,0,0.113623515,0
5499605,0,0.11242246,0
5503915,0,0.036673088,0
5504574,0,0.035014544,0
5504872,0,0.0671813,0
5508167,0,0.05902426,0
5508177,0,0.10661788,0
5479645,0,0.5262352,1
5477630,0,0.324511,0
5470671,0,0.7851158,1
5462748,0,0.97572607,1
5461353,0,0.88359195,1
5477580,0,0.3348804,0
5483772,0,0.36839077,0
5508154,0,0.86390966,1
5462218,1,0.8240984,1
5484375,1,0.3438464,0
5482730,0,0.3887459,0
5482731,0,0.10100165,0
5482733,0,0.34503958,0
5482736,0,0.4795837,0
5483109,0,0.21083546,0
5496201,1,0.36870894,0
5499662,0,0.89570224,1
5463984,0,0.805719,1
5465447,0,0.5073379,1
5473632,0,0.18688516,0
5473641,0,0.3578257,0
5473677,0,0.63281775,1
5473683,0,0.5765086,1
5472127,0,0.255923,0
5472265,0,0.51526916,1
5479973,0,0.41952696,0
5479368,1,0.81610614,1
5508278,0,0.96031666,1
5508403,0,0.46240997,0
5508743,0,0.8656072,1
5469962,0,0.62104034,1
5484776,0,0.26854524,0
5485068,0,0.47344422,0
5485504,0,0.46360183,0
5485527,0,0.3794858,0
5485805,0,0.5328257,1
5485869,0,0.5946484,1
5486122,0,0.3721566,0
5467465,0,0.59778816,1
5468494,0,0.71486497,1
5479560,0,0.6983944,1
5494129,1,0.7143122,1
5479841,0,0.5005496,1
5506600,0,0.90000796,1
5496427,0,0.49158323,0
5504828,1,0.9466769,1
5504845,0,0.85791683,1
5470497,0,0.80894053,1
5481163,0,0.37203246,0
5482327,0,0.7761524,1
5465240,0,0.7453435,1
5471921,0,0.6839018,1
5462727,1,0.53802484,1
5470713,0,0.31647253,0
5470964,0,0.29038134,0
5465622,1,0.5062682,1
5465100,0,0.14513429,0
5491409,0,0.8732739,1
5478472,0,0.95934886,1
5473096,0,0.76606923,1
5473988,0,0.90201336,1
5474552,0,0.3769342,0
5475083,1,0.82494324,1
5477949,0,0.40196037,0
5479001,0,0.6183967,1
5486554,0,0.3510664,0
5486556,0,0.8075163,1
5464053,0,0.4532943,0
5501775,0,0.25110626,0
5472696,1,0.8673488,1
5491451,0,0.8402675,1
5498267,0,0.8554529,1
5468832,0,0.8212294,1
5476062,0,0.39572877,0
5495972,0,0.59973335,1
5476282,0,0.32813635,0
5493783,1,0.93735635,1
5462784,0,0.3608849,0
5463298,0,0.21459496,0
5463316,0,0.35585707,0
5468286,0,0.15562205,0
5470580,0,0.5548842,1
5470815,0,0.20694877,0
5468438,0,0.5631961,1
5466660,0,0.55669373,1
5466685,0,0.17766778,0
5470774,0,0.38182896,0
5481952,0,0.4744472,0
5463439,0,0.3424624,0
5463443,0,0.29733127,0
5507862,0,0.84546924,1
5487434,0,0.44910857,0
5461970,0,0.6612034,1
5475706,0,0.48968306,0
5477742,0,0.6776342,1
5461178,0,0.20688322,0
5461187,0,0.58939683,1
5461676,0,0.28515145,0
5462200,0,0.35095108,0
5462207,0,0.41552946,0
5462676,0,0.3422872,0
5462677,0,0.286313,0
5469520,0,0.3826843,0
5474180,1,0.89801145,1
5478847,0,0.6668606,1
5480903,1,0.63304144,1
5466737,1,0.97972095,1
5466741,1,0.9460835,1
5469021,0,0.25837544,0
5469341,0,0.76073265,1
5480987,0,0.71478635,1
5464221,1,0.87153226,1
5463626,0,0.30215728,0
5477423,0,0.90153575,1
5479337,0,0.99033,1
5483838,0,0.21872127,0
5487156,0,0.8422728,1
5462579,0,0.45819852,0
5463107,0,0.67941755,1
5465448,0,0.22874865,0
5477270,0,0.29260883,0
5506859,1,0.945533,1
5481749,1,0.49034807,0
5463309,0,0.7501543,1
5478510,0,0.2340818,0
5474544,0,0.43644214,0
5482900,1,0.9199979,1
5508564,0,0.607423,1
5463926,0,0.17352983,0
5464471,0,0.4205696,0
5464611,0,0.2782251,0
5464614,0,0.113878325,0
5464616,0,0.31536373,0
5464618,0,0.54177874,1
5490368,1,0.8841336,1
5480137,0,0.6008687,1
5472315,1,0.7064638,1
5495702,0,0.56361485,1
5497980,0,0.5427397,1
5461630,0,0.4575439,0
5461795,0,0.6154068,1
5461802,0,0.45785168,0
5464131,0,0.26759377,0
5476998,0,0.1451062,0
5489558,0,0.1566907,0
5489682,0,0.4835837,0
5498374,0,0.93558943,1
5482524,0,0.42077717,0
5482530,0,0.17045729,0
5480759,0,0.13889883,0
5473018,0,0.23882821,0
5487442,0,0.9119348,1
5492926,0,0.48657638,0
5492927,0,0.56120956,1
5492928,0,0.28209013,0
5497037,0,0.2322821,0
5469787,0,0.13483885,0
5470571,0,0.40120497,0
5480067,0,0.30349052,0
5480089,0,0.23682798,0
5480428,1,0.3902312,0
5480698,0,0.21034805,0
5480699,0,0.3590357,0
5481176,0,0.3696421,0
5483035,0,0.5811555,1
5483048,0,0.30506998,0
5483470,0,0.5628567,1
5483814,0,0.38605914,0
5483815,0,0.31054258,0
5483885,0,0.18342063,0
5484187,1,0.4298291,0
5484189,0,0.31610534,0
5484346,0,0.50004846,1
5484634,0,0.3294949,0
5485175,0,0.3362864,0
5485214,0,0.45426744,0
5485601,1,0.34377468,0
5485610,0,0.60472995,1
5486002,0,0.27843705,0
5486005,0,0.33168703,0
5486008,0,0.38058388,0
5486073,0,0.32802776,0
5486112,0,0.35695592,0
5486115,0,0.3284273,0
5486119,0,0.3676972,0
5486298,0,0.49741575,0
5486641,0,0.41837385,0
5486644,0,0.31078878,0
5486708,0,0.35507974,0
5487523,0,0.6951383,1
5487524,0,0.566656,1
5487997,0,0.13716377,0
5487999,0,0.18064386,0
5488001,0,0.16838439,0
5488184,0,0.0747958,0
5488185,0,0.24713011,0
5489470,0,0.30114582,0
5494180,1,0.48866504,0
5503701,0,0.3679739,0
5495036,0,0.32247218,0
5473239,1,0.8346048,1
5485782,0,0.08556894,0
5472930,0,0.085457504,0
5492365,1,0.4594744,0
5492367,0,0.14204861,0
5499680,0,0.1481603,0
5483256,0,0.12756702,0
5461741,0,0.15201952,0
5461742,0,0.2623447,0
5461744,0,0.3877971,0
5461976,0,0.51297003,1
5461977,0,0.4994821,0
5462377,0,0.50465745,1
5462607,0,0.34708866,0
5462610,0,0.24214852,0
5462638,0,0.2402313,0
5462647,1,0.21055494,0
5462939,0,0.4326341,0
5462943,0,0.30992252,0
5462945,0,0.41497794,0
5463303,0,0.6458834,1
5463315,0,0.46668518,0
5463600,0,0.31719923,0
5464432,0,0.49470443,0
5464435,0,0.20000371,0
5464436,0,0.39992815,0
5464441,0,0.38656127,0
5464444,0,0.10434135,0
5465770,1,0.33124247,0
5465772,0,0.19523026,0
5465773,0,0.30751282,0
5465775,0,0.29388955,0
5468279,0,0.42836174,0
5470275,0,0.39934745,0
5470328,0,0.23353013,0
5470329,0,0.46273413,0
5470331,0,0.2362186,0
5470802,0,0.473076,0
5470807,1,0.49870268,0
5470809,0,0.4017812,0
5471116,0,0.2631986,0
5471426,0,0.20894803,0
5471431,0,0.1928086,0
5471745,0,0.42515486,0
5472000,0,0.3720805,0
5472136,0,0.14229019,0
5472573,1,0.33697602,0
5472577,0,0.15688196,0
5472869,0,0.3701796,0
5472890,0,0.54213375,1
5473219,0,0.33335173,0
5475383,0,0.45908636,0
5475384,0,0.34758207,0
5475385,0,0.28898135,0
5475388,0,0.27878898,0
5475488,0,0.30117127,0
5475562,0,0.30116385,0
5475563,0,0.24525099,0
5476050,0,0.22077744,0
5476055,0,0.35289514,0
5477633,0,0.2865946,0
5477634,0,0.1203842,0
5477637,0,0.21332592,0
5477640,0,0.16220474,0
5477641,0,0.30012137,0
5478392,0,0.19397023,0
5478393,0,0.16885404,0
5478563,0,0.21865432,0
5479320,0,0.316367,0
5479322,0,0.36821213,0
5479391,0,0.51857173,1
5479781,0,0.16223523,0
5479782,0,0.4602926,0
5479786,0,0.30171165,0
5480176,1,0.25711384,0
5480177,1,0.17379405,0
5480178,1,0.5354262,1
5480715,0,0.3241594,0
5480716,0,0.39771312,0
5481333,0,0.15741003,0
5481551,0,0.28162068,0
5481553,0,0.2935387,0
5481905,0,0.42480743,0
5481907,0,0.2254704,0
5483193,0,0.27496332,0
5485126,0,0.633522,1
5485502,0,0.16230288,0
5485929,0,0.53345436,1
5485931,0,0.37600747,0
5503855,0,0.44065368,0
5504323,0,0.36105043,0
5492894,0,0.93085754,1
5465531,0,0.17072965,0
5479875,0,0.30823773,0
5479876,0,0.2443413,0
5501617,1,0.69414765,1
5478146,0,0.60073394,1
5473391,0,0.13655043,0
5484320,0,0.27705303,0
5474518,0,0.86388284,1
5461671,1,0.750976,1
5483166,0,0.29513007,0
5462498,0,0.51124823,1
5497922,0,0.2707607,0
5498176,0,0.23766558,0
5499188,0,0.17856005,0
5499189,0,0.13078794,0
5486086,0,0.45565972,0
5463885,0,0.6753346,1
5467123,0,0.57623297,1
5505002,0,0.38603243,0
5463822,0,0.22633483,0
5475952,1,0.94099057,1
5476822,0,0.7477832,1
5466482,1,0.82005674,1
5482449,1,0.9639409,1
5508239,0,0.86573994,1
5479172,0,0.30678526,0
5480783,0,0.34609374,0
5482271,0,0.46761504,0
5482307,0,0.3581769,0
5487593,0,0.92614484,1
5488147,1,0.8975118,1
5470462,0,0.31646788,0
5470465,0,0.31178245,0
5470481,0,0.31880906,0
5475571,0,0.27244502,0
5462312,0,0.21547358,0
5486230,1,0.9196343,1
5468878,0,0.52595603,1
5462139,0,0.83236736,1
5477352,1,0.9979558,1
5486690,0,0.2345583,0
5486691,0,0.24798739,0
5462142,1,0.92585975,1
5496674,0,0.17841437,0
5494849,1,0.75100845,1
5469269,0,0.862002,1
5484107,0,0.16556214,0
5484112,0,0.32132187,0
5484417,0,0.41632956,0
5484418,0,0.31571284,0
5484420,0,0.39667848,0
5484421,0,0.07582944,0
5485832,0,0.2204543,0
5463656,0,0.29510686,0
5463657,0,0.3293088,0
5466249,1,0.26631263,0
5476796,0,0.45293725,0
5472356,0,0.3749624,0
5471618,0,0.27006373,0
5463235,0,0.31770968,0
5478404,1,0.17601654,0
5484605,0,0.87936026,1
5484272,0,0.90505165,1
5496837,0,0.62703115,1
5477389,1,0.92024386,1
5461177,0,0.87638706,1
5481015,0,0.8848879,1
5505309,1,0.97011685,1
5479077,0,0.400209,0
5471832,0,0.59491605,1
5476605,0,0.2726255,0
5476608,0,0.24871656,0
5476610,0,0.5124496,1
5476856,0,0.4228077,0
5477364,0,0.17336066,0
5477746,0,0.44048542,0
5477773,0,0.40483746,0
5482708,1,0.17072642,0
5486622,0,0.78534114,1
5462089,0,0.3270049,0
5462135,0,0.25049794,0
5462136,0,0.5413995,1
5463376,0,0.38132143,0
5463892,0,0.87620384,1
5463910,0,0.13734706,0
5466375,0,0.448241,0
5467199,0,0.34617862,0
5467200,0,0.3610751,0
5484728,0,0.19360714,0
5484729,1,0.17079009,0
5485932,1,0.45679367,0
5497878,0,0.4439074,0
5464323,0,0.8920153,1
5501059,0,0.6675762,1
5477009,0,0.841666,1
5478600,0,0.90806115,1
5508593,1,0.8263244,1
5461986,0,0.18995051,0
5501987,0,0.7867906,1
5469062,0,0.9101837,1
5498754,1,0.85778296,1
5468083,0,0.2575906,0
5479278,1,0.8358421,1
5507912,0,0.87479377,1
5495851,1,0.86476463,1
5502334,0,0.59006405,1
5496437,0,0.66929346,1
5472106,0,0.73779076,1
5470685,0,0.92948586,1
5471964,0,0.23887038,0
5472230,0,0.46116844,0
5463121,0,0.46747312,0
5485254,0,0.46457192,0
5489525,0,0.93064624,1
5471553,0,0.8783189,1
5504225,0,0.19065414,0
5498347,1,0.8794902,1
5470647,1,0.8567085,1
5477943,0,0.8012788,1
5477239,0,0.2383059,0
5471671,0,0.4182567,0
5474734,1,0.6311566,1
5462690,0,0.22272077,0
5481058,0,0.41585198,0
5479177,0,0.4049853,0
5490498,0,0.6692499,1
5475734,0,0.3637568,0
5465766,0,0.19821768,0
5472985,0,0.19488478,0
5472986,0,0.06940241,0
5483170,0,0.24281707,0
5488301,0,0.21147303,0
5495237,1,0.6026056,1
5504548,0,0.9811484,1
5486078,0,0.5286072,1
5486085,0,0.5346161,1
5498625,0,0.33247113,0
5503888,0,0.32120615,0
5472992,0,0.29765072,0
5469716,0,0.629346,1
5475567,0,0.32736567,0
5470908,0,0.12442565,0
5473200,0,0.7870507,1
5471158,0,0.32121602,0
5488227,1,0.73360914,1
5500702,0,0.8529661,1
5461523,0,0.40774554,0
5484192,0,0.19069286,0
5484193,0,0.15432462,0
5484196,1,0.34521288,0
5484198,0,0.27713755,0
5484201,0,0.38780382,0
5492151,0,0.28089163,0
5500342,0,0.34150848,0
5469647,1,0.9027959,1
5499672,0,0.6508989,1
5468297,0,0.16807579,0
5468298,0,0.34665737,0
5481884,0,0.9233804,1
5469151,1,0.66374403,1
5465493,1,0.87148005,1
5483695,0,0.91153383,1
5471326,0,0.8506345,1
5462652,0,0.12236771,0
5463861,0,0.14112677,0
5467024,0,0.21363793,0
5475954,0,0.8213038,1
5502765,0,0.24995275,0
5503057,0,0.24677429,0
5473873,0,0.7041785,1
5476123,0,0.3434136,0
5484530,0,0.74306804,1
5489731,0,0.6125156,1
5489733,0,0.56038916,1
5491880,0,0.16350785,0
5501516,1,0.38906005,0
5470903,0,0.5576469,1
5473408,0,0.38911977,0
5475431,0,0.7016951,1
5477027,0,0.643354,1
5495176,0,0.83949506,1
5496778,0,0.39793536,0
5467345,0,0.25513777,0
5478209,0,0.37929386,0
5478211,0,0.33193213,0
5464919,0,0.56853265,1
5464960,1,0.55177623,1
5465511,0,0.61214656,1
5471546,0,0.710834,1
5478281,0,0.7203826,1
5487231,1,0.87847483,1
5497020,0,0.25082535,0
5489757,1,0.6930002,1
5504039,0,0.54078025,1
5481773,0,0.38309535,0
5481778,0,0.4396145,0
5472399,0,0.5177717,1
5475249,0,0.7271791,1
5481529,1,0.6760578,1
5485548,0,0.7780934,1
5468371,0,0.39122334,0
5493782,1,0.92609996,1
5474222,0,0.28239,0
5484911,0,0.5153089,1
5486988,0,0.14632705,0
5487009,0,0.2578002,0
5473554,1,0.4793647,0
5462171,0,0.26781806,0
5462176,0,0.15631977,0
5493490,0,0.39742374,0
5472193,0,0.7487707,1
5478981,0,0.080185406,0
5478983,0,0.0952734,0
5478984,0,0.0726882,0
5478988,0,0.31919295,0
5478992,0,0.052550633,0
5479025,0,0.09451983,0
5479283,0,0.16124319,0
5479349,0,0.1461399,0
5483485,0,0.22243036,0
5482044,0,0.6810797,1
5474391,1,0.95304257,1
5462018,0,0.58422375,1
5462080,0,0.4393456,0
5466803,0,0.4369414,0
5467523,0,0.17859754,0
5498479,0,0.20915884,0
5463187,0,0.46077996,0
5469817,0,0.46488,0
5502228,1,0.7940204,1
5496624,0,0.8652698,1
5505044,1,0.61240387,1
5509132,1,0.5950111,1
5465580,0,0.5262024,1
5486035,0,0.16224174,0
5502201,1,0.88520473,1
5487514,1,0.7389112,1
5509472,0,0.83855397,1
5473053,0,0.46676576,0
5465407,0,0.3366357,0
5494143,1,0.19740795,0
5475303,0,0.293585,0
5502239,0,0.65905625,1
5471926,0,0.71777195,1
5462001,0,0.8118671,1
5490102,0,0.6706491,1
5496466,0,0.7752265,1
5500639,1,0.9584727,1
5462826,1,0.7547488,1
5464385,0,0.49655104,0
5465520,0,0.5303868,1
5466090,1,0.65946,1
5466516,0,0.50315255,1
5467529,0,0.15860562,0
5469859,1,0.4454647,0
5470334,0,0.5004612,1
5474043,0,0.38667184,0
5474052,0,0.3627416,0
5474551,0,0.31580308,0
5474558,0,0.4921449,0
5476636,0,0.27303058,0
5478506,0,0.41061988,0
5486468,1,0.8533988,1
5485069,0,0.69648933,1
5469567,0,0.75843924,1
5504647,0,0.6504391,1
5493469,0,0.8251467,1
5480893,0,0.3616716,0
5484697,0,0.8144977,1
5480327,0,0.22985248,0
5498337,0,0.61472404,1
5463607,0,0.64498293,1
5472404,0,0.7888895,1
5463413,0,0.4999845,0
5463159,0,0.6144524,1
5481621,1,0.82966346,1
5466310,1,0.31329355,0
5466349,0,0.5746361,1
5467549,0,0.49088752,0
5467762,1,0.710309,1
5468021,0,0.68076015,1
5469697,0,0.16952418,0
5470757,0,0.26151907,0
5471929,0,0.22681329,0
5472051,0,0.36715007,0
5472140,0,0.41588375,0
5472883,0,0.34621924,0
5472886,0,0.70507413,1
5473439,0,0.7524583,1
5473458,0,0.17722929,0
5473471,1,0.27331123,0
5473616,1,0.43700746,0
5473722,0,0.5114185,1
5473884,0,0.25997952,0
5474225,1,0.30000326,0
5474914,1,0.34532377,0
5477662,0,0.57563215,1
5477672,0,0.28097394,0
5477714,1,0.38747865,0
5477716,0,0.25920543,0
5479671,0,0.2734533,0
5480403,0,0.38783622,0
5480407,0,0.31771332,0
5480415,0,0.5614197,1
5480466,0,0.53828037,1
5480472,0,0.28969294,0
5480659,0,0.29697812,0
5482442,0,0.32023668,0
5482630,0,0.6519038,1
5482632,0,0.37078682,0
5482634,0,0.2633073,0
5482820,0,0.48358756,0
5483798,0,0.47874394,0
5484156,0,0.23332465,0
5463829,0,0.29051054,0
5508660,1,0.9453138,1
5471084,0,0.5540911,1
5483127,0,0.23416607,0
5484074,1,0.7214232,1
5481152,0,0.16025811,0
5505288,1,0.9291354,1
5476063,0,0.37461773,0
5468523,0,0.12863928,0
5469004,0,0.75231683,1
5469780,0,0.49295932,0
5470627,0,0.27436996,0
5476872,0,0.14536385,0
5476875,1,0.37373802,0
5476881,0,0.28871515,0
5478102,0,0.25207746,0
5478350,0,0.12206481,0
5479628,0,0.08777729,0
5494987,0,0.42630205,0
5479235,1,0.8209319,1
5463950,0,0.66351867,1
5484676,0,0.35022092,0
5464258,0,0.36893234,0
5465581,0,0.32108188,0
5469688,0,0.29848927,0
5469691,0,0.36000133,0
5475580,0,0.2649625,0
5481871,0,0.2000544,0
5482086,0,0.35876295,0
5483275,0,0.17554006,0
5485198,1,0.7215431,1
5485831,0,0.65914106,1
5501364,0,0.439054,0
5499682,0,0.17631982,0
5468376,0,0.3805014,0
5462778,0,0.5319169,1
5462790,0,0.67664355,1
5463327,0,0.45925194,0
5463818,0,0.4587898,0
5463906,0,0.18506067,0
5474140,0,0.30182055,0
5484377,0,0.22724766,0
5484378,0,0.7347773,1
5503908,0,0.28956866,0
5506080,0,0.68715113,1
5506081,0,0.5111346,1
5467233,0,0.86635333,1
5496929,1,0.9338707,1
5467310,0,0.34368864,0
5462073,0,0.5370579,1
5468510,1,0.59608895,1
5469300,0,0.2638399,0
5482229,0,0.4400066,0
5482299,0,0.22047855,0
5482533,0,0.5834217,1
5490825,0,0.17895952,0
5464562,0,0.5280555,1
5478040,0,0.20389634,0
5484930,0,0.8046708,1
5494224,1,0.84078604,1
5495704,1,0.86944985,1
5501208,1,0.54305553,1
5501600,1,0.8789021,1
5488086,0,0.9555331,1
5480993,0,0.32966962,0
5490742,0,0.22756413,0
5501708,0,0.24120083,0
5502455,0,0.33757964,0
5502881,0,0.18124664,0
5502983,0,0.12299198,0
5502984,0,0.101294905,0
5479486,0,0.5281842,1
5483954,0,0.19986857,0
5473334,0,0.4594364,0
5475645,0,0.37986875,0
5484318,0,0.31168404,0
5487505,0,0.6107012,1
5498671,0,0.7984191,1
5505052,0,0.8259459,1
5461865,0,0.484819,0
5502858,0,0.24647526,0
5481605,0,0.17561787,0
5481607,1,0.33984575,0
5481861,1,0.588698,1
5509017,1,0.8004631,1
5494871,0,0.70881903,1
5495232,0,0.8289047,1
5473949,0,0.7818905,1
5470088,0,0.8248412,1
5493912,1,0.74900454,1
5462119,0,0.39195564,0
5480241,1,0.83928347,1
5493650,1,0.6802954,1
5498520,0,0.7007236,1
5462970,0,0.48195434,0
5463016,0,0.6113983,1
5465391,0,0.31333482,0
5466936,0,0.18784149,0
5468134,0,0.41912428,0
5470357,1,0.5232001,1
5478909,0,0.512534,1
5507090,0,0.9115488,1
5473922,0,0.60796404,1
5467597,1,0.8373025,1
5503658,1,0.93051577,1
5500015,0,0.32164004,0
5485019,1,0.8840099,1
5474211,0,0.73475134,1
5475499,1,0.74183947,1
5461367,0,0.6287184,1
5508942,0,0.9307738,1
5474276,0,0.93738526,1
5490708,0,0.9067378,1
5462754,0,0.17494975,0
5462756,0,0.49001032,0
5467221,0,0.19042523,0
5473643,0,0.05100062,0
5507711,0,0.43292913,0
5482200,0,0.83208776,1
5501680,0,0.78324825,1
5461351,0,0.50169706,1
5462760,0,0.12909313,0
5463020,0,0.21478534,0
5463437,0,0.09727504,0
5465077,0,0.15051584,0
5467154,0,0.18481597,0
5470311,0,0.19093485,0
5474478,0,0.59690684,1
5473237,0,0.4095148,0
5501110,0,0.49816805,0
5496378,0,0.8528897,1
5497998,0,0.534429,1
5484953,0,0.9510351,1
5484954,1,0.94634557,1
5484957,1,0.9553886,1
5494022,0,0.9437809,1
5504884,0,0.7224408,1
5509525,0,0.6300091,1
5481798,0,0.7845402,1
5475000,1,0.545369,1
5479130,0,0.35144708,0
5488303,0,0.5760879,1
5488344,1,0.31891993,0
5503600,0,0.9388979,1
5499381,1,0.28144306,0
5464702,1,0.7195492,1
5468927,0,0.21424349,0
5469641,0,0.60297835,1
5476812,0,0.2120442,0
5490139,1,0.9267117,1
5471163,0,0.46677017,0
5506178,0,0.22016898,0
5508872,0,0.10116367,0
5485556,1,0.86316234,1
5479062,0,0.61992264,1
5475660,0,0.6380306,1
5463929,0,0.37522218,0
5493039,0,0.6648397,1
5465460,0,0.5670383,1
5463722,0,0.27078366,0
5477998,0,0.26069275,0
5475176,0,0.8986463,1
5473614,0,0.74297947,1
5477377,1,0.884315,1
5504897,0,0.5704101,1
5461655,0,0.62905407,1
5466066,0,0.87086535,1
5473529,0,0.17751373,0
5474101,0,0.42641556,0
5479110,0,0.3935595,0
5487321,0,0.2811821,0
5504393,0,0.7425741,1
5490579,0,0.76114225,1
5490580,1,0.7321534,1
5495016,1,0.8601013,1
5474164,1,0.8772675,1
5467083,0,0.17544924,0
5467696,0,0.57554805,1
5478493,0,0.7026677,1
5478495,0,0.44464496,0
5478497,0,0.25614685,0
5479840,1,0.24029642,0
5469291,0,0.33303452,0
5464649,1,0.79375076,1
5491687,1,0.8875567,1
5481733,1,0.82921904,1
5482672,0,0.21902741,0
5482682,0,0.07972563,0
5482711,0,0.45264757,0
5482718,0,0.4621584,0
5482909,0,0.17904133,0
5482910,0,0.39996487,0
5482940,0,0.29167923,0
5477221,0,0.40349627,0
5477692,0,0.31782794,0
5478202,0,0.65452313,1
5478203,0,0.67756265,1
5478205,0,0.22688828,0
5478206,1,0.44572836,0
5505567,0,0.32565537,0
5468584,0,0.43272743,0
5468588,1,0.5363343,1
5468595,0,0.28610078,0
5468600,0,0.42453724,0
5468906,0,0.3653259,0
5475831,0,0.33593163,0
5462110,0,0.15674162,0
5466693,0,0.094988614,0
5468746,0,0.63218814,1
5471620,0,0.14431326,0
5472889,1,0.30845267,0
5478654,0,0.1394204,0
5482388,0,0.135122,0
5483816,0,0.20367897,0
5483820,0,0.17963213,0
5480862,0,0.5538238,1
5481531,0,0.8429477,1
5483115,0,0.25246292,0
5483116,0,0.33229017,0
5483118,0,0.34082887,0
5485720,0,0.42637026,0
5485750,0,0.46631864,0
5485754,0,0.24368016,0
5485762,0,0.21468265,0
5485763,0,0.42118147,0
5485765,1,0.41856048,0
5485773,0,0.2943239,0
5485776,0,0.26360416,0
5485789,0,0.13120173,0
5485919,0,0.19592328,0
5486124,0,0.38178384,0
5486125,0,0.5095506,1
5486126,0,0.24368611,0
5486787,0,0.47142616,0
5489599,0,0.557665,1
5489600,0,0.52567065,1
5489602,0,0.4284223,0
5489604,0,0.4899423,0
5489607,0,0.2885144,0
5505985,0,0.18309613,0
5465073,0,0.67335194,1
5468111,0,0.48896676,0
5483659,1,0.9207117,1
5466793,0,0.6254873,1
5477848,0,0.68198293,1
5480331,0,0.6315419,1
5473044,1,0.5703232,1
5465989,0,0.09839889,0
5467036,0,0.52149796,1
5481702,0,0.70340973,1
5487896,1,0.43204668,0
5507155,0,0.67302245,1
5504417,0,0.2214742,0
5462350,1,0.7670695,1
5480447,0,0.5749142,1
5473138,1,0.8324417,1
5482901,1,0.9853135,1
5503479,0,0.22205266,0
5482651,0,0.7670911,1
5468949,0,0.37035817,0
5485208,0,0.41503292,0
5485293,0,0.35025814,0
5463332,0,0.4820268,0
5463823,0,0.5320245,1
5464293,0,0.14673156,0
5464294,0,0.22868714,0
5464295,0,0.23499866,0
5464297,0,0.17705235,0
5465173,0,0.28669596,0
5465174,0,0.41809008,0
5465175,0,0.55622643,1
5465279,0,0.3284307,0
5465281,0,0.45335966,0
5466305,0,0.12761456,0
5466309,0,0.6209245,1
5467079,0,0.22167423,0
5467081,0,0.351448,0
5467440,0,0.21446572,0
5468259,0,0.4316768,0
5468260,0,0.28234652,0
5468359,0,0.5452206,1
5468515,0,0.3689389,0
5468518,0,0.42317918,0
5470257,0,0.2641929,0
5470259,0,0.31963643,0
5480516,1,0.33448637,0
5480519,0,0.12745585,0
5482625,0,0.157082,0
5482627,0,0.19821195,0
5482628,0,0.33989903,0
5482773,0,0.25554743,0
5482872,0,0.20035908,0
5482951,0,0.30275598,0
5483330,0,0.32865754,0
5483332,0,0.27999002,0
5483333,0,0.325413,0
5483335,0,0.4155338,0
5484712,0,0.3499539,0
5484740,1,0.41632023,0
5484741,0,0.38543925,0
5486015,0,0.22309005,0
5486022,0,0.23266076,0
5486296,0,0.38532957,0
5486297,0,0.35611573,0
5496046,0,0.7679393,1
5476014,0,0.20560375,0
5501303,0,0.44691852,0
5485900,0,0.5537666,1
5468034,0,0.2986829,0
5469119,0,0.40305206,0
5470714,0,0.11782923,0
5470725,0,0.29493335,0
5472639,1,0.16345498,0
5472668,1,0.8235326,1
5473191,1,0.33831024,0
5470763,1,0.9514631,1
5473511,1,0.32049882,0
5473705,1,0.7424345,1
5477616,0,0.2971065,0
5496087,0,0.64273095,1
5482974,0,0.10038457,0
5484379,0,0.42857754,0
5477596,0,0.6118579,1
5477597,0,0.62288165,1
5484934,0,0.3280998,0
5496267,0,0.4345904,0
5468573,1,0.55106735,1
5473714,0,0.16642863,0
5499213,0,0.28549415,0
5496728,1,0.49109203,0
5503496,1,0.9764064,1
5471586,0,0.87848264,1
5467600,0,0.56434643,1
5491416,0,0.30567297,0
5493681,0,0.26035684,0
5465256,1,0.7015336,1
5482673,1,0.91227496,1
5474659,0,0.36261964,0
5476688,0,0.60703695,1
5463613,0,0.24803978,0
5503287,0,0.5750927,1
5504111,0,0.7688997,1
5504376,0,0.5745882,1
5461825,0,0.8995257,1
5465678,1,0.6530089,1
5463141,0,0.47753114,0
5463218,0,0.34269708,0
5463877,0,0.62500286,1
5474098,0,0.4538102,0
5474660,0,0.045803994,0
5482704,0,0.4587809,0
5476026,1,0.5754167,1
5476030,0,0.71665335,1
5462883,0,0.20013084,0
5463801,0,0.2406591,0
5464403,0,0.28659254,0
5464762,1,0.22449403,0
5466491,0,0.3191414,0
5468486,0,0.6766755,1
5483998,0,0.18917954,0
5479739,1,0.89682937,1
5472671,0,0.6940909,1
5490123,0,0.7598256,1
5505977,0,0.86089665,1
5471731,0,0.48476377,0
5471775,0,0.26335615,0
5487674,0,0.8026032,1
5487683,0,0.22803448,0
5485106,0,0.74625796,1
5477722,0,0.8790205,1
5462650,0,0.3864826,0
5479212,0,0.471317,0
5478306,0,0.11238716,0
5478308,0,0.22665459,0
5478827,0,0.52658963,1
5469917,0,0.23876198,0
5470827,0,0.6374904,1
5490165,0,0.85873777,1
5484549,0,0.8542929,1
5464666,1,0.5302548,1
5485501,1,0.8588252,1
5475632,0,0.47298822,0
5465347,0,0.93067,1
5482528,0,0.26451427,0
5468708,1,0.23600659,0
5470128,0,0.24202088,0
5470487,0,0.32658917,0
5481248,0,0.3413779,0
5464907,0,0.14102447,0
5477984,0,0.49459127,0
5490756,0,0.28400794,0
5493213,0,0.9888298,1
5472559,0,0.40588665,0
5483948,0,0.4288388,0
5485343,0,0.1634278,0
5491691,0,0.36389878,0
5461834,0,0.3151288,0
5461886,0,0.2106163,0
5461892,0,0.43315518,0
5462008,0,0.23778471,0
5462095,0,0.3936169,0
5462642,0,0.30870104,0
5462661,0,0.20859416,0
5462662,0,0.084026754,0
5464056,0,0.30330676,0
5464074,0,0.13797162,0
5464188,0,0.15819989,0
5464493,0,0.5643796,1
5464495,1,0.31902772,0
5468558,0,0.0685029,0
5468562,0,0.21595314,0
5469027,0,0.30433628,0
5470258,0,0.23037256,0
5472845,0,0.51843756,1
5480878,1,0.3485905,0
5480879,0,0.4748378,0
5462771,1,0.86299837,1
5462804,0,0.8966398,1
5463128,0,0.56277025,1
5469022,0,0.87601197,1
5470130,0,0.15905419,0
5470540,0,0.5750155,1
5483688,0,0.6054094,1
5502897,0,0.5593446,1
5472459,0,0.41305214,0
5473397,0,0.83805716,1
5475649,0,0.30567375,0
5478448,0,0.32183245,0
5478470,0,0.20168568,0
5472937,0,0.20874175,0
5472944,0,0.34909344,0
5469310,1,0.7961865,1
5466135,0,0.41699418,0
5466139,0,0.4062317,0
5466141,0,0.36161503,0
5466143,0,0.53539765,1
5466144,0,0.35432932,0
5466146,0,0.21300805,0
5475692,0,0.44241852,0
5479926,0,0.5115649,1
5476234,0,0.28297588,0
5496789,0,0.26908624,0
5464829,0,0.13700563,0
5469495,0,0.24360295,0
5507637,0,0.5997401,1
5467861,0,0.2717293,0
5464334,0,0.04710471,0
5481533,0,0.11687392,0
5483766,0,0.15222974,0
5483769,0,0.5105402,1
5483857,0,0.38438037,0
5485172,0,0.51814514,1
5485681,0,0.09611595,0
5490079,0,0.16644798,0
5492824,0,0.10569602,0
5502506,0,0.21571554,0
5502938,0,0.36418387,0
5502939,0,0.7021841,1
5502940,0,0.4852789,0
5461723,0,0.31038254,0
5461730,0,0.13513601,0
5461732,0,0.3572838,0
5507027,0,0.4707359,0
5474321,0,0.89507765,1
5505069,0,0.52544755,1
5483196,0,0.7507747,1
5484722,0,0.105379015,0
5469776,0,0.33356732,0
5468541,0,0.29814494,0
5468549,0,0.43558937,0
5499669,0,0.8136678,1
5501429,0,0.8781036,1
5501234,0,0.79104626,1
5465143,0,0.5037352,1
5475337,0,0.830205,1
5499772,0,0.8901392,1
5461855,0,0.6662055,1
5466142,0,0.74541736,1
5466884,0,0.7413821,1
5470123,0,0.8891474,1
5472943,0,0.5161068,1
5477778,0,0.5131079,1
5480640,0,0.88522553,1
5485988,0,0.6536618,1
5487285,0,0.36241946,0
5487287,0,0.296684,0
5487288,0,0.2459139,0
5487290,0,0.32475957,0
5487294,0,0.35611814,0
5487697,0,0.3226527,0
5487699,0,0.32725558,0
5487703,0,0.3569785,0
5488026,0,0.2311062,0
5488029,0,0.43121108,0
5501481,0,0.5604028,1
5461850,0,0.6295013,1
5465415,0,0.10667298,0
5467985,0,0.24233964,0
5469075,0,0.39623803,0
5477481,0,0.87309265,1
5496717,0,0.8160668,1
5464729,0,0.6330919,1
5462882,0,0.7476069,1
5468905,0,0.61750495,1
5472906,0,0.3439981,0
5470875,0,0.3676445,0
5474254,0,0.3086429,0
5473104,0,0.6240209,1
5478269,1,0.82729393,1
5463081,0,0.21001379,0
5477717,0,0.44378337,0
5486592,0,0.32479703,0
5486642,0,0.666835,1
5461923,0,0.116355345,0
5467222,0,0.42756736,0
5469206,0,0.19427925,0
5483051,0,0.24754433,0
5485946,0,0.29696178,0
5485947,1,0.12062853,0
5485949,0,0.30295187,0
5485950,0,0.39606437,0
5505322,0,0.6016458,1
5472963,1,0.8239965,1
5495186,1,0.9027097,1
5464715,0,0.3732769,0
5467113,0,0.87758225,1
5470371,0,0.18433842,0
5470844,1,0.48873577,0
5471508,1,0.17231713,0
5473846,0,0.13913265,0
5476801,0,0.3035695,0
5480967,0,0.19620799,0
5480968,0,0.3951801,0
5480973,0,0.21821639,0
5481271,0,0.34684035,0
5481280,0,0.21809866,0
5481417,0,0.47998744,0
5481611,0,0.26395148,0
5481614,0,0.15994051,0
5486131,1,0.35950625,0
5463002,0,0.414593,0
5475891,0,0.9253318,1
5482171,0,0.35331264,0
5462512,1,0.8992666,1
5473557,0,0.24577881,0
5487675,0,0.90103346,1
5464509,0,0.7542504,1
5462621,0,0.22703823,0
5464075,0,0.16113631,0
5464778,0,0.15338123,0
5465049,0,0.21158944,0
5465621,0,0.076018356,0
5468102,0,0.14022087,0
5469681,0,0.1925874,0
5469736,0,0.18110403,0
5470601,0,0.053669866,0
5470936,0,0.15355636,0
5471119,0,0.09932278,0
5471159,0,0.12302855,0
5471172,0,0.092413634,0
5471191,1,0.31323493,0
5471225,0,0.11947563,0
5472338,0,0.12068325,0
5472393,0,0.11959105,0
5476615,0,0.11794204,0
5476622,0,0.11308495,0
5477001,0,0.1921828,0
5477359,0,0.13742706,0
5478239,0,0.06789338,0
5480024,0,0.14092858,0
5488181,0,0.15063389,0
5491048,0,0.081339926,0
5491470,0,0.0916425,0
5491525,0,0.16563158,0
5493392,0,0.16538368,0
5493809,0,0.06508246,0
5493929,0,0.2670606,0
5494172,0,0.11020727,0
5496024,0,0.08804816,0
5506360,0,0.2038386,0
5506361,0,0.23152903,0
5506366,0,0.33014163,0
5506408,0,0.42473027,0
5507200,0,0.10387776,0
5507203,0,0.09839777,0
5507204,1,0.2911919,0
5507392,0,0.2806149,0
5507906,0,0.20995565,0
5507975,0,0.18100734,0
5503556,0,0.07818457,0
5503557,0,0.15033473,0
5503559,0,0.16816784,0
5503560,0,0.08899428,0
5503561,0,0.1813596,0
5503763,0,0.28794625,0
5462665,0,0.8137019,1
5463031,0,0.4393813,0
5499454,1,0.90304625,1
5504930,0,0.8372684,1
5507414,1,0.38301852,0
5504069,0,0.24638486,0
5474592,0,0.654435,1
5502360,0,0.90281767,1
5506497,0,0.8263143,1
5485781,0,0.3726326,0
5462823,0,0.5446943,1
5485564,0,0.45604423,0
5500806,0,0.14949833,0
5501856,0,0.4883813,0
5502390,0,0.50590545,1
5475908,0,0.3381232,0
5463723,0,0.87357455,1
5473793,0,0.24060194,0
5497026,0,0.3940188,0
5498200,1,0.80516976,1
5482461,0,0.6880194,1
5507644,0,0.86319125,1
5475038,0,0.14912677,0
5475702,0,0.28631344,0
5478403,0,0.2815854,0
5464468,0,0.5799782,1
5473168,0,0.1792175,0
5475838,0,0.34955686,0
5471793,0,0.4348004,0
5472567,0,0.8507572,1
5501795,0,0.799193,1
5495057,0,0.8835575,1
5472789,0,0.30076864,0
5485361,0,0.19353288,0
5464481,0,0.39479026,0
5464566,0,0.726239,1
5472792,0,0.9774025,1
5476231,0,0.2042044,0
5476243,1,0.32747886,0
5484438,0,0.52472496,1
5472178,1,0.7875679,1
5462478,0,0.70046055,1
5464110,0,0.51195306,1
5500352,0,0.8602378,1
5472048,0,0.39301103,0
5501417,0,0.87522006,1
5507362,0,0.30491883,0
5505748,0,0.5395736,1
5462368,0,0.7244849,1
5508053,1,0.6722448,1
5480764,0,0.5414874,1
5483067,0,0.7249412,1
5467559,0,0.7821271,1
5465248,0,0.18292266,0
5503817,1,0.53851825,1
5470664,1,0.21682559,0
5474803,0,0.21810323,0
5505079,0,0.6155973,1
5468874,0,0.260198,0
5469935,0,0.20476596,0
5470707,0,0.09159934,0
5472553,0,0.17235637,0
5472581,0,0.21100937,0
5473343,0,0.21932139,0
5473447,0,0.17267622,0
5473451,0,0.14548783,0
5474958,0,0.29322562,0
5478498,0,0.16532665,0
5478499,0,0.21224494,0
5478501,0,0.16018225,0
5478519,0,0.19211414,0
5466764,0,0.47483835,0
5462088,0,0.5755042,1
5463184,0,0.40367055,0
5464873,0,0.38159227,0
5466807,0,0.15102717,0
5477207,0,0.91024506,1
5476211,1,0.54400235,1
5461836,1,0.5423385,1
5467872,1,0.90210146,1
5489627,0,0.4010996,0
5470453,1,0.79045594,1
5469684,0,0.23232646,0
5476002,0,0.74503607,1
5461628,0,0.54768413,1
5489990,0,0.63958603,1
5502403,0,0.9168211,1
5465057,0,0.85805595,1
5500825,0,0.7817306,1
5503470,0,0.5747235,1
5482248,1,0.7776671,1
5467209,0,0.7754274,1
5467475,0,0.41687515,0
5489722,0,0.4140724,0
5469824,1,0.9418955,1
5470458,0,0.37714663,0
5504532,0,0.7880263,1
5481579,1,0.82013017,1
5484284,0,0.8850743,1
5490255,1,0.54846483,1
5467374,0,0.5946958,1
5501498,0,0.22176732,0
5478919,0,0.47344387,0
5477536,0,0.35202715,0
5501050,0,0.7496361,1
5462006,0,0.16774134,0
5462807,0,0.13932267,0
5471764,1,0.44056973,0
5471809,0,0.2538788,0
5473919,0,0.43832126,0
5477056,0,0.55827945,1
5479140,0,0.24934582,0
5465411,0,0.30032855,0
5483060,0,0.3633652,0
5474918,0,0.7400272,1
5501548,0,0.3133937,0
5502979,0,0.8131428,1
5503612,0,0.69404775,1
5507515,0,0.66178197,1
5486987,0,0.21629289,0
5501504,0,0.89779216,1
5505907,0,0.4413546,0
5506900,0,0.8404543,1
5507514,0,0.21194692,0
5476185,0,0.8578266,1
5470746,0,0.19728504,0
5507999,1,0.79438514,1
5478489,1,0.8354941,1
5497324,1,0.9728388,1
5482202,0,0.19439858,0
5499005,1,0.90652746,1
5473440,1,0.94772536,1
5464800,1,0.79319334,1
5492756,0,0.8809485,1
5491676,0,0.7773274,1
5490205,1,0.8170213,1
5485578,1,0.8540663,1
5499130,1,0.86690885,1
5476293,0,0.73131627,1
5469028,0,0.5342495,1
5463896,0,0.38818544,0
5464863,0,0.28547838,0
5464955,0,0.41098467,0
5464957,1,0.32072586,0
5465438,0,0.19411884,0
5465876,0,0.23534289,0
5465921,0,0.4743223,0
5465924,0,0.41064286,0
5469045,0,0.6007255,1
5476905,0,0.24843466,0
5476911,0,0.39677075,0
5480243,0,0.28691846,0
5481668,0,0.505437,1
5482426,0,0.2653469,0
5482429,0,0.25902718,0
5485866,0,0.25582823,0
5486361,0,0.34864324,0
5498697,0,0.56397015,1
5509148,0,0.91026926,1
5463517,0,0.1351426,0
5480269,0,0.45841503,0
5465018,0,0.2576276,0
5470588,0,0.53638434,1
5475610,0,0.19971223,0
5476099,0,0.32603845,0
5490071,0,0.6237155,1
5503595,0,0.9002567,1
5471449,0,0.30732608,0
5471361,0,0.28443033,0
5477238,0,0.6861294,1
5498610,0,0.86308676,1
5498205,0,0.4715871,0
5508071,0,0.680854,1
5478591,0,0.10549427,0
5479507,0,0.12896176,0
5461538,0,0.1445266,0
5461883,0,0.45502272,0
5480338,1,0.7266453,1
5480341,1,0.9039912,1
5476681,0,0.46559042,0
5484359,0,0.5490633,1
5501949,0,0.76159704,1
5480739,0,0.5749086,1
5461345,0,0.26132149,0
5490238,0,0.6565957,1
5474686,0,0.3722834,0
5461661,1,0.8169303,1
5463161,0,0.32846788,0
5473412,0,0.4151852,0
5474617,0,0.24442907,0
5474628,0,0.16346341,0
5474636,0,0.2633585,0
5474766,0,0.51645094,1
5475656,0,0.3906271,0
5475966,0,0.8427911,1
5477782,0,0.3266613,0
5507104,1,0.9466241,1
5470586,0,0.5978569,1
5501980,1,0.90602833,1
5467773,0,0.38791186,0
5480656,0,0.77606434,1
5482972,0,0.36355922,0
5503005,0,0.33485955,0
5503823,1,0.8034512,1
5463627,0,0.26505008,0
5465012,0,0.70856994,1
5479030,0,0.22344072,0
5476406,0,0.14566588,0
5483128,1,0.96282387,1
5469041,0,0.39018393,0
5471808,1,0.93816376,1
5476516,1,0.95891744,1
5464170,1,0.9835676,1
5505242,0,0.4537271,0
5478009,0,0.8573985,1
5507679,0,0.6378264,1
5491905,1,0.7863405,1
5481826,0,0.42270842,0
5483088,0,0.56731296,1
5507456,0,0.55784184,1
5507813,0,0.36178988,0
5506857,1,0.91141313,1
5469553,0,0.33837798,0
5507843,0,0.22429846,0
5474632,0,0.35095623,0
5507868,1,0.89957374,1
5463558,0,0.84225965,1
5480431,0,0.15169106,0
5482712,0,0.36370832,0
5466116,0,0.2896011,0
5477705,0,0.3885258,0
5473207,1,0.91435087,1
5484412,0,0.28361645,0
5505397,0,0.5892986,1
5478204,0,0.28690854,0
5478307,0,0.31074694,0
5480981,0,0.32405066,0
5464977,1,0.8669569,1
5491268,0,0.7590143,1
5468463,0,0.10065513,0
5468640,0,0.41465276,0
5469534,0,0.43511888,0
5473059,0,0.3928538,0
5473060,1,0.7026999,1
5482308,0,0.56096107,1
5487849,0,0.48320484,0
5495728,1,0.7407823,1
5464224,0,0.59297156,1
5464247,0,0.6590617,1
5464248,0,0.48932746,0
5464250,0,0.46344036,0
5464251,0,0.38599682,0
5464252,0,0.38551483,0
5464254,0,0.5520783,1
5464255,0,0.5837319,1
5464257,0,0.6293322,1
5479457,0,0.7288173,1
5466924,0,0.7944439,1
5486277,0,0.30817848,0
5480869,0,0.5522995,1
5474319,0,0.8002672,1
5462674,0,0.21492696,0
5472780,0,0.2692061,0
5481849,0,0.21964481,0
5487767,0,0.06477963,0
5498796,0,0.05612454,0
5508414,0,0.23068471,0
5508966,0,0.5087779,1
5506196,0,0.29683194,0
5505952,0,0.47847977,0
5479127,1,0.37698287,0
5479128,1,0.7638472,1
5479296,0,0.74124813,1
5479458,0,0.5807457,1
5479540,0,0.4850482,0
5479564,0,0.21646465,0
5479729,0,0.40635598,0
5481868,0,0.4850196,0
5481872,0,0.2737698,0
5481878,0,0.14673555,0
5481879,0,0.31513926,0
5481971,1,0.3626623,0
5481974,0,0.1596282,0
5482001,0,0.48924807,0
5482031,1,0.38502273,0
5482077,0,0.2300438,0
5482946,0,0.6720798,1
5482959,0,0.20812842,0
5482960,0,0.34420452,0
5483280,1,0.57681507,1
5483621,1,0.28992867,0
5470950,0,0.64185035,1
5470953,0,0.5588617,1
5475341,1,0.6020378,1
5475343,1,0.649291,1
5463733,0,0.6803263,1
5492665,0,0.39803666,0
5470743,0,0.46466446,0
5484232,0,0.18511225,0
5491086,1,0.60852927,1
5475878,0,0.6348127,1
5484959,1,0.9283202,1
5494901,0,0.22502168,0
5473224,0,0.36339498,0
5471834,0,0.46742368,0
5474104,0,0.84191704,1
5491694,1,0.96326315,1
5478334,0,0.22403081,0
5478354,0,0.1731794,0
5462157,1,0.7015797,1
5463336,0,0.14840357,0
5464516,0,0.2543668,0
5466227,0,0.0912001,0
5475275,0,0.21761669,0
5483249,1,0.69002604,1
5471519,0,0.48860794,0
5471931,1,0.5121263,1
5472009,0,0.2975686,0
5477360,0,0.6417018,1
5477564,0,0.13318774,0
5470919,1,0.8138831,1
5496442,1,0.45486206,0
5464539,0,0.19400968,0
5464746,0,0.12442165,0
5464747,0,0.19285949,0
5467100,1,0.17854829,0
5467254,0,0.15372486,0
5467255,1,0.17419481,0
5467488,1,0.24526252,0
5472241,0,0.35025936,0
5472242,0,0.095910564,0
5475429,0,0.15912816,0
5478388,0,0.25590593,0
5478390,0,0.27655074,0
5478391,0,0.2106262,0
5497737,0,0.28665864,0
5483268,1,0.61696416,1
5499211,0,0.5564821,1
5484955,0,0.5901718,1
5500904,1,0.845114,1
5501622,0,0.28297663,0
5467959,0,0.3229648,0
5465052,1,0.36273468,0
5499137,0,0.7167292,1
5499139,0,0.47258976,0
5467939,0,0.3436833,0
5475723,1,0.40885258,0
5478644,0,0.2188834,0
5475941,1,0.65442663,1
5469886,0,0.87022835,1
5462526,0,0.24523114,0
5469191,0,0.25126517,0
5501988,0,0.49540567,0
5465381,0,0.54739106,1
5480691,1,0.80167663,1
5488087,1,0.8089309,1
5463881,0,0.33646894,0
5478940,0,0.8271762,1
5472507,0,0.21280389,0
5495334,0,0.26275787,0
5462815,0,0.9326119,1
5462849,0,0.7402219,1
5505933,1,0.88474816,1
5486052,0,0.7072093,1
5477950,0,0.31487682,0
5502689,1,0.86523014,1
5478971,1,0.72491914,1
5474739,0,0.3968925,0
5475849,0,0.47731462,0
5481487,0,0.1820446,0
5481489,0,0.31838134,0
5484200,0,0.7277081,1
5496273,0,0.15171897,0
5495100,0,0.47741067,0
5477232,0,0.5515085,1
5473328,0,0.4453185,0
5472588,0,0.7953876,1
5476016,0,0.36001095,0
5476023,0,0.29252034,0
5508275,1,0.93771166,1
5464097,0,0.5796164,1
5465191,0,0.8804574,1
5467896,0,0.48495528,0
5466754,1,0.61191297,1
5501905,0,0.66389424,1
5501910,0,0.16682842,0
5466555,0,0.3794714,0
5472804,0,0.5335485,1
5474590,0,0.124969445,0
5474596,1,0.38458824,0
5476429,1,0.20183375,0
5476432,0,0.43977252,0
5476441,0,0.2552882,0
5476650,1,0.38619104,0
5477142,1,0.501644,1
5478348,0,0.385604,0
5478349,0,0.36966532,0
5478351,0,0.39971158,0
5478353,0,0.49147525,0
5478355,0,0.28980273,0
5478357,0,0.45751545,0
5482991,0,0.32182914,0
5482993,0,0.3551659,0
5482994,0,0.36753428,0
5482995,0,0.4577721,0
5482996,0,0.726267,1
5483548,0,0.31321508,0
5483550,0,0.34547406,0
5483551,0,0.3778086,0
5468505,0,0.36281303,0
5490380,0,0.5760252,1
5465043,0,0.8862351,1
5470749,1,0.5144391,1
5466224,0,0.5876357,1
5474116,0,0.2500135,0
5474189,0,0.28583246,0
5474195,0,0.19077441,0
5475068,1,0.18425703,0
5475935,0,0.10153242,0
5475938,0,0.3128884,0
5475943,1,0.2619142,0
5480093,0,0.21318343,0
5507442,0,0.6737239,1
5479438,0,0.35591185,0
5463990,0,0.287191,0
5467542,0,0.2616852,0
5472814,0,0.5307685,1
5474735,1,0.20870212,0
5483928,0,0.28963995,0
5484386,0,0.566825,1
5487581,0,0.2929702,0
5503466,1,0.72954154,1
5505988,1,0.7316469,1
5480396,1,0.90496224,1
5465593,0,0.19867776,0
5467482,0,0.34037122,0
5478910,0,0.45031178,0
5483414,0,0.48703733,0
5483418,0,0.2835068,0
5500397,0,0.48229665,0
5506179,1,0.967877,1
5478491,0,0.8285497,1
5472775,0,0.7441672,1
5493204,1,0.58999485,1
5480562,0,0.5123867,1
5483181,0,0.2739017,0
5483182,0,0.28349066,0
5477245,0,0.74254334,1
5500128,1,0.90427536,1
5461349,0,0.1788708,0
5461357,0,0.39984336,0
5505490,0,0.5505716,1
5464928,1,0.7689848,1
5466711,0,0.19374584,0
5477650,0,0.20677286,0
5497235,1,0.23621726,0
5469241,0,0.10375756,0
5477775,0,0.11891394,0
5477777,0,0.1080389,0
5477780,0,0.06729313,0
5480185,0,0.05201316,0
5480194,0,0.045709636,0
5481150,0,0.13005313,0
5477365,0,0.41707227,0
5473800,0,0.5276107,1
5473808,0,0.7052712,1
5473809,0,0.54584306,1
5473810,0,0.5466018,1
5473817,0,0.38612378,0
5474425,0,0.5185416,1
5474434,0,0.7051642,1
5474925,0,0.47259817,0
5474927,0,0.4893983,0
5475461,0,0.47381252,0
5475462,0,0.67016476,1
5475467,1,0.7684479,1
5475468,0,0.4750979,0
5475472,0,0.7893477,1
5475479,0,0.5654282,1
5475485,0,0.38766918,0
5475490,0,0.3689089,0
5475493,0,0.5052586,1
5475498,0,0.6422826,1
5475517,0,0.5248021,1
5475519,0,0.7239087,1
5475535,0,0.40233573,0
5475546,1,0.4690231,0
5475547,0,0.50862175,1
5475631,1,0.8165752,1
5475870,0,0.65907484,1
5475871,0,0.60289294,1
5475920,0,0.1986122,0
5475925,1,0.5456048,1
5475963,0,0.319994,0
5496933,0,0.95011884,1
5488165,0,0.8059799,1
5469555,0,0.27235055,0
5469556,0,0.59256077,1
5469577,0,0.29559097,0
5473113,0,0.12946557,0
5461758,0,0.6519885,1
5476009,0,0.47402436,0
5490030,0,0.7648055,1
5482644,1,0.91439456,1
5464139,0,0.26465625,0
5475759,0,0.44071364,0
5476076,1,0.8694535,1
5476563,0,0.9035236,1
5478130,1,0.8574745,1
5478132,0,0.73646235,1
5478134,0,0.5253313,1
5478141,0,0.5281178,1
5479688,1,0.3425353,0
5479701,0,0.3154031,0
5479704,0,0.3824691,0
5479707,1,0.3983228,0
5481908,1,0.48362026,0
5481945,0,0.43049613,0
5486044,0,0.43193376,0
5505177,0,0.73706204,1
5462770,0,0.941226,1
5482513,0,0.679224,1
5485513,0,0.35282442,0
5475866,0,0.7130791,1
5497320,0,0.12089634,0
5479614,0,0.5644033,1
5481231,0,0.9115148,1
5463047,0,0.8749583,1
5469086,0,0.5459459,1
5470532,0,0.20419416,0
5473527,0,0.52416164,1
5480298,0,0.4716399,0
5482350,0,0.7079278,1
5482565,0,0.47079292,0
5484588,0,0.47214958,0
5484727,0,0.4402939,0
5485074,0,0.6747029,1
5486652,0,0.6626892,1
5489870,0,0.40715325,0
5490872,0,0.22158071,0
5490876,0,0.17613244,0
5485862,0,0.6032776,1
5484619,0,0.49242347,0
5475496,0,0.8779381,1
5501771,0,0.8525829,1
5479574,0,0.6197476,1
5471617,0,0.2560339,0
5472077,0,0.8069081,1
5467845,0,0.20164585,0
5481737,0,0.33789963,0
5476619,0,0.6140929,1
5476620,0,0.25491858,0
5476621,0,0.5019032,1
5480376,0,0.4526337,0
5492180,1,0.2950361,0
5495762,0,0.3515208,0
5506367,0,0.27703443,0
5481968,1,0.8887321,1
5472884,1,0.8136319,1
5464866,1,0.32828385,0
5479351,0,0.18341702,0
5479352,0,0.5098503,1
5461208,0,0.30224878,0
5489857,0,0.3861228,0
5468233,1,0.78925836,1
5479899,0,0.29176527,0
5485481,0,0.5543269,1
5485808,1,0.8647921,1
5500147,1,0.4383577,0
5486368,0,0.5884551,1
5478221,0,0.902019,1
5462372,0,0.53498393,1
5476645,0,0.20497888,0
5476649,0,0.61836576,1
5462972,0,0.79518676,1
5500774,0,0.53658026,1
5500780,0,0.5133598,1
5494219,1,0.6033636,1
5484636,0,0.628282,1
5485038,0,0.6428718,1
5488044,0,0.8940007,1
5477572,0,0.272325,0
5494931,0,0.6120634,1
5495147,0,0.66534483,1
5470084,0,0.9184131,1
5467749,0,0.3049227,0
5471494,0,0.46768063,0
5474825,0,0.5141778,1
5479327,0,0.21138817,0
5485128,0,0.93243057,1
5485236,0,0.5217911,1
5507279,0,0.20947455,0
5477897,0,0.9787199,1
5502529,0,0.6031512,1
5477787,0,0.2589047,0
5476436,0,0.11041522,0
5476437,0,0.26093084,0
5494605,0,0.9605237,1
5504105,0,0.14821348,0
5472460,1,0.8820008,1
5505475,0,0.4876431,0
5481388,0,0.84862405,1
5465623,0,0.5033303,1
5468343,0,0.3622349,0
5468346,0,0.44243592,0
5478889,0,0.3337368,0
5486218,0,0.6994876,1
5474448,0,0.617559,1
5474944,0,0.5552748,1
5476585,0,0.2991417,0
5476595,0,0.44679004,0
5470422,0,0.96100205,1
5489800,0,0.7162522,1
5470699,1,0.88418746,1
5502663,0,0.816808,1
5467698,0,0.45832005,0
5468470,1,0.5940306,1
5468471,0,0.68342525,1
5468472,1,0.49398404,0
5468475,0,0.5351399,1
5468792,0,0.6886095,1
5468793,0,0.67185336,1
5470471,0,0.8321192,1
5470474,0,0.37852314,0
5471548,0,0.5369091,1
5471549,0,0.8255958,1
5473996,0,0.39652956,0
5474024,0,0.26640922,0
5474158,0,0.7012603,1
5474605,1,0.74886316,1
5495477,0,0.6096068,1
5495490,1,0.28612223,0
5495491,1,0.598049,1
5503829,0,0.7714931,1
5504927,0,0.8025949,1
5508659,0,0.55788845,1
5499176,0,0.8284648,1
5497911,1,0.4641854,0
5507315,0,0.89287764,1
5461434,0,0.51982003,1
5461435,0,0.41919053,0
5461439,0,0.5482523,1
5461440,0,0.3256611,0
5471686,0,0.25166914,0
5471690,0,0.16759552,0
5471696,0,0.2033834,0
5507841,0,0.3344479,0
5507844,0,0.28544936,0
5507846,0,0.44965842,0
5507847,0,0.16779582,0
5507848,0,0.2759265,0
5476418,1,0.5552914,1
5478628,0,0.7942146,1
5503019,0,0.3522947,0
5484195,0,0.42552546,0
5496732,0,0.82394624,1
5484444,0,0.17050722,0
5502394,0,0.64401764,1
5461740,0,0.31020406,0
5473065,0,0.40203178,0
5476711,0,0.13423043,0
5487745,0,0.26428232,0
5490529,0,0.84229684,1
5469432,0,0.88377905,1
5481062,0,0.39513177,0
5481065,0,0.32268384,0
5482667,1,0.17143568,0
5482675,0,0.35573548,0
5508298,1,0.8122114,1
5506392,0,0.18558468,0
5506674,0,0.7667676,1
5508636,0,0.7824194,1
5473235,0,0.2280889,0
5498226,1,0.5093305,1
5469439,0,0.13275896,0
5506946,1,0.16922605,0
5462256,0,0.3065985,0
5471420,0,0.56084514,1
5465014,0,0.21008478,0
5465792,0,0.28009164,0
5466374,0,0.13838814,0
5467201,0,0.097006954,0
5468171,0,0.20686407,0
5468583,0,0.34263143,0
5468921,0,0.10979611,0
5468922,0,0.23782298,0
5469385,0,0.095362835,0
5470398,0,0.1726712,0
5470537,0,0.24322335,0
5472001,0,0.068611994,0
5472098,0,0.18498765,0
5475565,0,0.20698118,0
5486028,0,0.37514672,0
5478917,0,0.5129039,1
5480692,1,0.514454,1
5507348,0,0.9132059,1
5473717,0,0.62468886,1
5474168,0,0.53796,1
5474172,0,0.4992528,0
5479309,1,0.2995717,0
5507613,0,0.31679547,0
5462908,0,0.18048514,0
5463262,0,0.15687634,0
5461784,0,0.58731776,1
5471401,0,0.13456148,0
5475148,0,0.23687562,0
5475344,0,0.21015842,0
5478289,0,0.17298874,0
5461650,0,0.6738119,1
5482085,1,0.8314747,1
5505895,0,0.5089545,1
5465128,1,0.95310384,1
5500813,0,0.47316068,0
5503611,0,0.6151727,1
5483241,1,0.55278546,1
5507661,1,0.7617963,1
5478288,0,0.28611192,0
5468433,1,0.653677,1
5500790,0,0.46190533,0
5461507,1,0.39779437,0
5473991,0,0.3531945,0
5467020,1,0.77225107,1
5467021,0,0.9085606,1
5467085,0,0.41942772,0
5467179,0,0.5348672,1
5467332,0,0.5469968,1
5467458,0,0.5283679,1
5467461,0,0.17540711,0
5467462,1,0.30841374,0
5506282,0,0.9630515,1
5486564,0,0.37467033,0
5473622,0,0.37829792,0
5473626,0,0.14209782,0
5473627,0,0.61588895,1
5473668,0,0.33549488,0
5473676,1,0.36914086,0
5473689,0,0.5577544,1
5473693,0,0.19620416,0
5473694,1,0.45671657,0
5473696,0,0.5055975,1
5473699,0,0.5234367,1
5473706,0,0.6476702,1
5473783,1,0.5083686,1
5473786,0,0.51337624,1
5474848,0,0.50556016,1
5474853,0,0.44296196,0
5475873,0,0.44034046,0
5476884,0,0.47714874,0
5476885,0,0.2935456,0
5476886,0,0.33757567,0
5476888,0,0.48349366,0
5476892,0,0.6872667,1
5476895,1,0.61339873,1
5476901,1,0.6052638,1
5476906,0,0.46445072,0
5479754,0,0.47016528,0
5480057,0,0.3801543,0
5481655,0,0.3247216,0
5484114,0,0.41510832,0
5474974,0,0.68730783,1
5467891,0,0.275882,0
5483663,0,0.5798237,1
5478832,0,0.34996754,0
5478837,0,0.35509932,0
5479852,0,0.54600716,1
5480142,0,0.57049125,1
5498807,0,0.58987635,1
5474578,0,0.6874531,1
5464010,0,0.81173825,1
5461284,0,0.5736855,1
5471409,0,0.43382424,0
5463149,0,0.37663773,0
5484325,0,0.8406163,1
5485612,0,0.25539845,0
5485723,0,0.30107614,0
5487115,0,0.3076986,0
5468420,1,0.9871141,1
5479432,0,0.67122686,1
5469426,1,0.79364455,1
5471738,1,0.9373138,1
5472288,0,0.95591354,1
5503885,1,0.29856637,0
5483765,0,0.33926696,0
5504954,0,0.778194,1
5473583,0,0.84904766,1
5477237,0,0.14231822,0
5477254,0,0.3304448,0
5477257,1,0.4586117,0
5476010,0,0.9727989,1
5461729,0,0.31059036,0
5474410,0,0.62214166,1
5483516,0,0.32895592,0
5474710,0,0.6116002,1
5484749,1,0.93707603,1
5485002,0,0.9696175,1
5463623,0,0.26714864,0
5463701,1,0.4081564,0
5466035,0,0.49036458,0
5466901,0,0.27772075,0
5466904,0,0.21765065,0
5466208,0,0.4701991,0
5467451,0,0.28546032,0
5461503,0,0.7852993,1
5463471,0,0.21258584,0
5463889,0,0.32618594,0
5495558,0,0.8329945,1
5470162,0,0.30351368,0
5474657,0,0.32714102,0
5504322,0,0.498819,0
5479444,0,0.8293396,1
5467528,0,0.29026496,0
5482277,1,0.8217299,1
5477258,1,0.77939725,1
5466247,0,0.46638262,0
5474397,0,0.7350273,1
5503880,0,0.7119132,1
5483819,0,0.9214686,1
5483010,1,0.84099686,1
5468668,0,0.30581063,0
5485829,0,0.59032124,1
5463191,0,0.14924309,0
5505824,0,0.23488496,0
5492127,0,0.5345712,1
5500309,0,0.8342261,1
5480531,0,0.44649923,0
5466434,0,0.3303724,0
5472708,0,0.3706941,0
5469068,1,0.37132373,0
5469199,0,0.8567312,1
5475229,0,0.8759716,1
5481803,0,0.6627417,1
5481806,0,0.4397792,0
5465608,0,0.24408256,0
5505022,0,0.35554314,0
5464353,0,0.564342,1
5470867,0,0.3140652,0
5470955,0,0.22222792,0
5470957,0,0.051213138,0
5471913,0,0.3031498,0
5471925,0,0.09650828,0
5471945,0,0.17428532,0
5476794,0,0.11222124,0
5478198,0,0.47189423,0
5507079,1,0.75395733,1
5483953,1,0.093646124,0
5487751,0,0.10113095,0
5494829,0,0.46234336,0
5470218,0,0.68225133,1
5471877,0,0.13093288,0
5484388,0,0.43503854,0
5493487,0,0.883858,1
5473319,0,0.9493795,1
5478315,1,0.68079174,1
5484409,0,0.79571605,1
5484524,0,0.31154308,0
5484803,0,0.43538758,0
5484806,0,0.5617024,1
5484810,0,0.34743673,0
5484811,0,0.379833,0
5485313,0,0.33325154,0
5485316,0,0.22795978,0
5462122,0,0.46202943,0
5482723,0,0.42275256,0
5508657,0,0.26116297,0
5508488,0,0.82039404,1
5477116,0,0.2756427,0
5481455,0,0.17294943,0
5481483,0,0.09902047,0
5504373,0,0.2750056,0
5477379,0,0.4845293,0
5477380,0,0.3712955,0
5477388,0,0.3334664,0
5504077,0,0.8010366,1
5467694,0,0.22931193,0
5476251,0,0.24979852,0
5504928,0,0.8787865,1
5465345,0,0.32573506,0
5478284,0,0.679963,1
5505374,0,0.5246889,1
5487568,1,0.93684304,1
5494554,1,0.9360467,1
5474292,0,0.08672839,0
5484680,0,0.21393341,0
5467320,0,0.18754369,0
5468151,0,0.49221843,0
5463898,0,0.17292553,0
5465142,0,0.37499788,0
5467658,0,0.19380385,0
5470047,0,0.12578641,0
5470424,0,0.23603292,0
5477203,0,0.10572819,0
5478008,0,0.06832846,0
5462293,0,0.21402644,0
5462296,0,0.28545964,0
5462297,0,0.3172895,0
5463398,0,0.27120343,0
5466151,0,0.32953903,0
5477977,0,0.16182108,0
5466651,1,0.8641711,1
5504228,1,0.757665,1
5474113,0,0.36025754,0
5475881,1,0.323137,0
5478657,0,0.40199766,0
5478658,0,0.6059554,1
5478664,0,0.55647916,1
5479019,1,0.33065945,0
5479037,0,0.51621544,1
5479855,0,0.5740877,1
5479857,0,0.15000492,0
5480189,0,0.72826314,1
5480205,0,0.36519936,0
5461685,0,0.9239003,1
5461172,0,0.16854697,0
5461197,0,0.15935318,0
5461582,0,0.44389516,0
5461635,0,0.17508133,0
5462892,0,0.30494142,0
5462897,0,0.15984195,0
5463366,0,0.14306949,0
5463369,0,0.67356026,1
5463401,0,0.24103545,0
5464387,0,0.3582557,0
5464631,1,0.21606001,0
5465154,0,0.2059609,0
5465165,0,0.27904198,0
5465190,0,0.14647597,0
5465204,0,0.09896513,0
5465348,0,0.19557737,0
5465404,0,0.42690796,0
5465606,0,0.15451856,0
5465713,0,0.14687479,0
5465987,0,0.10849044,0
5466063,0,0.07543277,0
5466392,0,0.17082143,0
5466790,0,0.16620247,0
5466849,0,0.4407262,0
5467183,1,0.60637325,1
5467186,1,0.10690807,0
5467582,0,0.12064854,0
5467941,0,0.097113915,0
5468639,0,0.12434248,0
5469010,0,0.30068684,0
5469054,0,0.26142126,0
5469302,0,0.09242179,0
5469330,1,0.4205207,0
5469798,0,0.2274368,0
5469799,0,0.084452316,0
5469803,0,0.09324858,0
5470133,0,0.12347343,0
5470134,0,0.091619335,0
5470610,0,0.16558507,0
5470611,0,0.18725638,0
5470636,0,0.06866083,0
5471336,0,0.29188353,0
5471861,0,0.11290927,0
5471862,0,0.1714711,0
5471928,0,0.117952496,0
5473024,0,0.1900113,0
5473025,0,0.18989311,0
5473068,0,0.1595397,0
5474421,0,0.42786428,0
5474473,0,0.17474093,0
5474488,0,0.2737312,0
5474952,0,0.21981344,0
5475595,0,0.11914821,0
5476060,0,0.22812901,0
5477044,0,0.20681675,0
5477047,0,0.18778044,0
5478401,0,0.24910513,0
5468786,0,0.9274193,1
5474842,0,0.40062997,0
5478235,0,0.8949309,1
5487607,0,0.9572225,1
5475137,1,0.77506596,1
5461301,0,0.10670464,0
5471837,0,0.84284323,1
5499490,0,0.8921206,1
5479653,0,0.90284467,1
5505007,0,0.5539713,1
5489483,0,0.881298,1
5508118,0,0.25733405,0
5508126,0,0.5313827,1
5484395,0,0.0793039,0
5502823,0,0.67891955,1
5487670,1,0.9545944,1
5472082,0,0.39715058,0
5471247,0,0.5182862,1
5477253,0,0.5121495,1
5479324,0,0.17922777,0
5498860,0,0.668584,1
5463134,0,0.44255254,0
5463640,0,0.6678291,1
5476403,0,0.30882642,0
5480823,0,0.26961935,0
5480825,0,0.1716421,0
5480828,1,0.1913202,0
5481097,0,0.40006617,0
5481098,0,0.48078975,0
5482512,0,0.16284534,0
5483229,0,0.293725,0
5483230,1,0.2670361,0
5500094,0,0.14466983,0
5484221,0,0.22464885,0
5476463,0,0.7247826,1
5503384,1,0.8834467,1
5476919,0,0.7344805,1
5468930,0,0.35947314,0
5468935,0,0.19733095,0
5468937,0,0.22774766,0
5468940,0,0.49184763,0
5469292,1,0.4977618,0
5490795,1,0.93821275,1
5492901,1,0.7488497,1
5467473,0,0.18311135,0
5462389,0,0.30362764,0
5466127,0,0.2720378,0
5468599,0,0.19766328,0
5468986,0,0.32684174,0
5467160,1,0.9674141,1
5470637,0,0.8732012,1
5472331,0,0.49355477,0
5500770,0,0.72948235,1
5466538,0,0.52512974,1
5493228,0,0.48753732,0
5471773,1,0.9199738,1
5503826,1,0.94941396,1
5462767,1,0.1882925,0
5467323,0,0.6672889,1
5467768,0,0.09639394,0
5468967,1,0.54144055,1
5469147,0,0.47056067,0
5469150,0,0.5665934,1
5471137,0,0.17482515,0
5478331,0,0.25495845,0
5481573,0,0.21130846,0
5486267,0,0.1751912,0
5502478,0,0.36592346,0
5489653,0,0.8655181,1
5471383,0,0.8340473,1
5475997,0,0.9027955,1
5485926,0,0.44499,0
5485027,0,0.3604761,0
5480631,1,0.69893205,1
5483184,0,0.61685455,1
5461211,0,0.36395633,0
5472287,0,0.5168439,1
5502598,0,0.24009144,0
5507657,0,0.4207283,0
5471178,0,0.56898546,1
5494564,0,0.6626503,1
5496182,0,0.4462261,0
5504414,0,0.555446,1
5465205,0,0.15904683,0
5479206,0,0.77681124,1
5507276,1,0.86539716,1
5490314,0,0.674979,1
5490350,0,0.3097007,0
5491911,0,0.28015083,0
5491913,0,0.15176633,0
5491915,0,0.36756504,0
5491916,0,0.33656812,0
5491917,0,0.2613305,0
5467151,1,0.2523912,0
5478161,0,0.71491164,1
5480868,0,0.30953193,0
5475415,0,0.64664775,1
5491489,0,0.33299693,0
5498533,0,0.9578054,1
5462710,0,0.516158,1
5465125,0,0.48081213,0
5465380,0,0.39546835,0
5465385,0,0.47655728,0
5465389,0,0.21983264,0
5465393,0,0.20890965,0
5467384,0,0.3516753,0
5469649,0,0.28496057,0
5464881,0,0.39291447,0
5473004,0,0.4848272,0
5492038,0,0.4078278,0
5475791,0,0.56653816,1
5461633,0,0.40828916,0
5506686,0,0.49405482,0
5504148,0,0.8712385,1
5502042,1,0.92791474,1
5475435,0,0.45671943,0
5475987,0,0.7178066,1
5476084,0,0.23049355,0
5476089,0,0.3968711,0
5476383,0,0.4240115,0
5476426,0,0.5548041,1
5476666,0,0.44740504,0
5476973,1,0.46312127,0
5476979,0,0.30045566,0
5477210,0,0.7704912,1
5477241,0,0.31684488,0
5477439,0,0.5319236,1
5477620,0,0.62553245,1
5477861,0,0.48385775,0
5478113,0,0.6215836,1
5478123,0,0.27665803,0
5478360,0,0.33884865,0
5478791,0,0.29002056,0
5478841,0,0.33746606,0
5478935,0,0.29069316,0
5478999,0,0.08534195,0
5479049,1,0.51074,1
5479144,0,0.3712936,0
5479241,0,0.38680482,0
5479258,0,0.30522588,0
5479261,0,0.27980655,0
5479269,0,0.31129795,0
5479274,0,0.57022744,1
5479276,0,0.40954778,0
5479291,0,0.5201491,1
5479350,0,0.29724157,0
5479654,0,0.44081774,0
5479660,0,0.2057446,0
5479985,0,0.17162113,0
5480394,0,0.33074677,0
5480594,0,0.18932843,0
5480816,0,0.38948765,0
5480887,0,0.34825096,0
5481424,0,0.6165591,1
5482119,0,0.4155811,0
5482294,0,0.5550898,1
5482354,0,0.40011942,0
5482355,0,0.17615029,0
5482358,0,0.32895693,0
5482359,0,0.697644,1
5482369,0,0.21446106,0
5482370,0,0.41664696,0
5482380,0,0.17784533,0
5482584,0,0.37490878,0
5482869,1,0.22518423,0
5483508,0,0.2474001,0
5483515,0,0.3739226,0
5483521,0,0.35059673,0
5483990,0,0.27236903,0
5484761,0,0.1960795,0
5486060,1,0.8750959,1
5486088,0,0.15245113,0
5489407,0,0.24122964,0
5471467,1,0.7470596,1
5490453,0,0.7333655,1
5474933,0,0.86821175,1
5478374,1,0.9277909,1
5493188,1,0.93877816,1
5506043,1,0.31275773,0
5487326,0,0.40256065,0
5478402,0,0.78819907,1
5468127,0,0.18831156,0
5468130,0,0.35364765,0
5474889,0,0.8208886,1
5501014,0,0.4368739,0
5479975,0,0.48309365,0
5471407,0,0.48802984,0
5490909,0,0.7963175,1
5485645,0,0.8419042,1
5503881,0,0.4517729,0
5469418,1,0.64386153,1
5471541,0,0.23449187,0
5461560,0,0.3912155,0
5464575,0,0.1390537,0
5494856,0,0.5966105,1
5500385,0,0.38344634,0
5505543,0,0.5916931,1
5467506,0,0.19565362,0
5500124,0,0.66964144,1
5472987,0,0.56091166,1
5463589,1,0.31586424,0
5461171,0,0.5695364,1
5461654,0,0.2914602,0
5461696,0,0.6767804,1
5461767,0,0.66092515,1
5461769,0,0.21581209,0
5462175,0,0.24316317,0
5462217,1,0.3903885,0
5462946,0,0.26648504,0
5463479,0,0.22504069,0
5463954,0,0.1891682,0
5464814,0,0.5145036,1
5465390,1,0.69650096,1
5465550,0,0.2561849,0
5466605,0,0.13911445,0
5483921,0,0.29817766,0
5501340,1,0.6868103,1
5494418,0,0.044147573,0
5485077,0,0.42306367,0
5502555,0,0.26635212,0
5504598,0,0.40763682,0
5504641,0,0.48388907,0
5472866,0,0.5582417,1
5475428,1,0.96821815,1
5480849,0,0.38727883,0
5476646,1,0.122431345,0
5480944,0,0.45947585,0
5480931,0,0.5466811,1
5481261,0,0.4020888,0
5481583,0,0.40226865,0
5481708,0,0.3921613,0
5483179,0,0.4423026,0
5483183,0,0.25224423,0
5484578,0,0.5589038,1
5484726,0,0.14433533,0
5490660,0,0.30180275,0
5463430,0,0.17736574,0
5477036,0,0.23582661,0
5497234,0,0.75346106,1
5489991,0,0.26087955,0
5492659,0,0.8313625,1
5501863,0,0.6714622,1
5482089,0,0.78269845,1
5474072,0,0.61749536,1
5474076,0,0.6299625,1
5474212,0,0.3709468,0
5485557,0,0.25420073,0
5487741,0,0.45566002,0
5496012,0,0.36630127,0
5500905,0,0.98291665,1
5462408,0,0.93940556,1
5482455,0,0.81639606,1
5485837,0,0.45311975,0
5486333,0,0.21941726,0
5486521,0,0.5940017,1
5505786,0,0.22423406,0
5475887,0,0.5067136,1
5462887,0,0.7548564,1
5481967,1,0.7348799,1
5464477,1,0.71403855,1
5473932,0,0.7152559,1
5475623,0,0.19399568,0
5493722,0,0.8062561,1
5481620,1,0.9045199,1
5482347,0,0.8503177,1
5468232,0,0.7392224,1
5507295,0,0.86243194,1
5471219,1,0.83447254,1
5497992,0,0.27587008,0
5467646,0,0.5332496,1
5477422,0,0.4858219,0
5475183,0,0.21942095,0
5478432,0,0.5489939,1
5483218,0,0.2534888,0
5492207,1,0.715357,1
5497695,0,0.38866818,0
5498829,0,0.6998461,1
5486861,0,0.73869014,1
5472540,0,0.196756,0
5478951,0,0.2620662,0
5468202,0,0.6863653,1
5468436,1,0.63896674,1
5494074,1,0.90316254,1
5503347,1,0.9994159,1
5476772,0,0.62087953,1
5475584,0,0.70438373,1
5479980,0,0.76946443,1
5479940,0,0.33194676,0
5485722,0,0.3191732,0
5505728,0,0.7972615,1
5487144,0,0.9203851,1
5485860,0,0.7057729,1
5484249,0,0.16467695,0
5484254,0,0.12242277,0
5484257,0,0.11720807,0
5484281,0,0.044275418,0
5480645,1,0.4689375,0
5461860,0,0.6074537,1
5476114,1,0.48611778,0
5476117,1,0.54348856,1
5476434,0,0.4852291,0
5509401,1,0.91552913,1
5482806,0,0.38672614,0
5486575,0,0.29993173,0
5468771,0,0.25368378,0
5482817,0,0.37895346,0
5486840,1,0.9459544,1
5469404,0,0.565874,1
5499194,0,0.16361825,0
5462792,0,0.93745834,1
5504270,0,0.97147894,1
5507705,0,0.7343957,1
5461433,0,0.24252753,0
5461443,0,0.24067026,0
5461462,0,0.77277744,1
5462098,0,0.19697806,0
5462154,0,0.4244478,0
5462155,0,0.38364094,0
5462201,1,0.7789742,1
5466710,0,0.2672579,0
5467503,0,0.38287383,0
5468250,0,0.4080179,0
5468265,1,0.41558096,0
5468516,0,0.6810214,1
5468527,0,0.24006812,0
5468538,1,0.66794854,1
5471714,0,0.28001517,0
5471726,0,0.30500916,0
5471812,1,0.3672193,0
5471813,1,0.65220255,1
5472895,0,0.5365808,1
5472897,0,0.25479475,0
5472898,0,0.8121376,1
5501859,0,0.9142606,1
5506902,0,0.21320346,0
5499710,0,0.34430447,0
5478816,0,0.68753874,1
5461209,0,0.5786098,1
5484381,0,0.2201566,0
5484385,0,0.3967128,0
5484568,0,0.17551494,0
5484601,1,0.15959996,0
5461514,0,0.5593756,1
5462047,0,0.35671526,0
5462050,0,0.42180452,0
5462052,0,0.22296484,0
5463757,0,0.28114438,0
5464756,0,0.17678677,0
5466774,0,0.36338547,0
5467106,0,0.1367407,0
5467212,0,0.10902469,0
5481170,0,0.94693196,1
5481187,1,0.80947965,1
5469149,0,0.5013704,1
5470364,0,0.25180435,0
5470744,1,0.369994,0
5470968,0,0.27970052,0
5470970,0,0.11148081,0
5470973,0,0.2022232,0
5473036,0,0.19806412,0
5473418,0,0.300639,0
5473535,0,0.27743226,0
5475422,0,0.5032948,1
5476777,0,0.36487585,0
5478630,0,0.18860462,0
5478641,0,0.2206924,0
5482421,0,0.2745299,0
5484053,1,0.5028946,1
5484130,0,0.5770703,1
5484543,0,0.27556318,0
5484835,0,0.19660272,0
5485004,0,0.25390708,0
5490295,0,0.35526523,0
5466526,0,0.3280363,0
5477704,0,0.39957488,0
5492804,0,0.31441417,0
5467132,0,0.4009354,0
5493894,0,0.14163035,0
5472795,0,0.5824453,1
5508542,0,0.63415325,1
5469177,0,0.23574784,0
5469331,0,0.22853972,0
5469522,0,0.124102086,0
5470646,0,0.6020923,1
5470648,0,0.24179406,0
5470649,0,0.22238795,0
5470652,0,0.39867133,0
5470929,0,0.048926428,0
5470930,0,0.17125803,0
5471624,0,0.096953645,0
5471626,0,0.31857637,0
5471628,0,0.08841913,0
5471629,0,0.16871235,0
5471896,0,0.089426026,0
5471899,0,0.23171936,0
5471902,0,0.47085553,0
5471905,0,0.06902694,0
5472176,0,0.12434762,0
5472177,0,0.3067132,0
5472181,0,0.26173896,0
5472440,0,0.24758334,0
5472441,0,0.18201555,0
5472442,0,0.11052407,0
5473070,0,0.08314839,0
5473073,0,0.36200425,0
5473077,0,0.08310407,0
5473078,0,0.27276346,0
5473402,0,0.096063495,0
5473961,0,0.06501676,0
5473979,0,0.056951895,0
5474489,0,0.054256827,0
5474492,0,0.096902385,0
5474500,0,0.07575647,0
5474501,0,0.108282454,0
5474715,0,0.07070243,0
5474718,0,0.09892319,0
5475348,0,0.20359719,0
5475354,0,0.06800425,0
5475644,0,0.038724888,0
5475665,0,0.10545684,0
5475667,0,0.037720624,0
5477041,0,0.01151269,0
5477491,0,0.11832636,0
5477963,0,0.04365963,0
5478400,0,0.11966562,0
5478653,0,0.022743877,0
5478660,0,0.060582586,0
5478678,0,0.11538983,0
5478886,0,0.04565612,0
5478887,0,0.014543463,0
5479184,1,0.09002243,0
5479186,0,0.11706846,0
5479188,0,0.089554995,0
5479270,0,0.09133047,0
5479273,0,0.105094105,0
5479822,0,0.14532353,0
5479825,0,0.21096478,0
5479827,0,0.22367226,0
5479828,0,0.11110454,0
5479905,0,0.08210506,0
5480160,0,0.118085384,0
5480161,0,0.0963368,0
5480162,0,0.047509342,0
5480246,0,0.116113655,0
5480247,0,0.1266629,0
5480383,0,0.046611704,0
5480384,0,0.18251513,0
5480933,0,0.20459515,0
5481284,0,0.110568225,0
5481286,0,0.1424664,0
5481387,0,0.06655279,0
5482003,0,0.20141296,0
5482004,0,0.113852546,0
5482069,0,0.3072632,0
5482782,0,0.12295389,0
5482783,0,0.06920666,0
5482787,0,0.08265621,0
5483136,0,0.13519807,0
5483634,0,0.08008887,0
5483635,0,0.08236922,0
5484779,0,0.3336409,0
5484780,0,0.068950854,0
5466665,0,0.26815626,0
5469117,0,0.2307234,0
5469933,1,0.6403716,1
5469934,1,0.26989707,0
5480183,0,0.3377612,0
5480392,0,0.18603115,0
5483056,0,0.7038877,1
5483059,0,0.42145702,0
5483647,0,0.18988807,0
5485868,0,0.53921026,1
5494287,0,0.42584854,0
5507238,1,0.78228,1
5463685,0,0.6788978,1
5487385,0,0.79552114,1
5461337,0,0.26067808,0
5498499,0,0.8583617,1
5469938,1,0.8529312,1
5475829,0,0.5221215,1
5476701,0,0.6517357,1
5473061,0,0.98951334,1
5467543,1,0.818169,1
5467736,0,0.2435126,0
5473672,0,0.22106084,0
5481299,0,0.90109944,1
5482555,1,0.9104024,1
5475850,0,0.23581676,0
5482237,0,0.34722653,0
5484120,0,0.46251133,0
5464593,0,0.274751,0
5464597,0,0.13166526,0
5468742,0,0.10701089,0
5468747,0,0.26713145,0
5469166,0,0.20604274,0
5476025,0,0.0800718,0
5492572,0,0.25416526,0
5461747,0,0.23359306,0
5469178,0,0.8761611,1
5466954,0,0.09305748,0
5467354,0,0.16451514,0
5467392,0,0.12646158,0
5470060,0,0.09075734,0
5470061,0,0.21341379,0
5476440,0,0.75395644,1
5462460,0,0.3180462,0
5474066,0,0.323656,0
5474067,0,0.1891336,0
5474073,0,0.14881776,0
5484857,0,0.30836508,0
5466999,1,0.8848367,1
5472666,0,0.46636343,0
5464492,0,0.7833322,1
5461373,1,0.8593663,1
5480372,0,0.09124342,0
5465779,1,0.93187517,1
5476918,0,0.78589815,1
5502495,1,0.96295464,1
5464040,0,0.21893856,0
5507139,1,0.9315651,1
5472531,0,0.36257356,0
5472544,0,0.42392698,0
5472616,0,0.48868862,0
5472646,0,0.30953592,0
5474002,0,0.44513083,0
5482024,0,0.58502626,1
5468144,0,0.88979185,1
5478317,0,0.84580594,1
5480958,1,0.69081414,1
5483732,1,0.8051014,1
5461249,0,0.20211838,0
5461251,0,0.16357352,0
5461608,0,0.18053478,0
5461906,0,0.37236515,0
5461938,0,0.19601859,0
5462211,0,0.09241969,0
5462853,1,0.21347077,0
5462854,0,0.57460815,1
5463995,0,0.50608206,1
5467251,0,0.20158976,0
5477032,0,0.32749456,0
5480800,0,0.16410945,0
5480802,0,0.14270982,0
5482601,0,0.675316,1
5485273,1,0.33898252,0
5485275,0,0.22670355,0
5485719,0,0.47491932,0
5486133,0,0.26241443,0
5486816,0,0.17233181,0
5505943,0,0.36071318,0
5484922,0,0.73016936,1
5478044,1,0.7506096,1
5479096,1,0.8771369,1
5479132,0,0.5574255,1
5479400,0,0.69433403,1
5480930,0,0.17254007,0
5480963,0,0.60224646,1
5480979,0,0.2860032,0
5481063,0,0.514115,1
5482021,0,0.18733962,0
5482045,0,0.2901945,0
5482079,0,0.32858545,0
5482082,0,0.5764213,1
5482095,0,0.39725366,0
5482149,0,0.3704705,0
5482608,0,0.42228293,0
5482611,0,0.31577852,0
5482616,1,0.30401242,0
5482772,0,0.39414853,0
5482932,0,0.4170285,0
5483108,0,0.21786222,0
5483212,1,0.37672028,0
5483749,0,0.34854928,0
5483752,0,0.3522569,0
5484019,0,0.3714713,0
5484088,1,0.34266865,0
5484095,0,0.26118687,0
5484144,0,0.3378447,0
5484528,0,0.6046038,1
5484582,0,0.41843998,0
5484798,0,0.3744712,0
5468606,0,0.7899247,1
5500109,0,0.7474026,1
5501900,0,0.45066988,0
5506679,0,0.48485947,0
5506973,0,0.46807945,0
5507340,0,0.27965924,0
5508891,0,0.17591171,0
5508900,0,0.53372705,1
5476224,0,0.68068707,1
5493933,0,0.79371876,1
5471842,0,0.8217454,1
5461441,1,0.54896975,1
5472260,1,0.97349304,1
5462188,0,0.16016114,0
5469773,0,0.35903564,0
5469791,0,0.26507765,0
5479218,0,0.7539992,1
5507260,0,0.50929976,1
5478370,0,0.28453636,0
5482832,0,0.22367822,0
5483299,0,0.18622482,0
5502895,0,0.6735672,1
5508257,0,0.8348446,1
5509199,0,0.18967402,0
5461279,0,0.25562668,0
5466040,0,0.364769,0
5466963,0,0.41682586,0
5467460,0,0.4448103,0
5471432,0,0.2686089,0
5473187,0,0.5368541,1
5473201,0,0.24332805,0
5478778,0,0.45312607,0
5503284,0,0.9435598,1
5488098,0,0.14432849,0
5494167,0,0.067751296,0
5504026,0,0.15897751,0
5461539,1,0.15163457,0
5461551,0,0.2706884,0
5461555,0,0.3044842,0
5461567,0,0.12279661,0
5462113,0,0.43790647,0
5462117,0,0.20442754,0
5465220,0,0.59272766,1
5466514,0,0.34416774,0
5461830,0,0.24594906,0
5467504,0,0.4164486,0
5467627,0,0.43341962,0
5467628,0,0.26355278,0
5482136,0,0.42169613,0
5463067,1,0.8684837,1
5479768,0,0.87381625,1
5473691,0,0.6117363,1
5473703,0,0.5382009,1
5473729,0,0.28690976,0
5473782,0,0.6177482,1
5473784,1,0.33862072,0
5477096,0,0.17897767,0
5477100,0,0.2656487,0
5477124,0,0.41659373,0
5477125,0,0.4656662,0
5477127,0,0.44688162,0
5477193,0,0.19022106,0
5478191,0,0.40986875,0
5481987,0,0.0758659,0
5482477,0,0.4464829,0
5483949,0,0.39515984,0
5474953,0,0.14312051,0
5462791,1,0.8813866,1
5462472,1,0.97146666,1
5469651,0,0.335802,0
5473886,0,0.2730411,0
5468468,0,0.50161093,1
5465710,0,0.29172462,0
5486722,1,0.83222395,1
5474324,0,0.40765035,0
5468682,0,0.39072782,0
5468683,0,0.4549295,0
5468686,0,0.4934813,0
5469642,0,0.5148037,1
5469645,0,0.35141194,0
5469646,0,0.2521454,0
5472289,0,0.32491028,0
5472294,0,0.16767277,0
5472385,1,0.35660288,0
5472387,0,0.34869248,0
5472391,0,0.3556114,0
5508087,0,0.5520439,1
5463420,0,0.6705403,1
5484579,0,0.41597053,0
5481608,0,0.6858926,1
5487541,1,0.85997796,1
5487785,1,0.86228484,1
5486924,0,0.5479982,1
5479591,0,0.57891786,1
5491814,0,0.2132471,0
5502426,0,0.1748347,0
5502433,0,0.4293675,0
5494267,0,0.6150567,1
5473105,0,0.20451139,0
5477700,0,0.32333493,0
5478282,0,0.45954308,0
5483392,0,0.73113495,1
5487688,1,0.80239505,1
5468312,1,0.8489614,1
5481774,0,0.36476308,0
5469795,0,0.7882199,1
5488067,0,0.32381043,0
5488132,0,0.67590266,1
5491013,0,0.28893632,0
5494808,0,0.51963955,1
5499743,0,0.32593456,0
5501283,1,0.9266341,1
5499916,0,0.7398541,1
5461901,0,0.15910484,0
5462012,0,0.86384636,1
5467501,0,0.72343135,1
5467583,0,0.48734358,0
5491060,0,0.44001773,0
5494191,0,0.77565306,1
5494903,0,0.4121823,0
5495889,0,0.44936407,0
5504188,1,0.840094,1
5463537,1,0.7922328,1
5480382,0,0.78045094,1
5465357,1,0.8876707,1
5466098,1,0.76553047,1
5466099,0,0.6404419,1
5466105,1,0.7302654,1
5486464,1,0.8710938,1
5477051,0,0.2544142,0
5477055,0,0.3248855,0
5498340,0,0.49058774,0
5463380,0,0.52772754,1
5463384,1,0.37723717,0
5464171,0,0.8247937,1
5464263,0,0.57204676,1
5464267,0,0.4471648,0
5464282,0,0.26023775,0
5464305,0,0.4664596,0
5464490,0,0.6400102,1
5464494,0,0.5974283,1
5465171,0,0.7160157,1
5467468,0,0.1505396,0
5479745,1,0.2953411,0
5477944,0,0.61797583,1
5507530,1,0.9002265,1
5461751,0,0.27013355,0
5473595,0,0.8693498,1
5461592,0,0.84672093,1
5461594,0,0.8284593,1
5485497,0,0.37226027,0
5470131,1,0.78825057,1
5479539,1,0.51902664,1
5480389,0,0.6529145,1
5481208,0,0.4430428,0
5482852,0,0.43646303,0
5482854,0,0.404379,0
5483003,0,0.18455498,0
5483632,0,0.16745247,0
5483636,0,0.37849736,0
5485670,0,0.29624382,0
5485761,0,0.4775786,0
5501813,0,0.7557823,1
5501168,0,0.95604146,1
5471382,1,0.36837953,0
5472636,1,0.6747299,1
5476736,0,0.705011,1
5476749,0,0.3966878,0
5479392,0,0.43189368,0
5484263,0,0.48592237,0
5484516,0,0.42704317,0
5484526,0,0.5362868,1
5470086,1,0.97499734,1
5482422,1,0.90782183,1
5479772,0,0.30340832,0
5485422,0,0.30918968,0
5485639,0,0.5050606,1
5481334,0,0.69509447,1
5484872,1,0.2944233,0
5474540,0,0.27127326,0
5485694,0,0.76801336,1
5491079,0,0.22252996,0
5496425,1,0.8920904,1
5463072,0,0.48238087,0
5463108,0,0.5135437,1
5463136,0,0.5579585,1
5466265,0,0.501438,1
5466495,0,0.48578382,0
5467680,1,0.677668,1
5467776,1,0.45524877,0
5467779,0,0.54147273,1
5467808,0,0.44952786,0
5469898,0,0.23524365,0
5493601,0,0.6462232,1
5484220,0,0.7185574,1
5482540,0,0.5143127,1
5468217,0,0.55559415,1
5477368,0,0.13617678,0
5463901,0,0.69231457,1
5477357,0,0.79882914,1
5474228,0,0.24836819,0
5465528,0,0.40146494,0
5465936,0,0.5866527,1
5465937,0,0.5934555,1
5468896,0,0.31589165,0
5470589,0,0.47544613,0
5494883,0,0.930067,1
5463114,0,0.4534611,0
5486704,1,0.75069356,1
5473628,0,0.40458223,0
5475166,0,0.4208343,0
5475167,0,0.7003768,1
5481459,0,0.84075105,1
5480946,1,0.7140127,1
5473997,0,0.3714758,0
5475353,0,0.7089715,1
5487840,1,0.8548353,1
5489405,1,0.977239,1
5481114,0,0.2885028,0
5490685,0,0.8890871,1
5477149,0,0.3590104,0
5477155,0,0.13837598,0
5495093,0,0.913866,1
5480090,0,0.3660565,0
5487109,0,0.19647543,0
5474868,0,0.24544603,0
5470341,0,0.3664378,0
5488243,0,0.31237292,0
5474105,0,0.5759586,1
5483363,0,0.8461479,1
5473375,0,0.6644497,1
5478949,0,0.35641417,0
5478954,0,0.49972668,0
5478956,0,0.43120497,0
5478958,0,0.2944035,0
5478960,0,0.3964565,0
5479750,0,0.32315844,0
5479752,0,0.41413477,0
5485352,1,0.29481378,0
5471029,0,0.62598675,1
5501317,0,0.3026081,0
5503905,0,0.17273852,0
5500305,0,0.41219085,0
5470067,0,0.68353814,1
5482456,0,0.935449,1
5495335,0,0.24464503,0
5466206,0,0.5917407,1
5466352,0,0.088955745,0
5467821,0,0.40326634,0
5477334,0,0.72204673,1
5481534,1,0.7980953,1
5479511,0,0.1124324,0
5484706,0,0.184964,0
5506915,0,0.25015947,0
5471715,0,0.872262,1
5464771,0,0.92867345,1
5471897,1,0.9390561,1
5471900,0,0.75011164,1
5490251,0,0.69557077,1
5468281,0,0.29327923,0
5471443,0,0.37986585,0
5502941,0,0.67846495,1
5483110,0,0.97110814,1
5461925,0,0.23039302,0
5463219,0,0.50478,1
5463511,0,0.104147576,0
5463569,0,0.15529542,0
5462159,0,0.9070714,1
5465103,0,0.62135065,1
5469201,0,0.5353683,1
5481087,0,0.7866822,1
5503096,0,0.75206715,1
5468292,1,0.95302427,1
5493100,1,0.7478974,1
5504410,1,0.94320714,1
5493622,0,0.428427,0
5474934,0,0.44560596,0
5484301,1,0.86441946,1
5504289,0,0.9146335,1
5465653,0,0.92233986,1
5500820,0,0.94907635,1
5502681,0,0.5380705,1
5461591,1,0.46575496,0
5475978,0,0.3185759,0
5477306,0,0.3267217,0
5478516,0,0.6689751,1
5482989,1,0.7061008,1
5469212,0,0.28080636,0
5477425,0,0.12601054,0
5477427,0,0.24704638,0
5477428,0,0.24216446,0
5477429,0,0.29573596,0
5478066,0,0.38327655,0
5478069,0,0.485842,0
5478249,0,0.3386987,0
5478256,0,0.112092786,0
5478412,1,0.18341465,0
5478413,0,0.32684016,0
5479634,0,0.25674152,0
5479636,0,0.1788934,0
5479638,0,0.27566466,0
5479639,1,0.24687357,0
5479936,0,0.3271994,0
5480664,0,0.28177807,0
5480665,0,0.18453208,0
5480667,1,0.29507756,0
5480668,0,0.42450243,0
5480669,0,0.19323309,0
5481523,0,0.26104322,0
5481525,0,0.3045774,0
5481526,0,0.4515695,0
5486759,0,0.11446369,0
5486760,0,0.2492195,0
5486763,0,0.2398967,0
5486765,0,0.29963034,0
5487484,0,0.27785754,0
5487485,0,0.24703419,0
5487486,0,0.4213134,0
5463070,0,0.45900092,0
5484874,0,0.040673573,0
5486730,1,0.79442376,1
5499087,0,0.7564095,1
5475289,0,0.3292655,0
5475290,0,0.28190455,0
5475292,0,0.42819884,0
5475294,1,0.4017052,0
5487268,1,0.9027078,1
5478038,0,0.3324129,0
5476883,0,0.97649574,1
5479060,0,0.67446876,1
5462909,0,0.496273,0
5462910,0,0.30978262,0
5462916,0,0.41757986,0
5465473,0,0.059020445,0
5467947,0,0.2747995,0
5467948,0,0.23234253,0
5467962,0,0.59707767,1
5467966,0,0.55396426,1
5469533,0,0.3972443,0
5469535,0,0.11366155,0
5469536,0,0.2880719,0
5477895,1,0.95487857,1
5470404,1,0.9350287,1
5478208,0,0.5669912,1
5465210,0,0.34950814,0
5465212,0,0.3516165,0
5461750,0,0.61309516,1
5482068,0,0.27835214,0
5464473,1,0.79918474,1
5475258,1,0.9190594,1
5504989,0,0.12945962,0
5478561,0,0.43054342,0
5479329,1,0.9224943,1
5496649,0,0.78730726,1
5502407,1,0.8865295,1
5471288,1,0.82799697,1
5485641,0,0.4171257,0
5492140,0,0.6477679,1
5486092,0,0.97268945,1
5476120,0,0.2786559,0
5476331,0,0.16286498,0
5474549,0,0.20238324,0
5486067,0,0.32944402,0
5490590,0,0.22391532,0
5490596,0,0.13785033,0
5490974,0,0.25194508,0
5490989,0,0.08809353,0
5497811,1,0.835429,1
5504528,0,0.2259901,0
5504773,0,0.57662255,1
5475089,0,0.8709115,1
5480121,0,0.88485336,1
5494061,0,0.3670941,0
5463151,0,0.40862823,0
5465911,0,0.7841179,1
5466545,0,0.3330068,0
5466688,0,0.079643786,0
5466691,0,0.26232627,0
5466712,1,0.315701,0
5467218,0,0.44592106,0
5467295,0,0.5386468,1
5468445,0,0.25411424,0
5468738,0,0.34822118,0
5468739,0,0.5911376,1
5468836,0,0.30307016,0
5468936,0,0.27234071,0
5469383,0,0.15287045,0
5469634,0,0.16683877,0
5470153,0,0.16224352,0
5470576,0,0.2108418,0
5470859,0,0.2698373,0
5470888,0,0.3939615,0
5471460,1,0.17372157,0
5471723,0,0.44023758,0
5473749,0,0.29094484,0
5473757,0,0.14308809,0
5473775,0,0.3237817,0
5474358,0,0.12184717,0
5475188,0,0.13428323,0
5475988,0,0.11683498,0
5475990,0,0.11081908,0
5476061,0,0.106214665,0
5476668,0,0.2041207,0
5476858,0,0.23132661,0
5477674,0,0.26016244,0
5477989,0,0.60287356,1
5477990,0,0.19746202,0
5477992,0,0.11401737,0
5479396,0,0.26121375,0
5479521,0,0.28117684,0
5472631,0,0.12978904,0
5475715,0,0.49748623,0
5484604,0,0.20416589,0
5485419,1,0.19285935,0
5468439,1,0.91955465,1
5479559,1,0.89402,1
5470585,0,0.20226659,0
5476890,0,0.31151447,0
5477361,0,0.40810093,0
5477374,0,0.39417368,0
5486680,1,0.73925674,1
5461889,0,0.4434248,0
5482418,0,0.54276794,1
5496847,1,0.81084186,1
5487044,1,0.9288852,1
5487077,1,0.9566793,1
5489449,1,0.8601538,1
5487522,0,0.7341771,1
5471313,0,0.22014362,0
5470698,0,0.8075008,1
5479780,0,0.63422674,1
5462266,0,0.10101752,0
5462272,0,0.24871914,0
5462276,1,0.39148962,0
5469948,0,0.40837932,0
5502745,0,0.90118754,1
5476329,0,0.88298476,1
5496048,0,0.36527038,0
5495563,0,0.69895965,1
5503246,0,0.7893155,1
5483567,0,0.63717735,1
5462937,0,0.44085294,0
5469755,0,0.21568,0
5471485,0,0.3254104,0
5474902,0,0.38177845,0
5483792,0,0.27883127,0
5486736,0,0.12089111,0
5491777,0,0.27560672,0
5492128,0,0.21732377,0
5492235,0,0.3606859,0
5497988,0,0.15342246,0
5502742,0,0.3417769,0
5487158,0,0.8576138,1
5464458,1,0.5202085,1
5473830,1,0.22247371,0
5470106,0,0.83954555,1
5469709,1,0.6456489,1
5480936,0,0.3108503,0
5507261,0,0.83947664,1
5482888,0,0.1872956,0
5499041,0,0.24981327,0
5483501,0,0.4294899,0
5469514,0,0.42413276,0
5476767,0,0.47330078,0
5477573,0,0.19629796,0
5482928,0,0.23688287,0
5482981,0,0.46601447,0
5499988,0,0.19018735,0
5472745,0,0.31740454,0
5484991,1,0.93088067,1
5468462,0,0.3923255,0
5485007,0,0.6150358,1
5484537,0,0.72434694,1
5477858,0,0.93843955,1
5478028,0,0.33914775,0
5478031,0,0.21307938,0
5478453,0,0.17149128,0
5479113,0,0.18602759,0
5479114,1,0.21433097,0
5479131,0,0.23883583,0
5479134,0,0.25518999,0
5479534,0,0.2839715,0
5479555,0,0.48753765,0
5479575,0,0.20327294,0
5479579,0,0.56007224,1
5485941,0,0.13013574,0
5486030,0,0.19728474,0
5491199,0,0.8328165,1
5469162,0,0.55996084,1
5472767,0,0.8990299,1
5469623,0,0.9694909,1
5483220,0,0.2850008,0
5485197,1,0.7773578,1
5462742,0,0.77842253,1
5463278,0,0.7437498,1
5491888,1,0.9070857,1
5485006,0,0.61727697,1
5498334,0,0.54082274,1
5481670,0,0.5695512,1
5503616,0,0.67428434,1
5478881,0,0.2196139,0
5485596,0,0.34961337,0
5485598,0,0.24394362,0
5485599,0,0.48516658,0
5485602,1,0.5211935,1
5485603,0,0.5660474,1
5485609,1,0.3953354,0
5485839,0,0.50643986,1
5485852,0,0.64710164,1
5485855,0,0.6656008,1
5485883,1,0.8344558,1
5485892,0,0.6099844,1
5485895,0,0.5737235,1
5485914,0,0.4417984,0
5485918,0,0.53992623,1
5485937,0,0.4432906,0
5485959,0,0.5992853,1
5485969,0,0.6325799,1
5486076,0,0.43970737,0
5486077,0,0.49474692,0
5486229,0,0.26543573,0
5464545,1,0.89317226,1
5465179,1,0.81451386,1
5474404,0,0.33044314,0
5483734,0,0.33160362,0
5485470,0,0.85950357,1
5465786,0,0.21336159,0
5471079,1,0.27855214,0
5471499,0,0.31357044,0
5471042,0,0.50521827,1
5474923,0,0.5604636,1
5476501,0,0.82344353,1
5478449,1,0.86014295,1
5479070,0,0.73920554,1
5480075,1,0.8484438,1
5489400,0,0.5430576,1
5506406,0,0.7897494,1
5507387,0,0.6206781,1
5507477,0,0.7329433,1
5463169,0,0.10814376,0
5464447,0,0.53718406,1
5465824,0,0.3038286,0
5473806,0,0.55453646,1
5474383,0,0.7200387,1
5503984,0,0.6327313,1
5506584,0,0.5809251,1
5478005,0,0.6746838,1
5471130,1,0.59578514,1
5481461,1,0.25562572,0
5480560,1,0.89162946,1
5463085,0,0.14625162,0
5470402,0,0.872522,1
5478333,1,0.8114936,1
5462125,0,0.14866759,0
5462127,0,0.56966054,1
5464752,1,0.91481036,1
5484715,0,0.41300938,0
5499028,1,0.9361362,1
5486923,0,0.92773914,1
5470697,0,0.632525,1
5502380,1,0.54054254,1
5463665,0,0.2626762,0
5463672,1,0.7556813,1
5463673,0,0.6431201,1
5463674,1,0.5744928,1
5463675,1,0.6280662,1
5468216,0,0.544357,1
5468218,1,0.7088543,1
5468220,0,0.4814938,0
5468223,0,0.39085072,0
5472461,0,0.30891472,0
5472464,0,0.4552278,0
5463934,0,0.3996041,0
5463935,1,0.5224642,1
5463952,0,0.48699418,0
5464203,0,0.56249535,1
5466478,0,0.3977596,0
5467105,1,0.24407876,0
5467363,0,0.5857528,1
5461342,0,0.42505467,0
5466948,0,0.33602735,0
5469990,0,0.40971982,0
5477646,0,0.52971935,1
5477660,0,0.33091852,0
5507659,0,0.2095075,0
5461330,0,0.5675136,1
5472311,0,0.33754835,0
5500112,0,0.3385981,0
5492092,1,0.8678783,1
5496108,1,0.9447668,1
5480413,0,0.9524347,1
5470944,0,0.71855426,1
5502168,1,0.8932086,1
5502886,0,0.9219998,1
5506017,1,0.98214227,1
5462221,0,0.3779751,0
5475171,0,0.62446064,1
5475172,0,0.38211462,0
5475175,0,0.46359834,0
5481983,0,0.17364295,0
5489556,1,0.7525168,1
5497276,1,0.37414134,0
5471771,0,0.64105964,1
5465837,1,0.70779663,1
5477004,0,0.43693835,0
5507852,0,0.9820619,1
5463272,0,0.81360453,1
5470977,1,0.51929665,1
5471028,0,0.76335377,1
5472015,0,0.63705367,1
5463054,0,0.41805425,0
5478465,0,0.864748,1
5464177,0,0.36190847,0
5481137,0,0.7933573,1
5481149,0,0.3929108,0
5474782,0,0.7711573,1
5487474,0,0.7727691,1
5463280,0,0.11937594,0
5472313,0,0.52750325,1
5499078,0,0.5924872,1
5491670,0,0.45404232,0
5482745,0,0.40046746,0
5483576,0,0.7846265,1
5483984,0,0.43415466,0
5484035,0,0.4120464,0
5484038,0,0.27674073,0
5484044,0,0.3665019,0
5484246,0,0.5998774,1
5485678,1,0.30812195,0
5488085,0,0.18634467,0
5492221,0,0.58023614,1
5495075,0,0.37008843,0
5498485,0,0.5248205,1
5502317,0,0.8725664,1
5502577,0,0.8075186,1
5476593,0,0.12869793,0
5481332,0,0.7819294,1
5484887,0,0.94624805,1
5462039,0,0.5602599,1
5462040,0,0.38818106,0
5462605,0,0.30530384,0
5464376,0,0.54878473,1
5472743,0,0.41292542,0
5473417,0,0.29027027,0
5468866,1,0.97208863,1
5482014,0,0.67432714,1
5462960,0,0.3144921,0
5463508,0,0.61775744,1
5503048,0,0.3500441,0
5503049,0,0.18393476,0
5503051,1,0.17315379,0
5503074,0,0.17765488,0
5503965,0,0.31637016,0
5503968,0,0.17361565,0
5503969,0,0.15934494,0
5504926,0,0.26127082,0
5507001,0,0.14282866,0
5507007,0,0.19484021,0
5507609,0,0.17154765,0
5508063,0,0.39823535,0
5508086,0,0.20822154,0
5508849,0,0.20595519,0
5495129,1,0.83836937,1
5493869,1,0.909237,1
5472590,0,0.6023295,1
5483459,1,0.96312094,1
5470775,0,0.7719591,1
5497055,0,0.6998445,1
5478473,0,0.78023285,1
5467817,1,0.78955084,1
5477788,0,0.18092811,0
5472649,0,0.47831118,0
5469419,0,0.2586138,0
5475972,0,0.57320845,1
5468514,0,0.19031489,0
5469110,0,0.27567726,0
5469395,0,0.2777307,0
5474671,0,0.29265025,0
5474674,0,0.28690353,0
5474678,0,0.11741444,0
5475766,0,0.16529152,0
5476015,0,0.3235992,0
5476017,0,0.084784806,0
5501930,0,0.8926356,1
5480955,0,0.47514504,0
5480956,0,0.5542362,1
5466403,1,0.9884636,1
5470692,0,0.35018462,0
5469905,0,0.58845896,1
5484158,1,0.31101543,0
5484161,0,0.19183312,0
5466425,0,0.7176229,1
5498636,0,0.85164684,1
5495395,0,0.4811582,0
5493627,0,0.70593166,1
5472183,1,0.92610097,1
5499242,0,0.7871509,1
5484209,0,0.717465,1
5483355,0,0.8123743,1
5465863,1,0.25188679,0
5465864,0,0.33367798,0
5497002,1,0.86437064,1
5472991,0,0.2619092,0
5483938,0,0.36007023,0
5485459,0,0.23341863,0
5501126,0,0.43708688,0
5500494,1,0.93293726,1
5491059,1,0.7286705,1
5490633,0,0.7739402,1
5480945,0,0.8791814,1
5480347,1,0.439372,0
5503363,0,0.3037882,0
5504031,0,0.5062206,1
5504469,1,0.5195821,1
5506659,0,0.52280897,1
5506992,0,0.3868729,0
5463951,0,0.81541896,1
5477750,0,0.38709682,0
5474347,1,0.95359325,1
5499709,0,0.25347096,0
5493539,1,0.87316453,1
5491661,0,0.7391428,1
5468993,0,0.69701385,1
5471226,0,0.25435433,0
5472027,1,0.24179396,0
5474352,1,0.96891004,1
5482570,0,0.48302332,0
5472681,0,0.7228131,1
5474679,0,0.98323005,1
5462999,0,0.19013456,0
5467740,0,0.3769156,0
5467751,0,0.27716208,0
5474775,0,0.60933405,1
5466328,0,0.9712994,1
5500558,1,0.924168,1
5473796,0,0.7778574,1
5477332,0,0.15885723,0
5477336,0,0.25121573,0
5477339,0,0.2065633,0
5477340,0,0.17338419,0
5493148,0,0.9831133,1
5493210,0,0.6727887,1
5467853,0,0.63903075,1
5469665,1,0.74285823,1
5481381,0,0.19812295,0
5485281,0,0.62406945,1
5485282,0,0.39410514,0
5485433,0,0.18471833,0
5485446,0,0.21740966,0
5504259,0,0.5473331,1
5492201,0,0.848121,1
5465728,0,0.35751748,0
5465743,0,0.69463015,1
5474626,0,0.6106854,1
5489874,0,0.9525112,1
5465821,0,0.7322766,1
5463172,0,0.29724804,0
5463676,0,0.5023797,1
5464424,0,0.41215065,0
5496368,0,0.3594235,0
5488213,0,0.8392848,1
5469918,0,0.13902749,0
5479418,0,0.4354009,0
5479420,0,0.12785335,0
5481831,0,0.53203183,1
5471473,0,0.74613655,1
5481230,0,0.92630696,1
5485374,0,0.50604767,1
5461640,0,0.8197,1
5463397,0,0.24675044,0
5480533,1,0.6346716,1
5491868,0,0.28591254,0
5484427,0,0.88542485,1
5490773,0,0.3417017,0
5464930,0,0.47029766,0
5473272,0,0.40942344,0
5476735,0,0.3477474,0
5490838,0,0.19774899,0
5491404,0,0.265316,0
5507067,0,0.98590916,1
5507069,0,0.2812682,0
5507784,1,0.6940738,1
5482572,0,0.70592004,1
5462395,0,0.30057287,0
5465723,0,0.30045632,0
5466231,0,0.32248062,0
5468407,1,0.20317098,0
5470440,0,0.46004152,0
5471459,0,0.1554982,0
5472747,0,0.0813648,0
5468604,0,0.3606804,0
5461941,0,0.61801106,1
5462056,0,0.4252866,0
5464707,0,0.14845084,0
5469216,0,0.45568052,0
5507126,0,0.21035847,0
5475845,1,0.8707287,1
5507458,1,0.91301626,1
5479709,0,0.24206294,0
5485111,0,0.16615851,0
5506279,0,0.8601749,1
5469202,0,0.16575666,0
5483334,0,0.61892086,1
5493160,0,0.22519845,0
5493298,0,0.46419495,0
5492001,1,0.7920273,1
5497589,0,0.8631594,1
5498188,0,0.7988198,1
5480278,1,0.85809344,1
5463145,1,0.85827804,1
5464129,0,0.64639807,1
5475926,0,0.5814086,1
5462491,0,0.17330141,0
5492142,0,0.45367378,0
5492460,1,0.37969476,0
5470812,0,0.99254084,1
5476913,0,0.86267865,1
5477433,1,0.9012292,1
5483644,0,0.7311721,1
5484964,0,0.30888578,0
5466443,0,0.63604075,1
5503821,0,0.42212906,0
5469250,0,0.7998891,1
5466986,0,0.8287812,1
5503910,1,0.9155975,1
5504304,0,0.8667645,1
5504310,0,0.53448284,1
5482921,0,0.8845867,1
5482922,0,0.5057697,1
5485786,0,0.9293899,1
5473534,0,0.4480289,0
5462949,0,0.19487941,0
5462952,0,0.49345002,0
5462959,0,0.6156511,1
5462964,0,0.49011803,0
5462965,0,0.3585756,0
5463019,0,0.44604108,0
5463997,0,0.41226596,0
5472574,0,0.40869495,0
5474773,0,0.2696896,0
5476720,0,0.49940658,0
5480100,0,0.35796946,0
5480104,0,0.39920473,0
5502147,0,0.8154472,1
5475495,0,0.55753094,1
5478601,0,0.89042455,1
5463239,0,0.9530768,1
5469032,0,0.4840194,0
5469033,1,0.6231967,1
5469040,0,0.47273827,0
5470370,0,0.24655686,0
5470380,0,0.37484798,0
5478178,0,0.31507167,0
5478189,0,0.509238,1
5478359,0,0.8699096,1
5479249,0,0.5453747,1
5479251,0,0.45571744,0
5480885,0,0.46347797,0
5482139,0,0.17610087,0
5482318,0,0.71714187,1
5482933,0,0.7216019,1
5482937,0,0.63032085,1
5484486,0,0.69776285,1
5484492,0,0.63224417,1
5484493,0,0.5758109,1
5486335,0,0.6298185,1
5486337,0,0.6505697,1
5486338,0,0.6359193,1
5487031,0,0.34955016,0
5487033,1,0.2865622,0
5488261,0,0.6397531,1
5489498,0,0.27842852,0
5489499,0,0.35135677,0
5491135,0,0.5366065,1
5491468,0,0.3604263,0
5491476,0,0.37225235,0
5494988,0,0.8656645,1
5495613,0,0.5991714,1
5496164,0,0.6053698,1
5497056,0,0.32483634,0
5497725,0,0.26022696,0
5498271,0,0.8077705,1
5498272,0,0.50369805,1
5498274,0,0.714997,1
5498275,1,0.3833038,0
5500331,0,0.29621708,0
5500332,1,0.287861,0
5500333,1,0.7511869,1
5500335,0,0.7372433,1
5500695,0,0.4653459,0
5500696,0,0.12649427,0
5501163,0,0.85192144,1
5501164,0,0.6145807,1
5501166,0,0.85571724,1
5501167,0,0.87938285,1
5501169,1,0.84792536,1
5502111,0,0.81233186,1
5502164,0,0.48813713,0
5504140,0,0.41555163,0
5505331,0,0.8303247,1
5505332,0,0.7909464,1
5505334,1,0.6973999,1
5506752,0,0.95676214,1
5506753,0,0.69057864,1
5506754,0,0.84753996,1
5506755,0,0.84848946,1
5509163,1,0.8615193,1
5509165,0,0.7961437,1
5509382,0,0.80924517,1
5509383,1,0.85257107,1
5476200,0,0.61140966,1
5476692,1,0.9558555,1
5479076,0,0.6667901,1
5482073,0,0.7194166,1
5490029,0,0.29740912,0
5491776,0,0.6606124,1
5476746,0,0.45706224,0
5462053,0,0.46489334,0
5462057,0,0.48345903,0
5462059,0,0.3983085,0
5462063,0,0.4158853,0
5462070,0,0.30907544,0
5463372,0,0.22988217,0
5463751,0,0.43701017,0
5463753,0,0.18513058,0
5464783,0,0.6717324,1
5464785,0,0.16436139,0
5465976,0,0.22990754,0
5465977,0,0.44531506,0
5465978,0,0.26872438,0
5466407,0,0.21567105,0
5466408,0,0.23725016,0
5466409,0,0.2678617,0
5467125,0,0.39254507,0
5467126,0,0.18256955,0
5470017,0,0.5178535,1
5474317,0,0.39123046,0
5476912,0,0.5934511,1
5476915,0,0.27600735,0
5483286,0,0.26463893,0
5483387,1,0.39805523,0
5484852,0,0.70929694,1
5485125,0,0.5692089,1
5486194,0,0.21953622,0
5505344,0,0.74609464,1
5474879,1,0.91110873,1
5494954,1,0.7975953,1
5482226,1,0.7478169,1
5493551,1,0.28644782,0
5489698,0,0.7240728,1
5461484,1,0.9656821,1
5486308,0,0.27072078,0
5491910,1,0.8937325,1
5461595,0,0.7955581,1
5461605,0,0.2203824,0
5461652,0,0.38893875,0
5461653,0,0.628505,1
5461964,0,0.4221527,0
5462237,0,0.6813861,1
5462394,0,0.61962634,1
5462555,0,0.45976865,0
5462562,0,0.3337123,0
5462567,0,0.43607888,0
5462569,0,0.61943936,1
5462597,0,0.40520567,0
5462856,0,0.75072384,1
5462871,0,0.48625305,0
5462878,0,0.588037,1
5462893,0,0.69876695,1
5463176,0,0.3367606,0
5463197,0,0.516237,1
5463220,0,0.2256407,0
5466797,0,0.33571061,0
5467517,0,0.07784809,0
5468883,0,0.24147734,0
5463004,0,0.19388254,0
5497467,1,0.9032956,1
5479966,0,0.44509417,0
5491347,1,0.98158675,1
5481994,0,0.5310843,1
5482010,0,0.36891478,0
5482334,0,0.20847137,0
5468314,0,0.48157334,0
5500092,0,0.16428797,0
5465269,1,0.93935704,1
5477152,0,0.9736554,1
5480267,0,0.8989685,1
5480580,0,0.320436,0
5470079,0,0.59743804,1
5470469,0,0.37380922,0
5478713,0,0.5135582,1
5478939,0,0.2802203,0
5470322,1,0.19486777,0
5486871,1,0.6916473,1
5491274,0,0.23869595,0
5496289,0,0.8184535,1
5501240,0,0.42363775,0
5468952,0,0.9451537,1
5485187,0,0.6343624,1
5476982,1,0.8418751,1
5469190,0,0.45784247,0
5475232,0,0.25352806,0
5462328,0,0.83447886,1
5478511,0,0.45755404,0
5476762,0,0.47821748,0
5474184,1,0.9279115,1
5466813,0,0.30303198,0
5474687,0,0.12421721,0
5474749,0,0.36566007,0
5474758,0,0.19685549,0
5474761,0,0.19105983,0
5479484,0,0.36674216,0
5484732,0,0.46907318,0
5485791,0,0.14548658,0
5486971,0,0.08300912,0
5487388,1,0.9017087,1
5506280,1,0.9467635,1
5490369,0,0.580656,1
5482968,0,0.5092984,1
5486334,0,0.14972381,0
5486353,0,0.23543528,0
5470811,1,0.6488729,1
5470814,0,0.58687675,1
5470817,0,0.6106806,1
5470841,0,0.78495526,1
5478745,0,0.78868985,1
5478817,0,0.5646303,1
5500916,0,0.423543,0
5481646,1,0.7574419,1
5467342,0,0.6475717,1
5467356,1,0.5117691,1
5482304,0,0.49255946,0
5482635,1,0.46622732,0
5482645,0,0.39968708,0
5482705,1,0.2786747,0
5482822,1,0.8254756,1
5482828,0,0.47867495,0
5482875,0,0.59868836,1
5483217,0,0.6755542,1
5483231,0,0.76003486,1
5483281,0,0.47528428,0
5483305,0,0.37632805,0
5483323,1,0.29910424,0
5483324,0,0.7405931,1
5483524,0,0.57481146,1
5484477,1,0.6228552,1
5484535,0,0.6253673,1
5484612,1,0.55537254,1
5484700,0,0.29564708,0
5485090,0,0.46149483,0
5485827,1,0.16896264,0
5485939,0,0.53138137,1
5484824,0,0.48994482,0
5503236,0,0.70459944,1
5476427,0,0.35630596,0
5482684,0,0.6027154,1
5475263,1,0.9899457,1
5471474,0,0.53059417,1
5500245,0,0.84948546,1
5475217,0,0.75774795,1
5492761,0,0.3368653,0
5501289,0,0.7695047,1
5482196,1,0.9264248,1
5467060,0,0.39862064,0
5470494,0,0.2755316,0
5462316,0,0.7114924,1
5487634,0,0.50646305,1
5472396,0,0.86905104,1
5469244,0,0.40455264,0
5473894,0,0.59163606,1
5491234,0,0.54057467,1
5484036,0,0.60871494,1
5470739,1,0.5030535,1
5504946,0,0.47361326,0
5471117,0,0.28259164,0
5481866,0,0.37824532,0
5482026,0,0.2591083,0
5482028,0,0.23683472,0
5482042,0,0.16207848,0
5482047,0,0.40921244,0
5482988,0,0.10075176,0
5465059,0,0.13345364,0
5465061,0,0.14174841,0
5466583,0,0.2884568,0
5466587,0,0.26474205,0
5466591,0,0.11759265,0
5466594,0,0.18543884,0
5466595,0,0.108337685,0
5468164,0,0.44167864,0
5487086,0,0.16178556,0
5479404,0,0.34420395,0
5505194,0,0.8907578,1
5493382,1,0.9666072,1
5494100,1,0.5886636,1
5502271,1,0.7141531,1
5461966,0,0.27229133,0
5504756,0,0.89520365,1
5497782,0,0.815531,1
5504754,1,0.9380353,1
5475251,0,0.9126959,1
5492047,0,0.8663228,1
5505154,1,0.7290094,1
5502115,1,0.81425846,1
5463224,0,0.90056634,1
5468253,1,0.84378827,1
5486474,1,0.46422833,0
5482602,1,0.6845434,1
5476542,0,0.57742447,1
5478606,1,0.9039569,1
5478609,1,0.4498469,0
5500504,0,0.2980486,0
5475189,0,0.4870212,0
5470658,0,0.6748684,1
5472099,1,0.7302757,1
5492407,0,0.7110067,1
5507061,1,0.60005,1
5509293,0,0.54082704,1
5473296,1,0.39433566,0
5464661,1,0.58362377,1
5466851,0,0.9244576,1
5485634,1,0.8904224,1
5479990,0,0.8186027,1
5491428,0,0.4183897,0
5463421,0,0.23633876,0
5467133,0,0.23682396,0
5476613,0,0.7246811,1
5504014,0,0.40368935,0
5473345,0,0.6024502,1
5481999,1,0.86175936,1
5462896,0,0.56566286,1
5465687,1,0.9281735,1
5478517,0,0.8112527,1
5506904,0,0.9637232,1
5499920,0,0.6824037,1
5464997,0,0.50939786,1
5465223,1,0.5332546,1
5467848,0,0.32492134,0
5475181,0,0.7347022,1
5505330,0,0.80008537,1
5506875,0,0.56898487,1
5501913,1,0.9548526,1
5502303,0,0.44195938,0
5463066,0,0.5135894,1
5469366,0,0.29211777,0
5486157,1,0.7067234,1
5465037,1,0.5171307,1
5483729,0,0.46518996,0
5484149,0,0.4463542,0
5498391,0,0.4549547,0
5498402,0,0.2426768,0
5507455,0,0.4769461,0
5479462,0,0.4114583,0
5477328,1,0.91178083,1
5477755,1,0.8873951,1
5466767,1,0.22670141,0
5466768,1,0.31272325,0
5467359,0,0.45715532,0
5467371,1,0.8562666,1
5496419,1,0.95975775,1
5500863,0,0.18459477,0
5508473,0,0.26077718,0
5484621,0,0.6639097,1
5475762,0,0.5045473,1
5471585,0,0.8666186,1
5463036,1,0.9772974,1
5468608,0,0.56087166,1
5461404,0,0.10603136,0
5465476,0,0.30864218,0
5465482,0,0.60735124,1
5466183,1,0.28884637,0
5466185,0,0.4706535,0
5466186,0,0.4393168,0
5467742,0,0.28601605,0
5468089,0,0.38103557,0
5468090,0,0.25088978,0
5480694,0,0.18109442,0
5462147,0,0.40909767,0
5462148,0,0.73300815,1
5463305,0,0.58025706,1
5463803,1,0.6321955,1
5466950,0,0.4650451,0
5466952,1,0.95515615,1
5466955,0,0.85052395,1
5477298,0,0.8950155,1
5477299,0,0.54473,1
5477318,0,0.8483765,1
5477320,0,0.5032577,1
5477321,0,0.69944865,1
5477497,0,0.78778076,1
5492344,0,0.39911443,0
5509420,0,0.3363167,0
5509422,0,0.89029133,1
5482835,0,0.24632958,0
5482836,0,0.6714363,1
5482837,0,0.2916845,0
5482839,0,0.24857433,0
5484169,0,0.19045636,0
5484170,0,0.1540309,0
5484172,0,0.29355964,0
5476455,0,0.67320883,1
5481377,0,0.44645542,0
5480563,0,0.30326417,0
5482013,0,0.5930597,1
5498933,0,0.97447646,1
5482093,1,0.66782564,1
5462739,0,0.2843317,0
5464527,0,0.42798173,0
5464532,0,0.6454109,1
5471315,1,0.3855112,0
5484080,0,0.9699528,1
5467897,0,0.5273936,1
5482480,0,0.898724,1
5466562,1,0.5769324,1
5466564,0,0.62963367,1
5477272,0,0.29587927,0
5477728,0,0.69992816,1
5477756,0,0.32386613,0
5476271,0,0.18099931,0
5498002,0,0.31912833,0
5500710,0,0.6643559,1
5503066,0,0.14248227,0
5503068,0,0.25493097,0
5503070,0,0.31215164,0
5479571,0,0.27044904,0
5481030,0,0.4463391,0
5497647,1,0.47587016,0
5495045,0,0.59418494,1
5480355,0,0.8714153,1
5481738,1,0.7370812,1
5485532,0,0.5191907,1
5487727,0,0.57353747,1
5479031,0,0.400679,0
5483773,1,0.5958352,1
5495006,0,0.7021543,1
5465890,0,0.7939949,1
5465931,0,0.52874714,1
5467464,0,0.5366401,1
5468919,0,0.35686857,0
5468941,0,0.13874085,0
5470298,0,0.6827964,1
5472411,0,0.389661,0
5508250,1,0.45952752,0
5469753,0,0.6936253,1
5480485,0,0.49040493,0
5479447,0,0.3736237,0
5480186,0,0.6475622,1
5473467,0,0.43317142,0
5475868,0,0.3821664,0
5477948,0,0.96058255,1
5483787,0,0.25630203,0
5468285,0,0.6240869,1
5485238,0,0.7831982,1
5494957,0,0.9691553,1
5504112,0,0.79713553,1
5468645,0,0.32492873,0
5461456,0,0.43040258,0
5461531,1,0.41469255,0
5463853,0,0.51877695,1
5465591,0,0.52439326,1
5467933,1,0.33019036,0
5463554,0,0.6416004,1
5476057,0,0.704803,1
5498930,0,0.5789554,1
5473158,0,0.4729768,0
5476028,0,0.54665464,1
5479449,0,0.8537916,1
5483318,0,0.26342675,0
5484620,0,0.49185687,0
5461460,0,0.7756062,1
5506293,0,0.35618818,0
5484015,0,0.30426586,0
5500511,1,0.9737742,1
5500931,0,0.9411336,1
5475839,0,0.43858013,0
5476800,0,0.37909022,0
5465857,0,0.13726845,0
5466671,0,0.23210064,0
5466684,0,0.36660114,0
5466775,0,0.13143608,0
5466776,0,0.19683494,0
5466977,0,0.33207485,0
5467061,0,0.16059364,0
5467068,0,0.5532821,1
5467277,0,0.27102798,0
5467286,0,0.2079607,0
5467830,1,0.35542378,0
5467839,0,0.2715722,0
5467846,0,0.2633262,0
5467883,0,0.3595396,0
5468302,0,0.29779425,0
5468722,0,0.67069995,1
5469000,0,0.30956525,0
5469002,0,0.23521046,0
5469003,0,0.15852258,0
5469276,1,0.20773095,0
5469295,1,0.2642602,0
5470196,0,0.31486377,0
5470215,0,0.2388175,0
5470219,0,0.46400526,0
5470574,0,0.2849189,0
5470584,0,0.1822245,0
5470632,0,0.3204404,0
5471195,0,0.35413274,0
5471784,1,0.2145705,0
5471799,1,0.42777744,0
5471816,0,0.3010373,0
5471903,0,0.22951166,0
5471907,0,0.24378379,0
5471910,0,0.123610966,0
5472003,0,0.20601921,0
5472062,0,0.18329848,0
5472427,0,0.12569019,0
5472974,0,0.13695252,0
5473654,0,0.24003223,0
5473675,0,0.37809747,0
5473726,0,0.48754728,0
5473865,0,0.21327431,0
5473940,0,0.091851905,0
5473947,0,0.3390832,0
5474187,0,0.18906336,0
5474462,0,0.3494501,0
5474466,0,0.26856008,0
5474495,0,0.31036785,0
5474676,0,0.14768188,0
5475037,0,0.38061053,0
5475059,0,0.1956252,0
5475360,0,0.4371604,0
5476013,0,0.2700709,0
5476018,0,0.29714432,0
5476155,0,0.134344,0
5469435,1,0.98760253,1
5503521,1,0.8445749,1
5469069,0,0.11861744,0
5461984,0,0.4817148,0
5462094,0,0.35616484,0
5463518,1,0.67447865,1
5463769,0,0.6152684,1
5463783,0,0.6160861,1
5464055,0,0.38381538,0
5464143,0,0.91328466,1
5464513,0,0.66090804,1
5464688,0,0.29842988,0
5464690,0,0.2078299,0
5464710,0,0.4238445,0
5464740,0,0.3123906,0
5467219,0,0.4870717,0
5476225,0,0.38036153,0
5475906,0,0.4141107,0
5471193,1,0.8825154,1
5482018,0,0.37313926,0
5483267,0,0.32695362,0
5461648,0,0.3844908,0
5492738,1,0.8756645,1
5473255,0,0.7477719,1
5474388,0,0.60865456,1
5474393,0,0.33773172,0
5476852,0,0.37338257,0
5476855,0,0.39165398,0
5495856,0,0.7885433,1
5469729,0,0.94793504,1
5506148,0,0.36694247,0
5477259,0,0.8837156,1
5481147,0,0.8710183,1
5500510,1,0.9683156,1
5467432,0,0.83817595,1
5468908,1,0.99927825,1
5481177,0,0.36465156,0
5496710,0,0.6507764,1
5466755,0,0.23409134,0
5475180,0,0.46848956,0
5483239,0,0.51205575,1
5483794,0,0.5948609,1
5465238,0,0.4571958,0
5474106,0,0.13723224,0
5498986,0,0.2526101,0
5498996,0,0.31972963,0
5506667,0,0.52852845,1
5468169,0,0.43574005,0
5468174,0,0.34101477,0
5461927,0,0.2020769,0
5506841,0,0.33905575,0
5486196,1,0.8102812,1
5486200,1,0.7565039,1
5465730,0,0.73952955,1
5465968,0,0.75420856,1
5466181,1,0.74620914,1
5469197,1,0.78442043,1
5480076,1,0.62241054,1
5482296,0,0.7724098,1
5464206,0,0.38334295,0
5467341,0,0.24893259,0
5479237,1,0.49586034,0
5481314,0,0.78485125,1
5498593,0,0.89165723,1
5485442,0,0.5667437,1
5466811,0,0.5106287,1
5466815,0,0.4168468,0
5507493,0,0.25117457,0
5498752,0,0.9674712,1
5486096,0,0.71358156,1
5487610,0,0.36189988,0
5506649,1,0.7917966,1
5485962,0,0.25467792,0
5479989,1,0.82661676,1
5485627,0,0.6635964,1
5487732,1,0.78746104,1
5465097,1,0.96759677,1
5475612,0,0.7440889,1
5477519,0,0.62638307,1
5472133,0,0.6698467,1
5502515,0,0.77024746,1
5471484,0,0.2921626,0
5469179,0,0.3656268,0
5470787,0,0.6884922,1
5488037,1,0.65989,1
5465255,0,0.1993939,0
5486137,0,0.32488737,0
5484794,1,0.41693646,0
5484795,0,0.662466,1
5476129,1,0.8790431,1
5466969,0,0.82047135,1
5473619,0,0.83176494,1
5483373,0,0.81560695,1
5479165,0,0.23402855,0
5495163,0,0.37277076,0
5461663,0,0.36799055,0
5463057,0,0.41658834,0
5466147,0,0.66149014,1
5470421,0,0.49562266,0
5477898,0,0.58695185,1
5485953,0,0.22368361,0
5496101,0,0.47511718,0
5487039,0,0.8049321,1
5487680,0,0.3960843,0
5490252,0,0.2981096,0
5490489,0,0.28890046,0
5499990,0,0.7297477,1
5502488,0,0.35929826,0
5502504,0,0.45529246,0
5502908,0,0.19168723,0
5505220,0,0.19795486,0
5501438,1,0.8474345,1
5478377,0,0.2794145,0
5484736,0,0.36263797,0
5484737,1,0.6198541,1
5484742,0,0.4374918,0
5484744,0,0.5545254,1
5486054,0,0.21640126,0
5486055,1,0.68081623,1
5474725,0,0.36322907,0
5498997,1,0.907377,1
5502853,0,0.14216769,0
5482185,0,0.55657977,1
5482188,0,0.31340495,0
5461277,0,0.07989819,0
5461558,0,0.10257687,0
5461563,0,0.12808715,0
5462164,0,0.15281302,0
5462204,0,0.4168816,0
5462793,0,0.3064403,0
5463455,0,0.120493956,0
5463477,0,0.15228343,0
5463503,0,0.310072,0
5464011,0,0.124684714,0
5464094,0,0.19469105,0
5464115,0,0.19798332,0
5464364,0,0.08070026,0
5466399,0,0.12064224,0
5466427,0,0.30644715,0
5468663,0,0.13615805,0
5468684,0,0.13759385,0
5468694,0,0.18551749,0
5469361,0,0.11363635,0
5469788,0,0.17209683,0
5469790,0,0.058430046,0
5469931,0,0.095751986,0
5469997,0,0.10657966,0
5473170,0,0.12306589,0
5473258,0,0.3103691,0
5473389,0,0.112531506,0
5474690,0,0.08631127,0
5476277,0,0.1392182,0
5478467,0,0.12931508,0
5478941,0,0.27968237,0
5479205,0,0.042195823,0
5481956,0,0.16313699,0
5481961,0,0.19267806,0
5484374,0,0.03217535,0
5484405,0,0.10347801,0
5474542,0,0.3157928,0
5503657,0,0.6153868,1
5478255,1,0.9776498,1
5481764,0,0.71798414,1
5481946,0,0.43212697,0
5481954,0,0.24176541,0
5493135,1,0.86948574,1
5486448,0,0.5137215,1
5487204,0,0.42833522,0
5487696,0,0.7274537,1
5497733,0,0.87399197,1
5503080,1,0.98519266,1
5475659,0,0.77526015,1
5469585,1,0.6946006,1
5500077,0,0.6556203,1
5461721,0,0.61196524,1
5463017,0,0.38470998,0
5463536,0,0.5774818,1
5464039,0,0.3974082,0
5464464,0,0.89651763,1
5464467,0,0.59706885,1
5465841,0,0.09349047,0
5466650,0,0.15917362,0
5466689,0,0.3453101,0
5467037,0,0.41916212,0
5467045,0,0.23619245,0
5467048,0,0.19055082,0
5467062,0,0.04548713,0
5467799,0,0.17675537,0
5468487,0,0.16159728,0
5468847,1,0.8820524,1
5468850,0,0.39644754,0
5469099,1,0.69788563,1
5470316,0,0.7839232,1
5470456,1,0.79429996,1
5471560,1,0.21569788,0
5472817,0,0.79977196,1
5475976,0,0.91628355,1
5476411,0,0.93266034,1
5476862,0,0.3484553,0
5477577,0,0.40494713,0
5499572,0,0.49359712,0
5501225,0,0.8440403,1
5492170,0,0.7220917,1
5492929,0,0.5107731,1
5477432,1,0.770643,1
5487001,0,0.34780538,0
5492735,1,0.5666123,1
5492902,0,0.2501575,0
5494801,1,0.97317636,1
5462370,1,0.8734736,1
5478192,0,0.40423226,0
5468543,0,0.09795045,0
5468188,0,0.32464132,0
5468754,0,0.6427774,1
5468807,0,0.5179511,1
5468808,0,0.703141,1
5468917,0,0.4635548,0
5469209,0,0.65989417,1
5469305,0,0.63033956,1
5470085,1,0.69242483,1
5482167,0,0.67699194,1
5506876,0,0.72684795,1
5462546,0,0.90476847,1
5474283,0,0.34658754,0
5479755,0,0.1951351,0
5463058,0,0.26334482,0
5473005,0,0.46940416,0
5473012,0,0.30315,0
5497095,1,0.82780343,1
5498038,0,0.34404498,0
5498446,0,0.20482872,0
5499225,0,0.43817976,0
5499305,0,0.3828583,0
5499306,0,0.59603435,1
5501559,0,0.580019,1
5501560,0,0.27472395,0
5501619,0,0.27898258,0
5501620,0,0.42984825,0
5501621,0,0.37970245,0
5502075,0,0.20826778,0
5502076,0,0.3226859,0
5503326,0,0.51270115,1
5503438,0,0.55503476,1
5503724,0,0.3396018,0
5507948,0,0.34334257,0
5509469,0,0.35469735,0
5485008,1,0.41530493,0
5498630,0,0.44801942,0
5504107,0,0.8116579,1
5464585,0,0.71641445,1
5481108,1,0.6591862,1
5476614,1,0.74698323,1
5468301,0,0.53749245,1
5468974,0,0.40286866,0
5464363,0,0.74089295,1
5469152,1,0.91400516,1
5498523,0,0.13433139,0
5505081,0,0.38924706,0
5482683,1,0.7466583,1
5484267,1,0.8360076,1
5475221,1,0.7865517,1
5501492,1,0.26408574,0
5506013,0,0.0727855,0
5506014,0,0.2201555,0
5464911,0,0.63618624,1
5503673,0,0.89894783,1
5475473,0,0.70060855,1
5504184,0,0.8222713,1
5481071,1,0.80759126,1
5463013,0,0.7174179,1
5495333,1,0.89143527,1
5485132,0,0.18774633,0
5493618,1,0.7782712,1
5486672,1,0.83211243,1
5467274,0,0.8447117,1
5486205,1,0.9511671,1
5491879,1,0.8932032,1
5500561,1,0.7667558,1
5508825,0,0.8980062,1
5475090,0,0.85149217,1
5505001,1,0.8894558,1
5473483,0,0.2452742,0
5466109,0,0.5367095,1
5466178,0,0.47653103,0
5466216,0,0.51613206,1
5466642,0,0.22500977,0
5467013,0,0.35309875,0
5467038,0,0.38685992,0
5467052,0,0.4303068,0
5467076,0,0.29381046,0
5467619,0,0.5684713,1
5467662,0,0.11703719,0
5467692,0,0.6103982,1
5467998,0,0.83748037,1
5469908,0,0.6812632,1
5470251,0,0.6374945,1
5470253,0,0.5939693,1
5470261,1,0.49665216,0
5470356,0,0.6624003,1
5470666,0,0.25447628,0
5471282,0,0.26853946,0
5471283,0,0.75541013,1
5471329,0,0.42458996,0
5472310,0,0.5829223,1
5474094,0,0.26509327,0
5480179,1,0.76533973,1
5483439,0,0.7812373,1
5469830,0,0.27625644,0
5475347,0,0.45188442,0
5479466,0,0.20397271,0
5479492,0,0.38245842,0
5483462,0,0.21694696,0
5483463,0,0.496825,0
5490019,0,0.6638062,1
5495013,0,0.4046664,0
5495317,0,0.4195044,0
5504052,0,0.29608494,0
5496393,0,0.79776037,1
5469754,0,0.29899517,0
5473007,0,0.19347672,0
5462387,1,0.97419137,1
5470945,0,0.5786462,1
5471058,0,0.54096645,1
5471073,0,0.38125822,0
5471080,0,0.5094524,1
5471991,0,0.4328056,0
5472006,1,0.46983948,0
5472059,0,0.54265165,1
5473670,0,0.50017035,1
5476328,0,0.39211497,0
5478646,0,0.07725174,0
5481623,0,0.40627545,0
5469686,0,0.65077484,1
5472229,0,0.58732784,1
5472196,0,0.8419897,1
5492793,0,0.31321597,0
5465483,0,0.33103454,0
5508813,0,0.7294668,1
5466881,0,0.23549579,0
5465387,0,0.32985744,0
5479885,0,0.18912338,0
5492581,1,0.82000065,1
5464109,0,0.32355097,0
5470438,0,0.42310646,0
5470451,0,0.49002644,0
5470768,0,0.47888097,0
5471020,1,0.4988804,0
5471021,0,0.70474386,1
5473177,0,0.17893918,0
5484560,0,0.48513237,0
5473971,0,0.9385447,1
5467971,0,0.64992553,1
5469693,1,0.6395378,1
5469767,0,0.54983693,1
5471427,0,0.5435123,1
5476152,0,0.4009298,0
5486882,1,0.62818134,1
5496316,0,0.52634364,1
5500840,1,0.8317806,1
5490737,0,0.3857785,0
5479921,1,0.9311321,1
5471833,0,0.16226743,0
5472566,0,0.97142076,1
5503084,1,0.9987249,1
5482115,1,0.62686986,1
5497822,0,0.842832,1
5498543,1,0.70819116,1
5476544,1,0.61500067,1
5481754,0,0.35732675,0
5482195,0,0.75869715,1
5482448,0,0.5774314,1
5482592,1,0.50078875,1
5483513,0,0.27975404,0
5483558,0,0.61777544,1
5483728,0,0.89921135,1
5483795,0,0.39789292,0
5483807,0,0.478449,0
5483822,0,0.72533166,1
5484223,0,0.37185064,0
5484274,0,0.53123814,1
5484868,0,0.31282946,0
5485083,1,0.6231595,1
5485360,0,0.31511253,0
5485490,1,0.68701226,1
5485828,0,0.8068521,1
5485981,0,0.3798715,0
5464681,1,0.32060432,0
5482588,1,0.7030174,1
5461981,0,0.8848541,1
5478759,0,0.9264561,1
5469413,0,0.3938932,0
5469415,0,0.48987582,0
5471239,0,0.57622916,1
5471240,0,0.5009562,1
5471241,0,0.70972323,1
5472080,0,0.4672428,0
5472432,0,0.61547786,1
5473338,0,0.4081347,0
5474016,0,0.31324065,0
5474019,0,0.75592333,1
5474215,0,0.5452101,1
5475306,0,0.49930242,0
5480644,0,0.54653066,1
5504779,0,0.5405011,1
5506092,1,0.55261207,1
5466435,0,0.21438362,0
5483747,1,0.8046775,1
5485551,1,0.7667874,1
5484932,0,0.24821948,0
5487705,1,0.77113205,1
5461360,0,0.2735881,0
5479108,0,0.2649041,0
5469499,1,0.6854677,1
5463642,0,0.45563823,0
5462254,0,0.1577759,0
5505903,0,0.853674,1
5467565,0,0.6775181,1
5467567,1,0.6911263,1
5502009,0,0.74043125,1
5503215,1,0.66567916,1
5467217,0,0.16283035,0
5478607,0,0.19509138,0
5484581,0,0.49194518,0
5490034,0,0.23006763,0
5490365,0,0.5611019,1
5492954,0,0.17446303,0
5493206,0,0.24088362,0
5498147,0,0.14220354,0
5499507,0,0.1534506,0
5499518,0,0.265691,0
5501828,0,0.21118411,0
5506339,0,0.3069603,0
5506832,0,0.40812144,0
5506835,0,0.31974104,0
5507094,0,0.4663885,0
5490784,1,0.95389307,1
5470994,0,0.31881005,0
5476740,0,0.14248623,0
5477050,0,0.5113754,1
5477067,0,0.28520578,0
5477084,0,0.4924444,0
5477130,1,0.17568195,0
5477537,0,0.40335113,0
5481981,1,0.2016474,0
5484451,0,0.30352566,0
5484845,0,0.4348246,0
5484907,0,0.5613694,1
5485400,1,0.34864038,0
5493910,0,0.53475136,1
5462818,0,0.27645394,0
5465253,1,0.4421204,0
5481986,1,0.7653606,1
5507511,1,0.8523569,1
5474573,0,0.7203044,1
5484695,0,0.9477398,1
5470020,0,0.74445736,1
5470568,0,0.8031443,1
5461919,0,0.6280084,1
5489453,0,0.52601063,1
5466913,1,0.92494285,1
5476407,1,0.7517623,1
5477557,0,0.6592537,1
5470264,0,0.33710027,0
5473195,0,0.14084794,0
5474541,1,0.783134,1
5482547,0,0.5913384,1
5482834,0,0.37647444,0
5461444,1,0.82165134,1
5507393,0,0.742637,1
5479121,0,0.43541098,0
5462648,0,0.23352423,0
5463340,0,0.3310175,0
5499396,1,0.9414618,1
5489539,0,0.82761025,1
5501265,0,0.8270029,1
5474332,1,0.81141996,1
5494380,0,0.83434135,1
5504117,0,0.26294044,0
5477827,0,0.24878038,0
5505485,0,0.48734885,0
5471419,0,0.4107032,0
5477951,0,0.20095901,0
5479385,0,0.9200057,1
5480235,1,0.55488896,1
5483610,0,0.5781859,1
5500196,0,0.510027,1
5491006,0,0.78818643,1
5466715,0,0.7907906,1
5476461,0,0.08773104,0
5476503,0,0.27056924,0
5470825,1,0.6080934,1
5484300,1,0.91206306,1
5476147,0,0.56174004,1
5481116,0,0.60911256,1
5484685,0,0.29505876,0
5506988,0,0.7656898,1
5481264,1,0.34560633,0
5492575,1,0.88923866,1
5473798,0,0.66148454,1
5480575,0,0.31072354,0
5462097,0,0.5732043,1
5504730,0,0.87063885,1
5467377,1,0.24965644,0
5504253,0,0.39595488,0
5493115,1,0.97828215,1
5486225,0,0.21535501,0
5493137,1,0.91455096,1
5467545,1,0.67445153,1
5495482,0,0.4837913,0
5475442,0,0.404346,0
5469965,0,0.9270474,1
5469311,0,0.55291426,1
5470614,0,0.44430265,0
5476533,0,0.46392268,0
5496296,1,0.88603824,1
5476623,0,0.90412164,1
5476382,0,0.7622472,1
5491385,0,0.33929664,0
5508970,0,0.8192841,1
5469538,0,0.45221373,0
5469541,0,0.59759814,1
5476113,0,0.63887703,1
5477392,0,0.44708598,0
5482009,0,0.37738088,0
5483492,0,0.29694647,0
5483494,1,0.6691791,1
5485715,0,0.43669975,0
5495854,0,0.62632746,1
5495910,0,0.36539978,0
5497539,0,0.2963499,0
5497562,0,0.22152182,0
5477301,0,0.10949279,0
5467785,0,0.9970878,1
5472448,0,0.6177638,1
5492053,0,0.8128092,1
5485819,0,0.71676284,1
5494854,0,0.74770504,1
5475326,0,0.35269073,0
5475568,0,0.79016125,1
5488015,0,0.37407827,0
5499160,0,0.7738684,1
5505910,0,0.6741453,1
5501096,1,0.93741596,1
5507199,0,0.40033284,0
5478573,0,0.40709037,0
5481925,0,0.2467249,0
5484173,0,0.26192388,0
5485607,0,0.28126705,0
5505884,0,0.8757002,1
5475213,0,0.43050045,0
5506197,0,0.31863075,0
5468676,0,0.25783512,0
5483073,0,0.85645616,1
5483074,0,0.84732586,1
5483089,0,0.44782484,0
5486105,0,0.203594,0
5469363,1,0.90303624,1
5468085,0,0.5547881,1
5501819,0,0.95905966,1
5485657,0,0.82320774,1
5484527,0,0.16368645,0
5461623,0,0.7218432,1
5473031,0,0.14447157,0
5474456,0,0.32656747,0
5474525,0,0.27665657,0
5477828,0,0.51343286,1
5466410,0,0.56517005,1
5463494,1,0.9389692,1
5470681,1,0.85237944,1
5480211,0,0.897904,1
5474743,1,0.92368764,1
5472862,1,0.86357325,1
5487192,1,0.92935765,1
5490952,1,0.9873204,1
5491463,0,0.7816101,1
5479584,1,0.9270448,1
5470755,0,0.55276525,1
5480577,0,0.8118902,1
5465535,0,0.5448962,1
5474121,0,0.5696697,1
5474275,0,0.2700831,0
5474285,0,0.20966056,0
5474291,0,0.089960955,0
5474658,0,0.1475434,0
5475578,0,0.39632332,0
5475601,0,0.050481852,0
5476066,0,0.119388424,0
5476523,0,0.115794785,0
5476638,0,0.047022507,0
5477961,0,0.22797889,0
5478003,0,0.50875837,1
5478341,0,0.11049728,0
5478787,0,0.18336135,0
5480803,1,0.4669098,0
5481050,1,0.75609595,1
5467792,0,0.2610849,0
5499399,0,0.28504753,0
5499400,0,0.2166679,0
5462108,1,0.8380666,1
5493241,0,0.22492103,0
5504016,0,0.60778445,1
5484988,1,0.951039,1
5467118,0,0.577011,1
5473385,1,0.96697724,1
5470518,0,0.73137915,1
5471551,1,0.5688903,1
5472687,0,0.3900094,0
5479499,0,0.48817733,0
5506903,0,0.740672,1
5463705,0,0.17366767,0
5466744,0,0.10932158,0
5467875,0,0.13281694,0
5468153,0,0.33178213,0
5476412,0,0.07275874,0
5479919,1,0.9832924,1
5472405,1,0.7420262,1
5472415,0,0.7183244,1
5483476,0,0.8129576,1
5473122,0,0.4007063,0
5478975,1,0.9194223,1
5492471,1,0.888313,1
5464776,0,0.9446324,1
5480708,0,0.53909236,1
5467214,0,0.97056246,1
5473771,0,0.43688655,0
5469548,0,0.8089893,1
5503221,0,0.79239976,1
5472369,0,0.15380743,0
5472374,0,0.16592512,0
5474341,0,0.36801243,0
5475524,0,0.09414821,0
5476861,0,0.18795161,0
5478770,0,0.12426956,0
5478771,1,0.100708134,0
5487498,0,0.1699307,0
5477231,0,0.8719113,1
5501563,0,0.6271006,1
5482771,0,0.69656605,1
5483148,0,0.3425362,0
5483289,0,0.6950696,1
5484397,0,0.36371505,0
5484491,0,0.49836624,0
5467547,0,0.27833325,0
5475587,0,0.6795961,1
5475589,1,0.37682953,0
5475591,0,0.26039684,0
5476263,0,0.20472737,0
5476265,0,0.36672768,0
5476267,0,0.46445298,0
5476569,0,0.55817807,1
5476573,0,0.49197242,0
5476578,0,0.19531934,0
5476580,0,0.17051046,0
5476795,0,0.31288657,0
5477188,0,0.40978816,0
5477661,0,0.36769876,0
5477664,0,0.45839328,0
5477665,0,0.27164033,0
5477668,0,0.11163793,0
5483036,0,0.17746863,0
5485454,0,0.14786166,0
5508261,0,0.24242823,0
5461447,0,0.2543155,0
5504503,0,0.50483155,1
5461940,0,0.62491584,1
5463288,0,0.5296849,1
5463760,0,0.17376512,0
5463784,1,0.54436046,1
5465122,0,0.43318015,0
5465130,0,0.7688914,1
5465567,0,0.26787066,0
5465930,0,0.36505073,0
5469968,0,0.3011784,0
5471737,0,0.86435413,1
5472858,1,0.5477716,1
5475971,1,0.4422701,0
5476313,0,0.30993682,0
5476515,0,0.8375119,1
5476517,1,0.6516224,1
5479552,0,0.43348414,0
5480219,0,0.8195521,1
5481790,0,0.45926142,0
5482186,0,0.47361243,0
5482266,1,0.20488767,0
5482274,0,0.82541823,1
5482631,1,0.8267537,1
5483744,0,0.1975664,0
5467231,0,0.7114428,1
5474447,1,0.59374636,1
5477947,0,0.33666557,0
5504514,0,0.6342233,1
5483006,0,0.81510204,1
5471647,0,0.41386768,0
5471649,0,0.2647181,0
5471657,0,0.25821745,0
5478399,0,0.8202753,1
5477913,0,0.71919227,1
5506492,0,0.88028437,1
5470126,0,0.82321566,1
5465906,0,0.55109715,1
5477805,1,0.7501934,1
5478418,1,0.38177848,0
5478419,0,0.40271804,0
5478431,0,0.43734008,0
5478435,0,0.26921615,0
5478612,0,0.37668204,0
5478616,0,0.5039195,1
5478679,0,0.59258914,1
5478701,0,0.37456602,0
5478773,0,0.49274147,0
5478782,0,0.34263194,0
5478936,0,0.64842135,1
5478955,0,0.26306993,0
5480285,0,0.14450563,0
5484037,1,0.63301677,1
5484042,0,0.41214275,0
5484757,0,0.3443053,0
5493251,0,0.24034846,0
5466494,0,0.36094078,0
5508983,0,0.49786434,0
5477213,0,0.8021939,1
5484683,1,0.9396306,1
5466348,0,0.40980235,0
5466551,0,0.38251683,0
5477946,1,0.85859615,1
5478014,0,0.17426291,0
5482033,0,0.38397253,0
5472103,0,0.8258263,1
5485571,0,0.92767215,1
5494189,0,0.6720504,1
5476655,0,0.32218444,0
5476662,0,0.2863881,0
5485039,0,0.3035732,0
5499871,0,0.42546442,0
5507231,1,0.30492258,0
5466695,0,0.49169168,0
5490900,1,0.93486017,1
5468052,0,0.35654086,0
5486150,0,0.6405491,1
5475390,0,0.8788003,1
5508915,0,0.58419836,1
5502948,0,0.5446727,1
5473223,0,0.31474265,0
5490290,0,0.39106986,0
5462741,0,0.41442317,0
5462731,0,0.8478725,1
5469881,0,0.6309766,1
5491294,0,0.32502162,0
5493489,1,0.90077543,1
5471803,1,0.9589096,1
5463553,0,0.4719619,0
5473799,0,0.29768676,0
5477740,1,0.9548093,1
5478633,0,0.7217765,1
5473925,0,0.6095357,1
5481283,0,0.9607548,1
5487854,1,0.96568733,1
5471504,1,0.9705035,1
5471634,1,0.9538313,1
5471846,1,0.7263108,1
5471709,0,0.52065,1
5470383,0,0.58292556,1
5474334,1,0.94057846,1
5470115,0,0.9909775,1
5461878,1,0.9064954,1
5461946,0,0.74967617,1
5462616,0,0.6242642,1
5465704,0,0.2685865,0
5466628,0,0.63458765,1
5466635,1,0.89638907,1
5467247,0,0.5722209,1
5467702,0,0.40033254,0
5467727,0,0.4018423,0
5467761,0,0.64169395,1
5468112,1,0.63881433,1
5468120,0,0.4442335,0
5468123,0,0.64955795,1
5471411,0,0.37438494,0
5471540,0,0.62281895,1
5472633,0,0.37328172,0
5473121,0,0.76223916,1
5474108,0,0.38976622,0
5474635,0,0.91185427,1
5476369,0,0.645681,1
5476687,1,0.97906667,1
5477300,0,0.27596232,0
5477587,0,0.61849034,1
5482244,0,0.91532505,1
5482291,0,0.58262616,1
5484473,0,0.51812553,1
5494784,1,0.94978076,1
5497011,1,0.9796822,1
5476186,0,0.33872542,0
5476308,0,0.33401805,0
5484949,0,0.3112442,0
5505362,0,0.46949983,0
5479994,1,0.25965512,0
5491782,0,0.29062358,0
5491787,0,0.17216656,0
5491789,1,0.93984675,1
5496795,0,0.47137445,0
5478961,0,0.92950195,1
5493159,0,0.25829124,0
5493161,0,0.32756206,0
5466897,1,0.8622479,1
5474748,0,0.47035033,0
5475281,0,0.3967516,0
5475282,0,0.46788827,0
5476104,1,0.4034769,0
5480521,0,0.45452347,0
5502400,0,0.81578124,1
5468736,0,0.44853893,0
5469633,0,0.20496202,0
5469672,0,0.74641657,1
5469678,0,0.56948787,1
5470055,0,0.17676914,0
5470094,0,0.40022466,0
5470116,0,0.67906106,1
5470507,0,0.5688772,1
5470513,0,0.18267418,0
5472822,0,0.49562648,0
5472843,1,0.23199269,0
5473118,0,0.28584707,0
5473148,0,0.625923,1
5474046,0,0.43671396,0
5474272,1,0.6263068,1
5474311,0,0.3073996,0
5474331,0,0.45337534,0
5474629,0,0.5285007,1
5474631,0,0.5270578,1
5474673,0,0.226465,0
5475153,0,0.25412792,0
5475358,0,0.24595903,0
5475449,0,0.32906988,0
5475884,1,0.59124327,1
5475889,0,0.77976,1
5475896,1,0.6325197,1
5475899,0,0.8709036,1
5475951,0,0.39227673,0
5475962,0,0.38434917,0
5475983,0,0.6375387,1
5476232,0,0.35117033,0
5476241,0,0.4588936,0
5476250,0,0.43593726,0
5476438,0,0.2644927,0
5476768,0,0.18779238,0
5476779,0,0.30696458,0
5476825,0,0.27655733,0
5477039,0,0.30440095,0
5477043,1,0.6290902,1
5477048,0,0.57589114,1
5478296,0,0.44196013,0
5478302,1,0.27122673,0
5478694,0,0.4995912,0
5478700,0,0.52379954,1
5478884,0,0.35764933,0
5479006,0,0.2825782,0
5479044,1,0.39832363,0
5482218,0,0.30295244,0
5482446,0,0.6431584,1
5482957,0,0.39688957,0
5483951,0,0.27638555,0
5485305,0,0.522643,1
5485320,0,0.5938858,1
5466888,0,0.7333879,1
5494473,1,0.877887,1
5494476,0,0.93918616,1
5498908,0,0.7060147,1
5505319,0,0.70104533,1
5496591,0,0.735526,1
5481711,0,0.7060016,1
5462376,0,0.15060721,0
5462378,0,0.37814438,0
5465435,0,0.16782795,0
5467820,0,0.32987157,0
5474716,0,0.5463162,1
5485239,0,0.84079903,1
5463257,0,0.26304162,0
5464401,0,0.5279697,1
5467878,0,0.37004942,0
5468049,0,0.35873565,0
5468066,0,0.3215607,0
5468079,1,0.36982742,0
5468081,0,0.5287127,1
5472323,0,0.6121012,1
5472565,0,0.24153431,0
5477447,0,0.64675313,1
5486144,0,0.6924701,1
5486145,0,0.46388844,0
5498312,1,0.7190852,1
5467240,0,0.2590592,0
5479497,0,0.30978462,0
5500438,1,0.6606889,1
5500559,0,0.7648466,1
5499622,0,0.19143948,0
5506601,0,0.18350434,0
5501518,1,0.27773136,0
5475753,0,0.5361351,1
5494669,0,0.78853035,1
5495848,1,0.18091947,0
5477506,0,0.66319543,1
5478071,1,0.6979991,1
5472065,0,0.7368525,1
5461870,0,0.23753816,0
5461873,0,0.30092293,0
5462520,0,0.26936856,0
5462542,0,0.4318145,0
5462568,0,0.51839423,1
5463499,0,0.11793599,0
5463504,1,0.6431647,1
5463523,0,0.33850393,0
5463704,0,0.47275212,0
5463735,0,0.6093724,1
5465398,0,0.32824278,0
5465419,0,0.25621176,0
5465444,0,0.66461694,1
5465787,0,0.44417176,0
5465793,0,0.35954636,0
5465813,0,0.4113983,0
5465861,0,0.19691637,0
5465865,0,0.66273093,1
5466498,0,0.53350013,1
5466503,1,0.27732185,0
5468152,0,0.32511955,0
5468430,0,0.4774626,0
5469146,0,0.5718171,1
5461569,0,0.3316865,0
5462022,0,0.32998627,0
5462574,0,0.21999626,0
5462683,0,0.21808603,0
5471371,0,0.3551233,0
5462416,0,0.26841575,0
5505390,0,0.61548525,1
5465923,0,0.45708388,0
5482361,0,0.8307439,1
5482606,0,0.9009693,1
5481207,1,0.69927883,1
5473983,0,0.59983516,1
5474754,0,0.49926484,0
5474809,1,0.49568552,0
5467760,0,0.66320133,1
5466472,0,0.27232552,0
5465564,1,0.8969327,1
5466318,0,0.9152142,1
5466361,0,0.38686916,0
5466524,0,0.46418518,0
5466531,0,0.23470962,0
5466539,0,0.26279503,0
5466565,0,0.38305852,0
5466734,1,0.5331285,1
5466736,1,0.31888598,0
5466944,0,0.21184582,0
5466968,0,0.26868403,0
5466971,0,0.44931823,0
5497971,0,0.5785542,1
5502386,0,0.59328437,1
5490388,0,0.94173807,1
5477763,0,0.7690638,1
5493856,0,0.5049387,1
5468076,0,0.81664693,1
5465071,0,0.52539915,1
5507643,1,0.95286304,1
5484884,0,0.15203847,0
5463018,0,0.7093209,1
5464416,0,0.09962546,0
5473939,0,0.8916057,1
5466164,1,0.871511,1
5467571,0,0.890426,1
5468417,0,0.4990366,0
5469842,0,0.3150689,0
5474688,0,0.32718933,0
5477091,0,0.19636415,0
5477191,0,0.32423812,0
5482123,0,0.28219965,0
5484040,0,0.34654722,0
5484093,0,0.35564485,0
5484101,0,0.30835572,0
5484104,0,0.27825484,0
5490231,0,0.16217875,0
5465925,0,0.4544527,0
5475105,1,0.95491016,1
5493917,0,0.29379126,0
5474316,1,0.75106686,1
5501040,1,0.882895,1
5461393,0,0.8095366,1
5497479,0,0.2925143,0
5484633,0,0.6894635,1
5472010,0,0.30693558,0
5472659,0,0.2096474,0
5467188,0,0.6575657,1
5499657,0,0.7971142,1
5480152,0,0.2791318,0
5483522,1,0.44234842,0
5461624,0,0.69194543,1
5499856,0,0.52916825,1
5475544,1,0.6482895,1
5475836,0,0.72717047,1
5486138,0,0.39569235,0
5465344,0,0.41817397,0
5479311,0,0.7372146,1
5488052,0,0.20846006,0
5487312,1,0.5443437,1
5472075,0,0.51727426,1
5472336,0,0.13142022,0
5472887,0,0.25580916,0
5485384,0,0.36403292,0
5486380,0,0.28465953,0
5486382,0,0.1600071,0
5487030,0,0.30608943,0
5492598,0,0.3348215,0
5485651,0,0.4874963,0
5466264,0,0.14818725,0
5466157,0,0.36104935,0
5467355,0,0.46595535,0
5474232,0,0.6518893,1
5467717,0,0.5161033,1
5472857,0,0.6422413,1
5478365,1,0.67078406,1
5482641,0,0.80038714,1
5467299,0,0.68778235,1
5476008,0,0.26166454,0
5472917,0,0.7303156,1
5507677,0,0.90868497,1
5465651,0,0.34718135,0
5467570,0,0.3985724,0
5493433,0,0.86731124,1
5475605,0,0.5160645,1
5462698,0,0.7500439,1
5490954,0,0.47324806,0
5471173,0,0.4896016,0
5479317,0,0.35169524,0
5479321,0,0.2677134,0
5469543,0,0.61406976,1
5474378,1,0.82065034,1
5482141,0,0.41824242,0
5482574,1,0.82671577,1
5470292,0,0.22170074,0
5478962,0,0.24878788,0
5473028,0,0.8893388,1
5489749,0,0.9662863,1
5472154,0,0.6690499,1
5498906,1,0.74372035,1
5472380,1,0.7392746,1
5468382,0,0.36335495,0
5469367,0,0.20860703,0
5469368,0,0.25376275,0
5484839,0,0.69752103,1
5506296,1,0.4357848,0
5473900,0,0.84311795,1
5465156,1,0.40823433,0
5466053,0,0.1927729,0
5475376,0,0.08243958,0
5475874,0,0.18350409,0
5463170,0,0.13123424,0
5467450,0,0.21702598,0
5473281,0,0.17341547,0
5476654,0,0.20894016,0
5478358,0,0.0960072,0
5479419,0,0.52262455,1
5485203,0,0.5598982,1
5494239,0,0.7991603,1
5500351,1,0.89484346,1
5487426,0,0.77210224,1
5490488,0,0.7362671,1
5497101,0,0.71592385,1
5473001,1,0.8503497,1
5462696,0,0.8180182,1
5500860,1,0.9154721,1
5499021,1,0.9241089,1
5482166,1,0.9780849,1
5482199,0,0.7475818,1
5482235,0,0.57247746,1
5484564,0,0.34221086,0
5485461,0,0.23787099,0
5504437,0,0.1399944,0
5504776,0,0.24034886,0
5507694,0,0.486322,0
5461780,0,0.45362768,0
5464664,0,0.20391668,0
5500722,1,0.7333939,1
5482238,0,0.30970308,0
5473051,1,0.55138534,1
5478569,1,0.38095465,0
5478751,0,0.19829927,0
5478752,0,0.4377858,0
5478877,0,0.35280928,0
5478878,0,0.1405135,0
5478879,0,0.48916212,0
5479061,0,0.18565837,0
5479168,0,0.2864023,0
5479738,0,0.47304457,0
5479740,0,0.2426673,0
5480779,0,0.18260175,0
5480781,0,0.441867,0
5483159,0,0.16053268,0
5483162,0,0.11285884,0
5483164,0,0.16828914,0
5483165,0,0.20802268,0
5483167,0,0.42026463,0
5486099,1,0.7195072,1
5500226,0,0.1375654,0
5502080,0,0.22762536,0
5483707,1,0.9202041,1
5474947,0,0.18242705,0
5477655,0,0.5276126,1
5471999,1,0.9816983,1
5477023,0,0.7893396,1
5464892,0,0.2216779,0
5470985,0,0.2018654,0
5472443,0,0.19405277,0
5472439,1,0.5864515,1
5498478,0,0.80079234,1
5464217,0,0.94669336,1
5465432,1,0.9590462,1
5465446,1,0.96753794,1
5466154,1,0.8026055,1
5466218,0,0.74684775,1
5466347,0,0.94348097,1
5471840,0,0.9078459,1
5481053,1,0.83037764,1
5507880,0,0.8732403,1
5464867,0,0.0748943,0
5464878,0,0.045344457,0
5464953,0,0.14099498,0
5464979,0,0.12568238,0
5465295,0,0.05410702,0
5465302,1,0.11504127,0
5465420,0,0.12089349,0
5465637,0,0.07554778,0
5465644,0,0.043553855,0
5465649,0,0.12772137,0
5477098,1,0.13120499,0
5477101,0,0.3013702,0
5477522,0,0.08261928,0
5477657,0,0.1320305,0
5477659,0,0.035760317,0
5484800,0,0.078385,0
5484801,0,0.09902648,0
5484817,0,0.10459626,0
5484822,0,0.088203296,0
5484823,0,0.09594878,0
5485323,0,0.06956216,0
5485325,0,0.07675407,0
5485326,0,0.04392873,0
5485328,0,0.08741556,0
5485426,0,0.071183115,0
5476899,0,0.39053765,0
5476904,0,0.4338957,0
5465160,1,0.2022618,0
5465161,0,0.26422033,0
5465167,0,0.7441043,1
5465568,0,0.34585896,0
5466357,0,0.6259262,1
5468270,0,0.19924828,0
5468536,0,0.179637,0
5468546,0,0.2796094,0
5468551,0,0.26965302,0
5468574,1,0.753896,1
5468575,0,0.81194144,1
5468582,0,0.35318407,0
5468591,0,0.34062725,0
5468963,0,0.415974,0
5468966,0,0.53669304,1
5468973,0,0.13831794,0
5473785,0,0.6611637,1
5465074,0,0.19290626,0
5490738,0,0.39239317,0
5475426,0,0.7479624,1
5464900,0,0.30951026,0
5485286,0,0.79126644,1
5461612,1,0.4368463,0
5502845,0,0.22000347,0
5470679,0,0.9563887,1
5504272,0,0.4316394,0
5464754,1,0.41507077,0
5461491,0,0.18797831,0
5461493,0,0.09534971,0
5466096,0,0.4129176,0
5468863,0,0.1771944,0
5469904,0,0.21369542,0
5471372,1,0.6178652,1
5478934,0,0.3836165,0
5466350,0,0.5823951,1
5497832,0,0.15400697,0
5508540,0,0.2919913,0
5478528,0,0.26652983,0
5461632,0,0.54444575,1
5461910,0,0.13228647,0
5464813,1,0.54563934,1
5473016,0,0.32438922,0
5473184,0,0.53208923,1
5473194,0,0.1720575,0
5473427,0,0.24587685,0
5473429,1,0.1960952,0
5473496,1,0.38644183,0
5473497,0,0.75904,1
5474003,0,0.28743106,0
5474011,0,0.15409008,0
5474069,0,0.32349503,0
5474524,0,0.45043594,0
5474563,0,0.40388575,0
5474564,1,0.59682643,1
5474570,0,0.21855272,0
5474581,1,0.22021455,0
5474621,1,0.42586124,0
5474627,0,0.21893325,0
5474644,0,0.23411016,0
5474816,0,0.1937135,0
5474819,0,0.38547575,0
5475671,0,0.39870977,0
5475675,0,0.4503084,0
5475677,1,0.28457537,0
5475678,0,0.50705373,1
5475722,0,0.32552028,0
5475787,1,0.5041711,1
5475854,0,0.5347601,1
5475855,0,0.84338534,1
5475856,0,0.33372906,0
5475857,0,0.32775187,0
5477064,0,0.21530044,0
5477162,0,0.3886663,0
5477169,0,0.42086023,0
5477262,0,0.33214638,0
5477677,0,0.41059414,0
5479290,0,0.57998574,1
5480175,0,0.20906693,0
5480998,0,0.17630865,0
5481000,0,0.324519,0
5481018,0,0.33500224,0
5481028,0,0.5365426,1
5481054,0,0.57326335,1
5481311,1,0.1868353,0
5481312,0,0.24011199,0
5481315,0,0.75099546,1
5481318,1,0.38854226,0
5481325,0,0.2819999,0
5481336,0,0.43159544,0
5481343,0,0.464848,0
5481398,1,0.5595994,1
5481422,0,0.46308354,0
5481650,0,0.44024715,0
5481664,0,0.5195846,1
5481666,0,0.21245924,0
5481683,0,0.5222048,1
5481690,0,0.22360867,0
5481707,0,0.37232146,0
5481709,0,0.43566176,0
5481710,0,0.30784363,0
5481716,0,0.5455649,1
5481720,0,0.30616596,0
5481721,0,0.6147668,1
5481744,0,0.446211,0
5481991,0,0.5654052,1
5481992,0,0.3199,0
5481993,0,0.3447304,0
5482051,0,0.21237847,0
5482433,0,0.3638128,0
5483461,1,0.48313916,0
5483464,0,0.3607521,0
5483465,0,0.7263948,1
5483468,1,0.4770866,0
5473759,0,0.7771013,1
5478122,0,0.64918464,1
5470536,1,0.9286611,1
5478794,0,0.80097544,1
5483012,1,0.9224716,1
5475608,1,0.81806,1
5487112,1,0.5837223,1
5484109,0,0.7992643,1
5497833,0,0.5854727,1
5504650,1,0.9442769,1
5489803,1,0.74388236,1
5490262,0,0.79608566,1
5465105,0,0.22263053,0
5465109,0,0.35599953,0
5465113,0,0.24769643,0
5465132,0,0.2767821,0
5466730,0,0.15944345,0
5475918,0,0.1460335,0
5479913,0,0.20630237,0
5473361,0,0.2725058,0
5473494,0,0.31232873,0
5474662,0,0.16338378,0
5467974,0,0.1664119,0
5479048,0,0.13226877,0
5483030,0,0.82153946,1
5480649,0,0.7052452,1
5500188,0,0.39831686,0
5482019,0,0.12954612,0
5482298,0,0.22111687,0
5465868,0,0.4336898,0
5470773,0,0.19078991,0
5475143,0,0.2758761,0
5475152,0,0.35378388,0
5477991,0,0.9165094,1
5477993,0,0.9058539,1
5477997,1,0.87645036,1
5478056,0,0.8831062,1
5480875,0,0.80621505,1
5482818,0,0.74630696,1
5480546,1,0.7519928,1
5480603,0,0.7414345,1
5465707,0,0.59420127,1
5468031,0,0.42121425,0
5499553,0,0.32073003,0
5465312,0,0.30426103,0
5506901,1,0.8894691,1
5473543,0,0.34044477,0
5478311,0,0.56315017,1
5479467,0,0.5569692,1
5466075,0,0.22386217,0
5466132,0,0.2382517,0
5466134,0,0.07448844,0
5466314,0,0.16351682,0
5466380,0,0.28841302,0
5466490,0,0.40726656,0
5468032,0,0.13101165,0
5468038,0,0.095842615,0
5468061,0,0.31278145,0
5468064,0,0.3527952,0
5473076,0,0.20085421,0
5485155,0,0.29306442,0
5473247,0,0.86351866,1
5468903,1,0.47423628,0
5471268,0,0.28634587,0
5472547,0,0.37238857,0
5472723,0,0.3211651,0
5472819,0,0.6960687,1
5473795,0,0.32864127,0
5477019,1,0.6532826,1
5482392,0,0.58202845,1
5482399,0,0.29599032,0
5482402,0,0.3978866,0
5483078,0,0.3980067,0
5483080,0,0.16361743,0
5483090,0,0.47981474,0
5483120,0,0.28882074,0
5483125,0,0.35002995,0
5483424,0,0.43596888,0
5483425,0,0.40438744,0
5483895,0,0.4904593,0
5484546,0,0.5115525,1
5484548,0,0.4993292,0
5484574,0,0.3896757,0
5486426,1,0.57341874,1
5493745,1,0.99762374,1
5466983,1,0.9357868,1
5465221,0,0.28207546,0
5483639,0,0.114178695,0
5484603,1,0.27484,0
5484607,0,0.38410193,0
5472999,0,0.7634985,1
5464483,0,0.45009536,0
5507562,1,0.97005266,1
5484592,0,0.4248668,0
5485186,1,0.64216715,1
5486132,1,0.8702876,1
5468453,0,0.3953811,0
5480941,0,0.5283385,1
5462828,0,0.15770683,0
5467292,0,0.32198778,0
5468340,0,0.20491643,0
5462627,0,0.269475,0
5472682,0,0.614991,1
5473431,0,0.6328361,1
5475712,0,0.3180413,0
5476148,1,0.54656774,1
5477508,0,0.42136082,0
5462515,0,0.3873852,0
5477460,1,0.9039057,1
5471237,1,0.9117153,1
5485022,0,0.96151537,1
5498839,1,0.9159883,1
5498842,1,0.93895406,1
5482390,1,0.9270808,1
5467496,0,0.7083173,1
5470452,1,0.629231,1
5472175,1,0.30538908,0
5473222,0,0.8166547,1
5477928,1,0.88260937,1
5478171,1,0.49496013,0
5496127,0,0.8351897,1
5508730,0,0.6510945,1
5507412,0,0.75781614,1
5471102,0,0.5958515,1
5490147,0,0.3184326,0
5493840,0,0.33133492,0
5494242,0,0.5438761,1
5503690,0,0.53372973,1
5506463,0,0.4120151,0
5473987,1,0.33552048,0
5486372,0,0.67620766,1
5463011,0,0.7194296,1
5464823,0,0.6740178,1
5483710,0,0.93826175,1
5474884,0,0.39183795,0
5492304,0,0.64630634,1
5478065,0,0.30523732,0
5478067,0,0.43355072,0
5480436,0,0.67019725,1
5473079,0,0.79224414,1
5462016,0,0.19158132,0
5462017,0,0.43233803,0
5462025,0,0.34507003,0
5462126,1,0.21705835,0
5463251,0,0.11446117,0
5463354,0,0.5825547,1
5464158,0,0.19767328,0
5464161,0,0.12552424,0
5464162,0,0.116703466,0
5464165,0,0.1032717,0
5464463,0,0.17519078,0
5464476,1,0.18777753,0
5464580,1,0.27450866,0
5464581,0,0.60298157,1
5464731,0,0.4318362,0
5464732,0,0.24759185,0
5464766,0,0.14548737,0
5464768,0,0.2752552,0
5465046,0,0.101069674,0
5465047,0,0.19901808,0
5465149,1,0.42648733,0
5465153,0,0.5162255,1
5465178,0,0.20668001,0
5465508,1,0.12617446,0
5465524,1,0.74250096,1
5465525,0,0.43392745,0
5465875,0,0.11096087,0
5468173,0,0.16914928,0
5468175,1,0.5975222,1
5468204,0,0.20615016,0
5468236,0,0.24716529,0
5468256,0,0.14180453,0
5468295,0,0.1705534,0
5468609,0,0.31443888,0
5470041,0,0.14869457,0
5470223,0,0.16677433,0
5471236,0,0.4963435,0
5471656,1,0.34040818,0
5473903,0,0.12444715,0
5474368,0,0.099113636,0
5474371,0,0.1592501,0
5474373,0,0.28002086,0
5475207,0,0.3238986,0
5475466,0,0.24049252,0
5476555,0,0.38865647,0
5476568,0,0.7034727,1
5476907,0,0.16877626,0
5477412,0,0.12722881,0
5478063,0,0.22072448,0
5478179,0,0.14924534,0
5461934,0,0.8323627,1
5461982,0,0.24452844,0
5462405,0,0.42978716,0
5462640,1,0.90883297,1
5463076,0,0.142384,0
5463080,0,0.3425266,0
5464958,0,0.3271596,0
5466158,0,0.28397217,0
5466160,0,0.47623116,0
5471394,1,0.4493711,0
5472661,1,0.24849662,0
5475769,0,0.11053663,0
5475779,0,0.20103118,0
5477578,0,0.15022744,0
5478525,0,0.3386595,0
5481034,1,0.48483536,0
5481036,0,0.25074667,0
5481080,0,0.49822107,0
5481088,0,0.23757546,0
5481703,0,0.49796236,0
5481706,0,0.09384256,0
5482251,0,0.2252553,0
5482563,0,0.23370755,0
5482566,0,0.21600255,0
5482581,0,0.07885035,0
5483811,0,0.19426301,0
5483828,0,0.32189673,0
5484476,0,0.6111053,1
5484589,0,0.12672666,0
5492719,0,0.22219962,0
5492723,0,0.14066811,0
5493977,0,0.08033161,0
5495496,0,0.23195505,0
5495519,0,0.20806865,0
5497015,0,0.18444394,0
5497316,1,0.2911284,0
5497478,0,0.19537686,0
5498124,0,0.22524886,0
5498917,0,0.19611691,0
5501296,1,0.35071445,0
5501331,0,0.35033512,0
5501381,0,0.7580096,1
5501690,0,0.42177764,0
5503804,0,0.6532055,1
5503834,0,0.22382118,0
5503902,0,0.3967331,0
5504271,0,0.28280947,0
5504340,0,0.7580568,1
5504356,1,0.7894556,1
5507667,0,0.1347407,0
5480880,1,0.24817432,0
5466929,0,0.22970359,0
5477304,0,0.28322992,0
5489490,0,0.08414752,0
5489623,0,0.36764348,0
5489626,0,0.12602904,0
5490349,0,0.048554476,0
5500214,0,0.64711404,1
5462414,0,0.68899316,1
5508656,1,0.74171317,1
5463392,0,0.30127755,0
5463836,0,0.13330448,0
5464561,0,0.14254881,0
5470874,0,0.22221996,0
5485655,0,0.20243503,0
5481644,0,0.88959116,1
5497359,1,0.96734333,1
5483348,0,0.37167045,0
5483359,0,0.2513442,0
5466114,0,0.31367373,0
5466119,0,0.39408913,0
5472377,0,0.8505218,1
5472589,0,0.31215125,0
5472595,0,0.17683923,0
5472634,0,0.42261505,0
5473563,0,0.25737196,0
5461259,0,0.5363488,1
5480756,0,0.4788761,0
5476682,0,0.43916336,0
5475141,0,0.5131092,1
5461646,0,0.7874528,1
5464899,1,0.5665419,1
5461832,0,0.42430893,0
5490787,0,0.62744987,1
5483426,0,0.5623766,1
5469856,0,0.302124,0
5469857,0,0.58476275,1
5470355,0,0.4292906,0
5479411,0,0.27165037,0
5479491,1,0.15052837,0
5479839,0,0.17530668,0
5499835,0,0.6062936,1
5502776,0,0.17822759,0
5476909,0,0.39405537,0
5471811,1,0.94879514,1
5506911,0,0.82808256,1
5505086,1,0.87711954,1
5463289,0,0.46242613,0
5463293,0,0.35404435,0
5464887,1,0.30644816,0
5463142,0,0.6283032,1
5483039,0,0.419916,0
5490468,0,0.8985206,1
5479488,1,0.9019419,1
5473190,1,0.62603647,1
5477888,0,0.5856673,1
5480008,0,0.60745883,1
5504555,0,0.59763634,1
5462189,0,0.12246788,0
5462194,0,0.3560015,0
5462203,0,0.28505182,0
5462210,0,0.18652797,0
5462212,1,0.20133449,0
5462214,0,0.14050107,0
5462891,0,0.23120144,0
5462922,0,0.64196914,1
5467946,1,0.10148959,0
5464812,0,0.67154306,1
5480184,0,0.2991096,0
5473695,0,0.5220367,1
5473716,0,0.47808185,0
5466337,1,0.6990659,1
5461824,0,0.34964934,0
5461826,0,0.18200067,0
5466113,0,0.19279055,0
5468262,0,0.27023172,0
5468662,1,0.2187748,0
5468665,0,0.14273009,0
5468666,0,0.26566857,0
5471488,0,0.2658718,0
5471493,0,0.40685758,0
5482936,0,0.24150687,0
5482939,0,0.2142962,0
5475179,1,0.9102861,1
5483957,0,0.15668702,0
5478320,0,0.63587517,1
5486106,0,0.7834665,1
5498320,0,0.9165899,1
5498773,0,0.45130965,0
5467010,1,0.31761882,0
5468994,0,0.94122094,1
5468997,1,0.73059714,1
5484829,1,0.89544487,1
5505262,0,0.91939956,1
5482891,0,0.72426015,1
5507440,0,0.28917497,0
5469846,0,0.25535482,0
5471891,1,0.32912797,0
5470501,0,0.2566156,0
5470530,0,0.65805143,1
5470872,0,0.24687156,0
5470878,0,0.2857915,0
5471168,0,0.2316956,0
5471170,0,0.2206379,0
5471743,0,0.3261697,0
5474255,0,0.18899131,0
5474257,1,0.25062534,0
5474258,0,0.23187335,0
5474988,0,0.19599125,0
5475201,0,0.2150445,0
5501872,0,0.19022538,0
5505155,0,0.80166614,1
5486187,0,0.257964,0
5479647,0,0.83280355,1
5501530,1,0.9527978,1
5466735,0,0.50602293,1
5466862,0,0.22275695,0
5467220,0,0.21939126,0
5508203,0,0.6553587,1
5481833,0,0.7138183,1
5501543,0,0.68155813,1
5472379,1,0.8647224,1
5498559,1,0.97399604,1
5468396,0,0.45815608,0
5468411,0,0.3831099,0
5505347,1,0.4524558,0
5506213,0,0.52526474,1
5478074,0,0.9474561,1
5466590,0,0.37976927,0
5478108,0,0.16247524,0
5483028,0,0.2275345,0
5485334,0,0.3103766,0
5462281,0,0.4425429,0
5462338,0,0.12950811,0
5462519,0,0.6224411,1
5462832,0,0.37792146,0
5483478,1,0.5007304,1
5504953,0,0.14199176,0
5508565,0,0.60640943,1
5471259,0,0.22879845,0
5481061,1,0.93710136,1
5470759,0,0.9653418,1
5463167,0,0.33737797,0
5463240,0,0.7883952,1
5461540,0,0.20959283,0
5461542,1,0.16703601,0
5461543,0,0.19006719,0
5463230,0,0.15359399,0
5463883,0,0.7633036,1
5467511,0,0.4204715,0
5467512,0,0.33010024,0
5475700,0,0.09285601,0
5482058,0,0.7338842,1
5483312,1,0.214695,0
5483622,0,0.2536232,0
5463206,0,0.33488774,0
5466746,0,0.20105843,0
5468212,0,0.39691696,0
5468572,0,0.14958268,0
5468578,0,0.19643977,0
5468951,0,0.24006322,0
5468955,0,0.2774671,0
5470092,0,0.11364093,0
5470095,0,0.19655012,0
5470097,0,0.15514189,0
5470109,0,0.112128556,0
5470633,0,0.5210208,1
5470641,0,0.14162013,0
5476522,0,0.17848279,0
5493208,0,0.18915218,0
5500073,0,0.31249708,0
5507467,0,0.212965,0
5464940,0,0.35412794,0
5474751,0,0.47058824,0
5474755,0,0.53518134,1
5493740,0,0.44816113,0
5507256,1,0.9742208,1
5461876,0,0.66491765,1
5476029,1,0.29252088,0
5478075,1,0.8920384,1
5476324,0,0.6905749,1
5463265,0,0.18838538,0
5463275,0,0.4581145,0
5477723,0,0.19002603,0
5478957,0,0.84442157,1
5473265,0,0.34800437,0
5473266,0,0.20270434,0
5473525,0,0.24027485,0
5473531,0,0.16219625,0
5474056,0,0.26027888,0
5474654,0,0.17925379,0
5477333,0,0.064754255,0
5477642,0,0.36003557,0
5478087,0,0.24520606,0
5478368,0,0.17277753,0
5478608,0,0.05265549,0
5478995,0,0.25109017,0
5479851,0,0.16066782,0
5480168,0,0.16233903,0
5481319,0,0.06635633,0
5481479,0,0.16126113,0
5481719,0,0.08853233,0
5482492,0,0.1574062,0
5483511,0,0.08495159,0
5483512,0,0.23964351,0
5484946,0,0.2221333,0
5485357,0,0.20791474,0
5486597,0,0.107759036,0
5486868,0,0.032314908,0
5487384,0,0.122712836,0
5487708,0,0.03324695,0
5487954,0,0.08217724,0
5489826,0,0.046518248,0
5490723,0,0.19623597,0
5491208,0,0.18829404,0
5491209,0,0.17202184,0
5491698,0,0.04241816,0
5492611,0,0.14449011,0
5493086,0,0.1249806,0
5493499,0,0.05850935,0
5493501,0,0.19272172,0
5493883,0,0.044347562,0
5494273,0,0.061076555,0
5494714,0,0.12467549,0
5495399,0,0.039837044,0
5495932,0,0.0631175,0
5497224,0,0.035573956,0
5498133,0,0.09242906,0
5498137,0,0.06928847,0
5498484,0,0.022816729,0
5498887,0,0.06367834,0
5499373,0,0.13169114,0
5499808,0,0.027029961,0
5500707,0,0.09311444,0
5501841,0,0.03767409,0
5474354,0,0.9421878,1
5470514,0,0.08319587,0
5477302,0,0.25774816,0
5485023,0,0.3257075,0
5485540,0,0.4190604,0
5483965,0,0.41989616,0
5461588,1,0.894228,1
5462192,0,0.47322834,0
5462195,0,0.25865445,0
5462206,0,0.3857914,0
5462208,0,0.6254846,1
5462797,0,0.28877547,0
5464496,0,0.61709476,1
5464595,0,0.20032023,0
5465038,0,0.77044475,1
5466110,0,0.74062127,1
5467269,0,0.63382626,1
5469280,0,0.3249532,0
5469284,0,0.30543172,0
5471175,0,0.27442026,0
5472129,0,0.3713356,0
5472132,0,0.8320702,1
5472137,1,0.33109877,0
5472139,0,0.8773096,1
5472796,1,0.41738337,0
5472800,0,0.8706637,1
5473301,1,0.8138637,1
5473832,0,0.5602368,1
5474110,0,0.24731952,0
5474135,0,0.5988348,1
5474143,0,0.5947295,1
5475867,1,0.4717635,0
5476177,0,0.48534462,0
5476178,0,0.33869123,0
5476530,0,0.5834122,1
5477824,0,0.77963156,1
5477862,1,0.8770405,1
5477866,0,0.47119212,0
5477869,0,0.6619831,1
5478078,0,0.6354987,1
5478774,0,0.77445245,1
5479065,1,0.423692,0
5481313,0,0.30773112,0
5482653,0,0.60093176,1
5483648,0,0.8024928,1
5483654,0,0.6416256,1
5483656,0,0.4707274,0
5483662,0,0.27058977,0
5484253,0,0.2839843,0
5484287,0,0.35803914,0
5484313,1,0.5450009,1
5484314,0,0.36439964,0
5484315,0,0.7276577,1
5484897,0,0.7126053,1
5485096,0,0.56271565,1
5486111,0,0.7766704,1
5486121,0,0.29834414,0
5487136,0,0.44784385,0
5487139,0,0.8606229,1
5487247,0,0.6430783,1
5487252,1,0.47433248,0
5488113,0,0.7324401,1
5489468,0,0.9942009,1
5489469,1,0.9400988,1
5489471,0,0.91730106,1
5490563,1,0.9953818,1
5490717,0,0.66229403,1
5491503,1,0.7434249,1
5491506,1,0.5670123,1
5492109,0,0.5032662,1
5492390,0,0.24513237,0
5492445,0,0.48532823,0
5494945,0,0.7896205,1
5494946,0,0.64248276,1
5494947,0,0.7749287,1
5494949,0,0.5040516,1
5499003,0,0.4525877,0
5499207,0,0.39229146,0
5500093,1,0.949351,1
5500612,0,0.28665164,0
5500653,1,0.6731426,1
5501542,0,0.40038043,0
5505576,0,0.43077582,0
5506303,0,0.5199682,1
5506384,0,0.85094887,1
5506385,1,0.81030494,1
5506386,1,0.58827984,1
5506394,0,0.6736457,1
5506842,0,0.18216416,0
5506846,0,0.82748187,1
5506852,0,0.3732549,0
5506860,0,0.7620539,1
5507823,0,0.5370444,1
5507888,0,0.5037629,1
5507921,0,0.6548277,1
5480443,1,0.95967793,1
5484777,0,0.960939,1
5480013,1,0.6517437,1
5462852,0,0.13537838,0
5473915,0,0.8557783,1
5494153,1,0.8749267,1
5500007,0,0.7432056,1
5462269,0,0.9091225,1
5472205,0,0.3185428,0
5472246,0,0.18206002,0
5475397,0,0.27236596,0
5482168,0,0.72566766,1
5499101,0,0.34022963,0
5475509,0,0.6825091,1
5461574,1,0.34894753,0
5489413,0,0.7639163,1
5484830,0,0.55759144,1
5461525,0,0.21977067,0
5467014,0,0.1853181,0
5467015,0,0.21364899,0
5485160,0,0.079053596,0
5501509,0,0.065712646,0
5472942,0,0.35914773,0
5471547,1,0.3171668,0
5462109,0,0.51610386,1
5462466,0,0.47123897,0
5462500,0,0.29549754,0
5480365,0,0.8457267,1
5469775,0,0.31994033,0
5475514,0,0.78276443,1
5469252,0,0.44486225,0
5469631,0,0.42383426,0
5508346,0,0.7023294,1
5479714,0,0.5775727,1
5479715,1,0.5398262,1
5473547,0,0.91222703,1
5461544,0,0.09525439,0
5461546,0,0.25351256,0
5461548,0,0.28797957,0
5461549,0,0.16063538,0
5461554,0,0.36837918,0
5475178,0,0.16855018,0
5476821,0,0.78406596,1
5477107,1,0.6713403,1
5462166,0,0.6166268,1
5461673,0,0.06768615,0
5461674,0,0.026671298,0
5461675,0,0.0463643,0
5461686,0,0.059880223,0
5462358,0,0.05868235,0
5462407,0,0.025547467,0
5462471,0,0.05531774,0
5462602,1,0.089492284,0
5463008,0,0.19541313,0
5463545,0,0.14334981,0
5464008,0,0.19082049,0
5465098,0,0.04752811,0
5465498,0,0.22281304,0
5465741,0,0.05931622,0
5465757,0,0.052980304,0
5466165,0,0.06835396,0
5466167,0,0.047950037,0
5466170,0,0.029604618,0
5466234,0,0.18247038,0
5466423,0,0.06539239,0
5466480,0,0.057546142,0
5466487,0,0.07316598,0
5467621,0,0.05944513,0
5467746,0,0.025062976,0
5471107,0,0.12908573,0
5471109,0,0.12162595,0
5471414,0,0.07347881,0
5471416,0,0.09656281,0
5471437,0,0.038291056,0
5471458,0,0.027810173,0
5471661,0,0.09314628,0
5471685,0,0.017785704,0
5472726,0,0.05612488,0
5463087,0,0.72990775,1
5467800,0,0.39141807,0
5479408,0,0.66310394,1
5480441,1,0.9038526,1
5462968,0,0.14971127,0
5462980,0,0.8067508,1
5463849,0,0.88623416,1
5469288,1,0.90640295,1
5475647,0,0.86770445,1
5494908,1,0.6960429,1
5464770,0,0.6715102,1
5466126,1,0.2910608,0
5482779,0,0.22170472,0
5466860,0,0.30262965,0
5467244,0,0.39508265,0
5500546,0,0.907913,1
5461468,1,0.5264337,1
5475003,1,0.61657846,1
5473568,0,0.5793855,1
5482865,0,0.49512833,0
5487459,0,0.30466878,0
5471596,0,0.42922875,0
5481902,0,0.7387924,1
5464735,0,0.27719343,0
5464736,0,0.4037272,0
5465189,0,0.23025596,0
5466520,0,0.27329662,0
5470208,1,0.8721107,1
5480312,0,0.6091552,1
5495489,0,0.4692412,0
5497258,0,0.4658269,0
5475541,0,0.5323653,1
5467058,0,0.39891797,0
5472434,0,0.7666309,1
5483565,1,0.9150932,1
5491194,1,0.9374576,1
5478500,0,0.58175606,1
5468299,0,0.91348684,1
5480433,1,0.16080914,0
5474075,0,0.24129625,0
5474078,0,0.57413006,1
5473673,0,0.7472672,1
5508782,1,0.7402751,1
5488107,0,0.8117812,1
5475231,0,0.42321178,0
5470939,0,0.86984557,1
5472078,1,0.8927856,1
5461369,0,0.40200177,0
5461374,0,0.5003841,1
5461396,1,0.3987859,0
5464791,0,0.9845217,1
5476345,0,0.40132123,0
5476869,0,0.5776309,1
5477390,1,0.33988628,0
5477391,0,0.24547571,0
5497691,0,0.41979614,0
5469873,1,0.54997784,1
5471658,0,0.1927479,0
5471662,0,0.29870734,0
5471666,0,0.40800816,0
5471667,0,0.29341194,0
5471673,0,0.26454115,0
5471821,0,0.30139244,0
5471828,0,0.3834767,0
5471875,0,0.3586217,0
5472367,0,0.41508865,0
5472445,0,0.4613453,0
5472838,0,0.41066387,0
5472909,0,0.34416947,0
5473662,0,0.2419767,0
5474822,0,0.40303695,0
5476802,0,0.35935712,0
5476944,0,0.30127907,0
5477024,0,0.31901047,0
5477473,0,0.2742849,0
5477726,0,0.30485877,0
5478163,0,0.16858454,0
5478166,0,0.49000332,0
5478167,0,0.17766269,0
5478397,0,0.08909858,0
5480043,0,0.3725603,0
5480044,0,0.42747828,0
5480045,0,0.624256,1
5480047,0,0.23484097,0
5480048,0,0.4203683,0
5480065,0,0.41289607,0
5480449,0,0.4657625,0
5480450,1,0.3155636,0
5480451,1,0.54201216,1
5480865,0,0.7381056,1
5481214,0,0.45326784,0
5481217,0,0.2010507,0
5481506,0,0.113405675,0
5481507,0,0.24584727,0
5482164,0,0.15868005,0
5482680,1,0.5275455,1
5482697,0,0.28935444,0
5482698,1,0.40847632,0
5482699,1,0.36437604,0
5484289,0,0.7819352,1
5484292,0,0.68266827,1
5484293,0,0.5576,1
5484597,0,0.46601823,0
5484599,0,0.4341619,0
5484750,0,0.3086964,0
5484751,0,0.57167214,1
5484958,0,0.4741534,0
5484962,0,0.39542902,0
5484968,0,0.18931353,0
5485094,0,0.16036446,0
5485095,0,0.3780308,0
5485101,0,0.50406826,1
5485863,0,0.3429298,0
5486331,0,0.66067916,1
5486769,0,0.42424893,0
5486771,0,0.5976902,1
5487187,0,0.6106467,1
5487196,0,0.47579238,0
5487529,0,0.3533469,0
5487750,0,0.23005223,0
5488105,0,0.3455283,0
5489426,0,0.58066225,1
5489429,0,0.3170147,0
5489632,0,0.35228845,0
5489634,0,0.22858319,0
5490137,0,0.29863623,0
5490537,0,0.7237515,1
5490539,0,0.56644994,1
5490895,0,0.5397251,1
5491804,0,0.5871201,1
5491806,0,0.1818813,0
5491864,1,0.5426648,1
5491865,0,0.8204663,1
5491866,0,0.2238886,0
5491990,0,0.50721425,1
5494076,0,0.25682625,0
5494171,0,0.478382,0
5494779,0,0.2125232,0
5494782,0,0.6401711,1
5494783,0,0.15514354,0
5494884,0,0.35669586,0
5495079,0,0.47160923,0
5495711,0,0.21723036,0
5495718,0,0.18668747,0
5495719,0,0.22713977,0
5495788,0,0.22711237,0
5496762,0,0.24138251,0
5496763,0,0.31450403,0
5496764,0,0.24902198,0
5463524,0,0.84829634,1
5463009,0,0.95427805,1
5476371,1,0.95816135,1
5471863,0,0.5167886,1
5480569,0,0.75880945,1
5480627,0,0.63461965,1
5480638,0,0.7234668,1
5485707,0,0.45549336,0
5505304,0,0.46782643,0
5467139,1,0.6933239,1
5467790,1,0.9117751,1
5470810,0,0.32861188,0
5471154,0,0.3457874,0
5471507,0,0.26162153,0
5468421,0,0.41928956,0
5477196,1,0.5674658,1
5477209,0,0.9140739,1
5491678,0,0.3147609,0
5485500,0,0.16928737,0
5485804,1,0.5236469,1
5485899,0,0.44748965,0
5485902,1,0.3539445,0
5496354,0,0.290406,0
5497266,0,0.28180826,0
5498405,0,0.19542426,0
5481809,0,0.3140532,0
5465085,0,0.49504822,0
5465198,0,0.49950695,0
5470591,0,0.6043451,1
5494161,0,0.7681436,1
5463089,0,0.33192626,0
5468008,0,0.3519451,0
5470836,0,0.23006701,0
5470842,0,0.27437967,0
5471284,0,0.27166906,0
5471291,0,0.55539364,1
5471577,0,0.55168426,1
5482297,1,0.447715,0
5482458,0,0.1976833,0
5482472,0,0.4710919,0
5482812,0,0.34108597,0
5485158,0,0.38491705,0
5467509,0,0.50791425,1
5461921,0,0.49955148,0
5464584,0,0.42455387,0
5466292,0,0.43123373,0
5466297,0,0.41031954,0
5466300,1,0.4771025,0
5500761,1,0.8926773,1
5472267,0,0.1941712,0
5500075,1,0.8221726,1
5461372,0,0.9401733,1
5473507,0,0.18099675,0
5482098,0,0.75119555,1
5484698,0,0.19199738,0
5492909,0,0.8332233,1
5472156,1,0.4366413,0
5475570,1,0.5885169,1
5480911,0,0.3468645,0
5480913,0,0.57046765,1
5481047,0,0.48176965,0
5481089,0,0.7921818,1
5481103,0,0.5217483,1
5481105,0,0.38006818,0
5481416,1,0.6861223,1
5482554,0,0.5805125,1
5482845,0,0.62889045,1
5482846,0,0.40140206,0
5485845,0,0.628657,1
5481631,0,0.69959134,1
5474553,0,0.2868943,0
5478914,0,0.29540414,0
5481430,0,0.26058042,0
5481671,0,0.34639028,0
5465556,0,0.6634769,1
5467795,0,0.48027754,0
5469437,0,0.16327187,0
5481038,0,0.30511224,0
5493169,0,0.4106279,0
5468864,0,0.7091647,1
5463375,0,0.14393263,0
5463728,0,0.22200885,0
5464697,0,0.35397348,0
5468741,0,0.2950215,0
5469503,0,0.118851416,0
5469504,0,0.14406578,0
5469508,0,0.16632621,0
5469509,0,0.16927223,0
5470764,0,0.178578,0
5470924,0,0.2909742,0
5478386,0,0.21868892,0
5481565,0,0.18682113,0
5481566,0,0.16321559,0
5481568,0,0.21739268,0
5481569,0,0.15442427,0
5481570,0,0.32886586,0
5482874,0,0.32621774,0
5482877,0,0.20105623,0
5482879,0,0.1287967,0
5482880,0,0.09900629,0
5482881,0,0.12033586,0
5482882,0,0.10879678,0
5483379,0,0.35418397,0
5483831,0,0.103512384,0
5484305,0,0.065575555,0
5484306,0,0.1511468,0
5484307,1,0.109799325,0
5484308,0,0.28135273,0
5484699,0,0.19806564,0
5485228,0,0.13465084,0
5485960,0,0.15419947,0
5485961,0,0.23082861,0
5488166,0,0.2991396,0
5480406,1,0.31201497,0
5492405,0,0.62133,1
5462413,0,0.2627983,0
5470684,0,0.2968004,0
5500889,0,0.40265012,0
5462286,0,0.6969115,1
5471592,0,0.3632791,0
5474795,0,0.28795108,0
5482312,0,0.20069104,0
5481458,0,0.2813849,0
5476372,0,0.28578243,0
5477263,0,0.45118386,0
5470125,0,0.24545473,0
5470869,0,0.32512456,0
5474127,0,0.07109262,0
5505404,0,0.28532612,0
5471621,0,0.8887192,1
5471835,0,0.34751529,0
5474009,0,0.75405264,1
5478727,0,0.7130204,1
5486775,0,0.600688,1
5482430,1,0.8360715,1
5479298,0,0.82890403,1
5461619,0,0.50493354,1
5475607,0,0.33375525,0
5480058,0,0.48302022,0
5472233,0,0.5624312,1
5473613,0,0.8734018,1
5473140,0,0.91971403,1
5471700,0,0.76376504,1
5461871,1,0.92054427,1
5461875,0,0.9811577,1
5471830,0,0.798783,1
5484891,0,0.69752014,1
5494862,1,0.5917255,1
5495576,1,0.77651185,1
5495579,1,0.8943259,1
5477326,0,0.51484156,1
5464628,0,0.75646245,1
5476036,0,0.7969242,1
5474649,0,0.47217116,0
5482367,1,0.85789317,1
5476938,0,0.56379694,1
5506874,0,0.18407628,0
5493250,1,0.8653975,1
5463754,0,0.33564892,0
5499608,1,0.5206381,1
5461346,1,0.25552058,0
5462901,0,0.63538325,1
5462989,0,0.55503005,1
5466303,1,0.49023837,0
5479222,0,0.74364495,1
5496689,1,0.86524755,1
5486141,1,0.98632807,1
5484233,1,0.85217017,1
5505487,1,0.9356461,1
5480286,0,0.5312709,1
5497325,0,0.8255213,1
5466415,0,0.17250703,0
5468096,0,0.110871054,0
5468106,0,0.22148965,0
5468629,0,0.12871863,0
5468687,0,0.09309717,0
5468697,0,0.11526142,0
5468718,0,0.11143136,0
5469013,0,0.12165326,0
5469016,0,0.12736586,0
5469019,0,0.21179742,0
5469845,0,0.18288252,0
5469849,0,0.14719144,0
5469850,0,0.24692258,0
5469851,0,0.11611353,0
5469970,0,0.31371084,0
5470366,0,0.112473205,0
5470374,0,0.24612343,0
5471271,0,0.13777645,0
5471272,0,0.15706205,0
5471296,0,0.52392346,1
5472996,0,0.21868336,0
5473069,0,0.1660679,0
5473159,0,0.23232158,0
5473217,0,0.22765431,0
5475718,0,0.24096,0
5475733,0,0.20213349,0
5475792,0,0.35674363,0
5466421,0,0.33665913,0
5461181,0,0.096928224,0
5461183,0,0.25849718,0
5478452,0,0.35994816,0
5481275,0,0.10759868,0
5504676,0,0.71237105,1
5506873,0,0.4705859,0
5463688,1,0.8123,1
5485434,0,0.28079367,0
5485636,0,0.41543287,0
5491527,0,0.28207734,0
5501986,0,0.54663515,1
5505382,0,0.4198336,0
5505549,1,0.3735588,0
5507469,0,0.50754786,1
5471522,0,0.6594942,1
5500556,1,0.9782727,1
5479180,0,0.1595201,0
5479702,0,0.4445771,0
5479703,0,0.56026804,1
5479706,0,0.34048295,0
5479711,0,0.10602211,0
5479719,0,0.3664985,0
5479979,0,0.9581071,1
5480059,0,0.14913978,0
5480073,0,0.34015176,0
5480084,0,0.14068998,0
5480097,0,0.3055221,0
5480103,0,0.14069633,0
5480359,0,0.34305653,0
5480360,0,0.38670355,0
5480498,0,0.3078141,0
5481260,0,0.4760329,0
5481295,1,0.45305985,0
5481943,0,0.13763286,0
5482241,0,0.30840167,0
5482281,0,0.3975224,0
5482282,0,0.33769816,0
5482331,0,0.21795931,0
5482335,0,0.14467834,0
5482336,0,0.17889754,0
5482373,0,0.20896429,0
5482374,0,0.19819057,0
5483670,0,0.2286028,0
5483672,0,0.18564631,0
5483674,0,0.29958016,0
5483676,0,0.24923731,0
5483677,0,0.14727493,0
5483830,0,0.17560562,0
5483888,0,0.13383453,0
5484258,0,0.1613593,0
5484261,0,0.17342459,0
5484324,0,0.05778377,0
5484618,0,0.4264002,0
5484650,0,0.40438455,0
5484651,0,0.46298313,0
5484658,0,0.4249379,0
5484665,0,0.24187762,0
5484702,0,0.34756133,0
5484721,0,0.41579938,0
5484754,0,0.26303878,0
5484755,0,0.65664405,1
5485044,0,0.40428367,0
5485046,0,0.17172873,0
5485065,0,0.16524191,0
5485581,0,0.29422063,0
5485583,0,0.32690582,0
5487506,0,0.20985337,0
5487839,0,0.10809319,0
5494593,0,0.45743003,0
5494872,0,0.17644808,0
5504186,0,0.56424165,1
5477694,0,0.8296634,1
5475577,0,0.64409786,1
5463693,1,0.42827532,0
5465751,0,0.13162147,0
5467019,0,0.47126615,0
5467041,0,0.21148372,0
5467067,0,0.55722356,1
5485769,0,0.72974163,1
5473189,0,0.26356035,0
5467932,0,0.513257,1
5462270,0,0.40932706,0
5501750,0,0.77967244,1
5469096,1,0.6409836,1
5504371,0,0.90239674,1
5461359,0,0.20408334,0
5461362,0,0.17966022,0
5462532,0,0.20066969,0
5462534,0,0.1287482,0
5463098,0,0.25367042,0
5463099,0,0.1614541,0
5463101,0,0.23030254,0
5463103,0,0.20549564,0
5463492,0,0.09493621,0
5463493,0,0.20983498,0
5465497,0,0.13769789,0
5465499,0,0.1874068,0
5465517,0,0.24507464,0
5465518,0,0.13354918,0
5465519,0,0.0556526,0
5465873,0,0.17520154,0
5465874,0,0.044977367,0
5466083,0,0.0773209,0
5466084,0,0.12317932,0
5466085,0,0.11529003,0
5466140,0,0.15022638,0
5466678,0,0.29341754,0
5466679,1,0.09873596,0
5466680,0,0.32317123,0
5466681,0,0.11038782,0
5467311,0,0.120565005,0
5467763,0,0.3249026,0
5467827,0,0.0951373,0
5475512,0,0.19834788,0
5478512,0,0.07341471,0
5478513,0,0.083408885,0
5479008,0,0.12517053,0
5479010,0,0.092438556,0
5499360,0,0.16918142,0
5476814,1,0.9706962,1
5478932,0,0.59595215,1
5479357,0,0.45240727,0
5481780,0,0.5287248,1
5485966,0,0.5014624,1
5491329,1,0.9837803,1
5499836,1,0.63127995,1
5466428,1,0.8866527,1
5472100,1,0.7448761,1
5463872,0,0.20714797,0
5464413,0,0.34107044,0
5469323,0,0.7831896,1
5466417,0,0.69456446,1
5467648,0,0.568444,1
5474453,0,0.33422822,0
5500114,0,0.4114499,0
5478378,1,0.85656804,1
5481273,0,0.5182127,1
5479079,0,0.7549679,1
5486259,0,0.45762092,0
5487361,0,0.28853872,0
5487650,0,0.28114092,0
5489389,0,0.28665698,0
5489392,0,0.117416516,0
5489393,0,0.31347647,0
5489394,0,0.26284897,0
5501950,1,0.9238301,1
5506199,1,0.77514094,1
5494687,0,0.083517715,0
5502003,0,0.09301019,0
5504667,0,0.6397256,1
5497099,1,0.8489796,1
5461899,1,0.8974562,1
5473002,1,0.84051865,1
5495973,1,0.966943,1
5466932,0,0.45957753,0
5461392,0,0.5664331,1
5461482,0,0.33345848,0
5461490,0,0.5350748,1
5461956,0,0.30237547,0
5462066,1,0.31883392,0
5462068,1,0.28791144,0
5462074,0,0.59342533,1
5463794,0,0.47682345,0
5463796,0,0.49409276,0
5463798,0,0.47815865,0
5463802,0,0.39405578,0
5463820,0,0.5032633,1
5463821,0,0.4289403,0
5464434,1,0.6034315,1
5464439,1,0.62383425,1
5502558,0,0.25217304,0
5465336,0,0.3515117,0
5469478,0,0.15619333,0
5468669,0,0.2639792,0
5506239,0,0.6229147,1
5481254,0,0.8005356,1
5470893,0,0.4059248,0
5475590,1,0.39500248,0
5480957,0,0.1442019,0
5480959,0,0.047610626,0
5481165,0,0.045270115,0
5481641,0,0.15686199,0
5481899,0,0.17369494,0
5481900,0,0.1354162,0
5481903,0,0.08903409,0
5485260,0,0.18647367,0
5485546,0,0.15146832,0
5485575,0,0.1958386,0
5485580,0,0.12835236,0
5486134,0,0.113532096,0
5486135,0,0.28230825,0
5486136,0,0.11726571,0
5486139,0,0.20583242,0
5486140,0,0.14627516,0
5486399,0,0.2381176,0
5486402,0,0.056438223,0
5486791,0,0.12948668,0
5487237,0,0.10259781,0
5487242,0,0.11776581,0
5487244,1,0.12056818,0
5487246,0,0.14693992,0
5487543,0,0.047163785,0
5487548,0,0.039171033,0
5488070,0,0.18938792,0
5488077,0,0.02565895,0
5488080,0,0.047992047,0
5490036,1,0.2938048,0
5493781,0,0.12767634,0
5493246,0,0.64535844,1
5468146,1,0.63972616,1
5506183,0,0.2272703,0
5466424,1,0.7243469,1
5474681,1,0.94975376,1
5470557,0,0.2467543,0
5482617,0,0.4385951,0
5476340,0,0.5105575,1
5492255,0,0.26639694,0
5465537,0,0.75221103,1
5478381,0,0.2988172,0
5480873,0,0.39668328,0
5474707,1,0.9765671,1
5474245,0,0.29292104,0
5478702,0,0.3272374,0
5489944,0,0.8562911,1
5475564,0,0.6333476,1
5477317,0,0.67080516,1
5479954,0,0.2976923,0
5479955,0,0.80931824,1
5504546,1,0.20951314,0
5504175,1,0.88220584,1
5482050,0,0.9200077,1
5466927,0,0.22352122,0
5467098,0,0.1475502,0
5467318,0,0.2898889,0
5483173,0,0.3667798,0
5483223,0,0.80876213,1
5483741,0,0.17076698,0
5484168,0,0.30045515,0
5464520,0,0.5455793,1
5465180,0,0.1940133,0
5466341,0,0.5312754,1
5473348,0,0.15742308,0
5474077,0,0.23637083,0
5473034,0,0.2754583,0
5466789,0,0.56387997,1
5502891,0,0.97097135,1
5503209,0,0.7675503,1
5503210,0,0.66404915,1
5505944,0,0.75481665,1
5505946,0,0.6929764,1
5505947,1,0.45185712,0
5482152,1,0.27748764,0
5485744,0,0.330453,0
5462284,0,0.14389375,0
5475844,0,0.2898702,0
5477171,0,0.15791394,0
5477177,0,0.1154632,0
5477183,0,0.16982917,0
5477540,0,0.15249456,0
5461888,0,0.5624507,1
5461983,0,0.56032145,1
5462549,1,0.6305907,1
5476565,1,0.44325674,0
5479267,0,0.67098475,1
5485967,0,0.35489076,0
5489988,0,0.35121098,0
5491722,0,0.42072636,0
5496964,0,0.2640983,0
5497036,0,0.3902463,0
5505753,0,0.37105647,0
5472665,0,0.17772652,0
5466878,1,0.4450104,0
5495882,0,0.97792566,1
5482205,0,0.6259224,1
5477868,1,0.46100315,0
5462163,1,0.90593684,1
5480250,1,0.27509415,0
5501799,0,0.77967817,1
5462787,1,0.9790956,1
5463519,0,0.7210293,1
5464674,0,0.81367916,1
5496523,1,0.6118885,1
5509204,0,0.6995833,1
5487925,0,0.4339832,0
5493484,1,0.9570966,1
5477910,0,0.49370763,0
5477926,0,0.25864276,0
5478226,0,0.28159827,0
5478242,0,0.33502182,0
5478244,0,0.21240976,0
5478246,0,0.47004345,0
5478247,1,0.36943778,0
5478257,0,0.37579826,0
5478455,0,0.20387046,0
5478456,0,0.4929074,0
5478458,0,0.24267542,0
5478481,0,0.35725862,0
5478527,1,0.73601764,1
5478529,0,0.5285164,1
5478531,0,0.3210396,0
5478549,0,0.31148493,0
5478925,0,0.18326493,0
5479101,0,0.2965662,0
5479226,0,0.29232657,0
5479500,0,0.25557595,0
5479502,0,0.29438922,0
5479505,1,0.3500126,0
5479506,0,0.53558266,1
5479566,0,0.22681187,0
5479680,1,0.28746355,0
5479732,0,0.5679631,1
5480033,0,0.41151217,0
5480037,0,0.40788147,0
5480038,1,0.18894668,0
5480087,0,0.38112628,0
5480454,0,0.6670355,1
5480753,1,0.6712205,1
5480754,0,0.3735834,0
5480770,0,0.37825158,0
5480790,0,0.41579086,0
5481478,1,0.48237392,0
5481482,0,0.37581208,0
5481594,0,0.5454039,1
5481969,1,0.59478384,1
5483319,0,0.41855365,0
5483325,0,0.24549001,0
5483469,0,0.21434705,0
5484885,0,0.3892306,0
5485737,0,0.46289924,0
5486146,0,0.31707892,0
5486152,0,0.22873028,0
5486154,0,0.53870577,1
5490158,1,0.22900927,0
5490988,1,0.85924846,1
5462184,1,0.79187447,1
5462186,1,0.9692375,1
5464132,0,0.74507964,1
5464794,1,0.92819244,1
5465095,1,0.3853061,0
5466916,1,0.9307634,1
5469055,1,0.8486475,1
5479723,1,0.93528485,1
5472172,0,0.86748815,1
5473210,0,0.6074327,1
5473243,0,0.69164234,1
5469902,0,0.7788069,1
5497382,1,0.92229927,1
5478326,0,0.6911786,1
5467691,1,0.5261812,1
5466673,0,0.18831073,0
5499823,1,0.6933584,1
5492475,0,0.7632571,1
5480145,0,0.81655014,1
5480108,0,0.8614783,1
5491336,0,0.78657186,1
5497125,0,0.9531728,1
5506172,1,0.6545126,1
5507179,0,0.6384415,1
5500483,1,0.5317633,1
5479167,0,0.71355885,1
5487583,1,0.948891,1
5481556,1,0.55544806,1
5467870,1,0.43822196,0
5500865,1,0.9560025,1
5477077,0,0.22356983,0
5481918,1,0.8395365,1
5473761,0,0.40503857,0
5477437,1,0.9609262,1
5482173,0,0.952683,1
5463916,0,0.46360132,0
5498878,0,0.2721465,0
5487530,0,0.5184217,1
5487532,0,0.40219358,0
5476000,0,0.7889804,1
5462654,0,0.752789,1
5487370,0,0.6054997,1
5482740,0,0.12310881,0
5474208,0,0.6767377,1
5475903,0,0.7997928,1
5475754,0,0.22303574,0
5489598,0,0.8265449,1
5472628,0,0.3628312,0
5461815,1,0.34406948,0
5465648,0,0.38894916,0
5479443,0,0.230043,0
5481791,0,0.2296283,0
5472430,1,0.7780758,1
5475629,0,0.8169799,1
5462000,0,0.23878077,0
5465544,0,0.16373381,0
5465941,0,0.10504315,0
5465944,0,0.061178185,0
5475858,0,0.20019224,0
5479452,0,0.058722448,0
5479456,0,0.28850198,0
5481344,0,0.12111314,0
5505912,0,0.28200808,0
5505914,0,0.1361207,0
5463932,0,0.5878368,1
5461708,0,0.45463684,0
5483430,0,0.9355044,1
5481425,0,0.104490556,0
5481428,1,0.110262245,0
5491067,0,0.63496894,1
5493720,0,0.27251476,0
5462915,0,0.26940352,0
5462932,1,0.11260252,0
5470281,0,0.13537654,0
5470682,0,0.20739077,0
5470969,0,0.5922553,1
5483852,1,0.33382237,0
5472235,1,0.95825636,1
5472251,1,0.8368609,1
5472253,0,0.93963814,1
5472258,1,0.9735502,1
5461313,0,0.34201005,0
5461321,0,0.24564673,0
5461939,0,0.44124615,0
5462651,0,0.8330154,1
5462667,1,0.17641701,0
5466290,0,0.7667579,1
5466697,0,0.18445204,0
5472757,0,0.22537659,0
5473283,0,0.21226119,0
5473530,0,0.14385635,0
5473532,0,0.3682133,0
5474556,0,0.19544618,0
5474861,1,0.19879925,0
5475328,0,0.18684736,0
5475329,0,0.6943406,1
5475484,0,0.1546162,0
5475487,0,0.123235226,0
5475727,0,0.26438734,0
5475730,0,0.35416806,0
5476473,0,0.13568977,0
5477754,0,0.33432797,0
5477909,0,0.123105414,0
5478039,0,0.21441312,0
5478041,0,0.42890525,0
5478223,0,0.2923778,0
5479469,0,0.34295,0
5479473,0,0.34750396,0
5479787,0,0.36694232,0
5480112,0,0.29157203,0
5481146,0,0.44831556,0
5481692,0,0.43008012,0
5481712,0,0.32730064,0
5482017,0,0.39179483,0
5482441,0,0.3553518,0
5482967,0,0.15661144,0
5483178,0,0.19536252,0
5483207,0,0.24680422,0
5483210,0,0.2096622,0
5483339,0,0.27611524,0
5483340,1,0.20765187,0
5483487,0,0.24822271,0
5485414,0,0.31847757,0
5485738,0,0.33903098,0
5485740,0,0.16766104,0
5495686,0,0.18989424,0
5496453,0,0.14427803,0
5486143,1,0.944234,1
5462561,0,0.25476128,0
5462584,0,0.27927914,0
5462603,1,0.2604756,0
5462609,0,0.45538524,0
5492317,0,0.23883069,0
5466721,0,0.2724221,0
5466933,0,0.36171708,0
5471161,1,0.63369334,1
5471246,0,0.2887632,0
5471249,1,0.4245455,0
5471253,0,0.44540074,0
5471254,0,0.37089735,0
5471299,0,0.46999347,0
5471302,0,0.4221657,0
5471330,0,0.39519,0
5471465,0,0.32291293,0
5471603,1,0.44028664,0
5471604,0,0.36058185,0
5471606,0,0.39864072,0
5471655,0,0.421219,0
5471688,0,0.4584055,0
5471860,0,0.33726606,0
5473533,0,0.33409432,0
5473738,0,0.2052036,0
5473741,0,0.2023187,0
5473742,0,0.53146774,1
5473764,0,0.43915462,0
5474709,0,0.15630147,0
5474717,0,0.3807828,0
5474728,0,0.16237041,0
5474786,0,0.072325386,0
5474790,0,0.15652639,0
5475079,0,0.27164495,0
5503912,0,0.91183186,1
5503727,0,0.64756525,1
5504488,1,0.39382175,0
5504489,1,0.5845837,1
5504493,0,0.903437,1
5477114,1,0.8641219,1
5479243,0,0.35994434,0
5471287,0,0.120208435,0
5481027,0,0.2976454,0
5481382,0,0.36181128,0
5471387,0,0.3101525,0
5475069,0,0.26165086,0
5481130,1,0.4825302,0
5502523,0,0.62838596,1
5461575,0,0.2746599,0
5494667,0,0.4200143,0
5478241,1,0.96715575,1
5489811,1,0.5388668,1
5490715,0,0.7019109,1
5468075,0,0.6608603,1
5466915,0,0.2278439,0
5469594,0,0.27578735,0
5472870,0,0.5784198,1
5475010,0,0.44240758,0
5475900,0,0.3252332,0
5462336,0,0.31513065,0
5465754,0,0.31290188,0
5470723,1,0.8045456,1
5468875,0,0.7806646,1
5499287,1,0.9633534,1
5509128,0,0.9504428,1
5504843,0,0.4332981,0
5505484,1,0.82514733,1
5469777,0,0.47019404,0
5484785,0,0.80653673,1
5486905,0,0.6667731,1
5495853,0,0.70142955,1
5502994,0,0.6739396,1
5502995,0,0.4507056,0
5470278,0,0.322604,0
5470693,0,0.45478028,0
5485810,0,0.41307157,0
5485816,0,0.47850314,0
5477507,0,0.84406215,1
5500575,1,0.83407444,1
5503953,0,0.7609314,1
5504900,0,0.5703583,1
5484432,0,0.70439893,1
5468509,0,0.29847315,0
5466253,0,0.51336616,1
5477693,0,0.25529495,0
5480877,0,0.29277056,0
5471817,0,0.5194297,1
5472912,0,0.263509,0
5469967,0,0.72579485,1
5470473,1,0.8681463,1
5471556,0,0.40072137,0
5472050,0,0.27530983,0
5472322,0,0.31885985,0
5472543,0,0.28958076,0
5473316,0,0.2584664,0
5473579,0,0.488566,0
5474133,0,0.46194586,0
5474623,1,0.9334522,1
5492737,1,0.9490581,1
5472564,0,0.994238,1
5483260,0,0.55766976,1
5463550,0,0.87550706,1
5473476,1,0.71125644,1
5481160,0,0.23527975,0
5471337,0,0.4820808,0
5472333,1,0.75982875,1
5475994,0,0.7115034,1
5466960,1,0.93809795,1
5486009,0,0.19136807,0
5473858,0,0.070048496,0
5467721,0,0.1902886,0
5467950,0,0.175955,0
5468067,0,0.367317,0
5472208,0,0.25361738,0
5472210,0,0.26893297,0
5472970,0,0.24880569,0
5473454,1,0.19675532,0
5473540,0,0.5988466,1
5478454,0,0.4816531,0
5479047,0,0.3891239,0
5480592,1,0.6838355,1
5481951,0,0.6305707,1
5482432,0,0.29596734,0
5486425,1,0.35757807,0
5485075,0,0.46066812,0
5465216,1,0.28218496,0
5469428,0,0.21106382,0
5471228,0,0.17365289,0
5477345,0,0.54485494,1
5477744,0,0.44342798,0
5478183,0,0.19375817,0
5480000,1,0.33858126,0
5480901,0,0.24281023,0
5481220,0,0.26563165,0
5485972,0,0.46379226,0
5486659,0,0.7578689,1
5491019,0,0.4025749,0
5504059,0,0.71646273,1
5508524,0,0.50358135,1
5484703,1,0.8064382,1
5471496,0,0.13197412,0
5478471,0,0.1944672,0
5474891,0,0.75758165,1
5479100,0,0.20690796,0
5466567,0,0.41306758,0
5473086,0,0.34967622,0
5476244,0,0.3145211,0
5468387,0,0.30557305,0
5503697,0,0.57049054,1
5504048,0,0.85859376,1
5464608,1,0.2841275,0
5464613,0,0.52114546,1
5466479,0,0.6702724,1
5470846,0,0.6978657,1
5477533,0,0.43116942,0
5482523,0,0.48192877,0
5504915,0,0.59954685,1
5467177,1,0.8956556,1
5473692,0,0.60223573,1
5504076,0,0.5026092,1
5479232,0,0.40162408,0
5479763,0,0.2862338,0
5479894,0,0.3292612,0
5480867,0,0.6175469,1
5480954,0,0.38364658,0
5481682,0,0.6619401,1
5483945,0,0.33591652,0
5482386,0,0.30444312,0
5483743,0,0.161331,0
5483911,0,0.48147687,0
5485704,0,0.29571334,0
5485705,0,0.3407952,0
5486032,0,0.10597135,0
5463138,0,0.81236804,1
5471319,0,0.5345077,1
5482857,1,0.25096655,0
5485388,0,0.539297,1
5502708,0,0.39511085,0
5503394,0,0.73126036,1
5491264,0,0.9135258,1
5475602,0,0.94415474,1
5486692,1,0.4246053,0
5491957,1,0.9777239,1
5479678,0,0.46644768,0
5472165,0,0.47788113,0
5505858,0,0.93020487,1
5465870,0,0.80041856,1
5502047,0,0.31647113,0
5502058,0,0.8030718,1
5500469,0,0.76429397,1
5464918,0,0.33792642,0
5464926,0,0.27893052,0
5464987,0,0.1743813,0
5495544,0,0.68083364,1
5495548,0,0.7774849,1
5495937,0,0.44483426,0
5495939,0,0.5624084,1
5495940,0,0.49514407,0
5495941,0,0.39770693,0
5462799,0,0.20459397,0
5466386,0,0.26051793,0
5468278,0,0.4916179,0
5470142,0,0.3050202,0
5470186,0,0.28692678,0
5470925,0,0.22505799,0
5479901,0,0.27067682,0
5463022,0,0.4363721,0
5467747,0,0.44017884,0
5468114,0,0.59453213,1
5469502,0,0.23896755,0
5469671,1,0.80070025,1
5480019,0,0.672656,1
5476748,1,0.91879696,1
5480564,1,0.92182344,1
5480566,1,0.9590578,1
5463364,0,0.6109604,1
5463913,1,0.5076054,1
5481916,0,0.17086968,0
5484652,0,0.395363,0
5489378,0,0.43452233,0
5489379,0,0.383479,0
5489381,0,0.13078134,0
5489458,0,0.28264087,0
5489459,0,0.24086505,0
5489460,0,0.2666121,0
5489461,0,0.5012488,1
5462813,0,0.4238041,0
5469617,0,0.33554792,0
5472420,0,0.2579407,0
5476917,0,0.5283929,1
5476922,0,0.57047266,1
5476960,1,0.62395364,1
5477083,0,0.73040915,1
5477796,0,0.23958462,0
5484747,0,0.4021309,0
5484770,0,0.3144664,0
5484774,0,0.32089737,0
5484775,0,0.6970971,1
5485201,0,0.066490166,0
5485217,0,0.43634823,0
5508485,0,0.8551182,1
5485882,1,0.90214753,1
5470986,1,0.73030853,1
5495765,1,0.85647845,1
5501491,1,0.4949731,0
5485224,0,0.808961,1
5488257,0,0.79899776,1
5465112,0,0.7140439,1
5465547,0,0.19372512,0
5487049,0,0.43259004,0
5469643,0,0.706556,1
5475763,0,0.69343585,1
5466180,0,0.6253694,1
5483699,0,0.4059258,0
5461626,0,0.21070534,0
5471235,1,0.87910694,1
5461201,1,0.6239139,1
5469090,0,0.47219393,0
5482037,0,0.49536493,0
5492346,0,0.6294542,1
5480938,0,0.6891711,1
5475613,0,0.18786557,0
5462653,0,0.7189403,1
5480541,0,0.4965502,0
5492791,1,0.81496096,1
5480989,0,0.39587295,0
5482497,1,0.35257533,0
5472587,0,0.28762406,0
5472591,0,0.23534289,0
5472596,0,0.29451418,0
5472600,0,0.2657619,0
5472602,0,0.49338183,0
5472604,0,0.25895137,0
5472702,0,0.20590521,0
5472742,0,0.07187164,0
5472770,0,0.20080516,0
5475633,0,0.25173336,0
5475634,0,0.15632516,0
5475639,0,0.20109147,0
5475642,0,0.027701294,0
5475686,0,0.19796522,0
5462234,0,0.0460549,0
5462353,0,0.28985235,0
5463433,0,0.1472126,0
5463435,0,0.34591782,0
5463438,0,0.12791479,0
5471641,1,0.7732936,1
5482451,1,0.64941466,1
5501128,0,0.9431677,1
5505179,0,0.53187567,1
5483983,0,0.2639402,0
5465235,0,0.22400813,0
5468014,0,0.7018357,1
5485093,1,0.62089187,1
5501852,0,0.3311368,0
5490923,0,0.5724952,1
5480675,0,0.21894568,0
5496667,0,0.79862696,1
5501857,0,0.8874786,1
5503310,0,0.83160824,1
5504517,0,0.7715202,1
5479433,0,0.7443296,1
5481072,0,0.787784,1
5481763,0,0.45449576,0
5481829,0,0.27744973,0
5482117,0,0.37576953,0
5482273,0,0.3608935,0
5505523,0,0.61138594,1
5483785,0,0.7626645,1
5464462,0,0.5337073,1
5468924,0,0.34526855,0
5502643,0,0.88752943,1
5480990,0,0.41716585,0
5482568,0,0.82928103,1
5482569,0,0.7637677,1
5483507,0,0.7968213,1
5484051,0,0.3269883,0
5467258,0,0.6234558,1
5503303,0,0.95559865,1
5484392,0,0.94128144,1
5484393,1,0.83286726,1
5507859,0,0.4778236,0
5467791,0,0.12796594,0
5484052,0,0.34897518,0
5491971,0,0.41585413,0
5502046,0,0.95758134,1
5477645,0,0.5026368,1
5483346,0,0.52908444,1
5483397,0,0.1808226,0
5484016,0,0.47905862,0
5470083,1,0.54962814,1
5472076,0,0.74574286,1
5498420,0,0.635002,1
5502526,0,0.6375543,1
5505159,0,0.7960327,1
5507504,0,0.2740109,0
5489613,1,0.8359481,1
5471836,1,0.8899896,1
5482151,1,0.74449354,1
5474175,1,0.98760915,1
5487110,0,0.74742264,1
5495010,0,0.7870348,1
5495983,0,0.7340437,1
5470177,0,0.59303504,1
5476722,0,0.37612793,0
5464309,0,0.7471099,1
5468367,0,0.30068612,0
5466086,0,0.09991531,0
5466288,0,0.18827818,0
5474030,0,0.14044717,0
5475711,0,0.4283021,0
5476721,0,0.12508124,0
5476723,0,0.12470619,0
5481463,0,0.14530706,0
5479024,1,0.9824411,1
5473625,1,0.8605002,1
5476481,0,0.65448797,1
5494744,0,0.8423228,1
5481793,0,0.7039662,1
5481794,0,0.6665142,1
5481797,0,0.72930497,1
5481812,0,0.7232701,1
5481817,0,0.7583853,1
5482777,0,0.5406515,1
5482803,1,0.3269289,0
5482902,0,0.43640608,0
5482904,0,0.38815826,0
5480292,0,0.21900515,0
5484157,0,0.1884388,0
5463414,0,0.41475388,0
5505542,1,0.7238709,1
5477406,0,0.21734014,0
5463331,0,0.14042571,0
5463681,0,0.1491941,0
5463682,0,0.25043917,0
5463808,0,0.1424146,0
5464289,0,0.35307077,0
5464314,0,0.2688037,0
5465060,0,0.095469825,0
5465510,0,0.086070456,0
5465785,0,0.3547795,0
5470526,0,0.066878654,0
5470553,0,0.10070211,0
5471203,0,0.42155266,0
5473889,0,0.44840518,0
5479868,1,0.4009511,0
5482254,0,0.12537797,0
5484632,0,0.20845212,0
5484710,0,0.41757128,0
5484713,0,0.19799149,0
5485018,0,0.12322631,0
5485092,0,0.63119745,1
5485570,0,0.13992625,0
5485614,0,0.15326639,0
5485622,0,0.35839626,0
5485638,0,0.56458586,1
5490864,0,0.39583403,0
5494097,0,0.39114973,0
5498356,0,0.35001507,0
5500884,0,0.18016638,0
5500986,0,0.06688404,0
5502415,0,0.3077342,0
5469955,1,0.89655954,1
5469620,0,0.8833412,1
5486371,0,0.22972836,0
5501135,0,0.39099488,0
5470323,0,0.27115506,0
5470327,0,0.28494152,0
5470527,0,0.53717244,1
5474318,0,0.2778884,0
5485184,0,0.42439902,0
5495725,0,0.8309251,1
5479576,0,0.7684787,1
5485896,1,0.92809826,1
5471277,0,0.9372693,1
5479412,1,0.9438784,1
5476228,0,0.45031643,0
5484941,0,0.53532666,1
5472832,1,0.9300345,1
5473853,0,0.54389536,1
5474238,0,0.45195526,0
5469275,0,0.20418347,0
5482466,1,0.92000216,1
5478301,0,0.24524829,0
5471694,0,0.8538804,1
5471695,1,0.73262364,1
5471839,0,0.6903319,1
5473860,0,0.36736584,0
5474796,1,0.65960157,1
5474802,0,0.6209608,1
5477424,0,0.675679,1
5477431,0,0.6444479,1
5477784,0,0.75283766,1
5478120,0,0.5726551,1
5479635,1,0.829727,1
5480215,0,0.5516394,1
5481352,0,0.5505391,1
5482722,0,0.3656022,0
5483896,0,0.50229424,1
5483900,1,0.4368456,0
5484659,1,0.46635827,0
5484711,0,0.3214705,0
5486025,0,0.5718269,1
5484519,0,0.52746135,1
5491693,0,0.7248901,1
5469384,1,0.43671662,0
5474615,0,0.6623675,1
5475523,0,0.80053777,1
5478274,0,0.40997025,0
5478280,1,0.36399186,0
5478728,0,0.5796368,1
5479083,0,0.33547238,0
5479440,1,0.27276087,0
5479536,0,0.26197025,0
5480351,0,0.49919164,0
5475046,0,0.3017786,0
5477879,0,0.34238678,0
5478155,0,0.519453,1
5480532,0,0.3728595,0
5480705,0,0.3210591,0
5482744,0,0.14155948,0
5483657,0,0.20938519,0
5474229,1,0.7660395,1
5481375,0,0.58393955,1
5472640,0,0.44336236,0
5498364,1,0.9613255,1
5477883,0,0.64086443,1
5478434,0,0.23197317,0
5478451,0,0.21198252,0
5479689,0,0.42530903,0
5480064,0,0.33020657,0
5480468,0,0.3671304,0
5480482,0,0.19062628,0
5480494,1,0.47007492,0
5480522,0,0.48116994,0
5480523,0,0.71116513,1
5480740,0,0.31806105,0
5480747,0,0.19615388,0
5481622,0,0.7158034,1
5482394,0,0.4437399,0
5482929,0,0.32557848,0
5482931,0,0.186091,0
5483434,1,0.6160452,1
5483438,0,0.7638099,1
5483446,1,0.2763931,0
5483447,0,0.26126406,0
5484296,0,0.4060154,0
5484350,0,0.29384774,0
5484766,0,0.3169666,0
5485113,0,0.3553371,0
5488192,0,0.43054667,0
5491100,1,0.44248745,0
5504349,0,0.7907442,1
5490273,0,0.83330625,1
5481255,0,0.97763693,1
5483093,0,0.60291255,1
5461639,0,0.57974994,1
5486434,0,0.8848668,1
5462692,0,0.7961544,1
5486620,1,0.6588041,1
5507420,1,0.90283847,1
5498893,1,0.33331254,0
5486405,0,0.9462128,1
5481651,1,0.8264402,1
5481648,0,0.45669463,0
5463333,0,0.73981917,1
5469113,1,0.24763325,0
5473369,0,0.7104365,1
5473374,0,0.45454642,0
5479224,0,0.7693149,1
5481432,0,0.41458112,0
5472220,0,0.8159976,1
5490827,1,0.9143138,1
5462494,1,0.29553863,0
5464988,0,0.5658665,1
5465656,0,0.32848364,0
5467556,0,0.60978734,1
5468467,0,0.5337197,1
5476043,0,0.8651219,1
5461222,0,0.22677968,0
5461445,0,0.3008395,0
5461520,0,0.11513344,0
5461660,0,0.36978063,0
5462265,0,0.4172208,0
5462277,1,0.42971137,0
5462359,1,0.243538,0
5462365,0,0.49766776,0
5462876,0,0.34155014,0
5463444,0,0.31063583,0
5463763,0,0.2405552,0
5463842,0,0.21938986,0
5464192,0,0.26442364,0
5464194,0,0.27784935,0
5464198,0,0.4164804,0
5464469,1,0.2175218,0
5464470,0,0.15923859,0
5464653,0,0.25439146,0
5464655,0,0.44032586,0
5464656,0,0.516747,1
5464720,0,0.3795197,0
5464947,0,0.3715896,0
5464948,0,0.4805608,0
5466291,0,0.29912382,0
5466293,0,0.39785913,0
5466295,0,0.5014113,1
5466299,1,0.52255756,1
5466534,0,0.32544696,0
5466537,0,0.30226853,0
5467142,0,0.19627608,0
5467239,0,0.2090896,0
5467241,0,0.28147924,0
5469723,0,0.24638434,0
5469726,1,0.2722213,0
5469733,0,0.21592748,0
5472918,0,0.2528008,0
5472922,0,0.2536633,0
5473013,0,0.54377186,1
5473246,0,0.38851163,0
5481995,0,0.24185817,0
5466094,1,0.73540455,1
5473309,0,0.69992375,1
5480567,0,0.43504196,0
5480796,0,0.189115,0
5463467,0,0.34655803,0
5466023,0,0.61798066,1
5467951,1,0.7424049,1
5467952,0,0.7645316,1
5467954,0,0.2602565,0
5468012,0,0.86826587,1
5466123,1,0.8065828,1
5495735,0,0.774869,1
5467107,0,0.894706,1
5467416,0,0.6132324,1
5465685,0,0.5327567,1
5473571,0,0.88520426,1
5485775,0,0.3681172,0
5486186,0,0.17794582,0
5488129,0,0.7410024,1
5478072,0,0.534287,1
5461689,0,0.27442354,0
5461690,0,0.30015457,0
5461692,0,0.17135471,0
5461694,1,0.3472315,0
5461833,1,0.3389901,0
5462010,1,0.31984562,0
5462379,0,0.15546323,0
5462380,0,0.2262826,0
5462381,0,0.21100457,0
5463321,0,0.2712148,0
5463322,0,0.05635461,0
5463323,0,0.18192616,0
5463325,0,0.31157535,0
5463328,0,0.26922005,0
5463631,0,0.33229366,0
5464078,0,0.15353476,0
5464079,0,0.2968029,0
5464080,0,0.16360466,0
5464081,0,0.3145829,0
5464082,0,0.34697178,0
5464498,0,0.26129296,0
5464499,0,0.29762536,0
5464500,0,0.3570661,0
5464501,0,0.2260547,0
5464502,0,0.38366592,0
5465467,1,0.21962273,0
5465468,1,0.094594374,0
5465469,0,0.053411394,0
5465471,0,0.25677663,0
5465877,1,0.07894789,0
5465882,0,0.14906994,0
5465926,0,0.23638605,0
5466049,0,0.17627603,0
5466466,0,0.31468928,0
5466467,0,0.3204268,0
5466468,0,0.18164602,0
5466469,0,0.21405528,0
5466470,0,0.3656285,0
5466578,0,0.32985187,0
5466579,0,0.18882038,0
5466586,0,0.22668315,0
5466589,0,0.29195687,0
5466906,0,0.22213998,0
5466907,0,0.20631804,0
5466908,0,0.20787476,0
5466909,1,0.36572152,0
5467108,0,0.15895455,0
5467109,0,0.2619642,0
5467712,0,0.4287852,0
5467713,0,0.20344909,0
5467714,0,0.26028812,0
5468129,0,0.21166703,0
5468440,0,0.28400812,0
5469114,1,0.2539713,0
5469115,0,0.35207766,0
5469116,0,0.69912785,1
5469236,0,0.2694731,0
5469237,0,0.28092393,0
5469579,0,0.35219857,0
5469580,0,0.1769436,0
5469937,0,0.1627499,0
5469939,0,0.32922834,0
5469941,0,0.114871904,0
5469994,0,0.30949432,0
5469995,0,0.44359937,0
5470729,0,0.15336907,0
5470730,1,0.42868337,0
5470731,0,0.330632,0
5470733,1,0.39007607,0
5471000,0,0.18577644,0
5471002,1,0.3467051,0
5471004,1,0.14145738,0
5471005,1,0.30864567,0
5471397,0,0.48721033,0
5471399,0,0.28725767,0
5471400,0,0.27134317,0
5471516,1,0.49211955,0
5471517,1,0.29759338,0
5471622,0,0.3965663,0
5472055,1,0.4096544,0
5476693,1,0.5830621,1
5490426,0,0.3428954,0
5491293,0,0.18058687,0
5492892,0,0.29578102,0
5501329,0,0.6371657,1
5465552,0,0.94470745,1
5477743,1,0.7528997,1
5477747,1,0.79204375,1
5463967,0,0.1997754,0
5478214,0,0.7952475,1
5464046,0,0.4296807,0
5482395,0,0.7741955,1
5477896,0,0.24683057,0
5463894,0,0.57575905,1
5476780,0,0.65804625,1
5476785,0,0.22438543,0
5476787,0,0.32556996,0
5476788,0,0.33681607,0
5476789,0,0.42983657,0
5477277,0,0.30615857,0
5478515,0,0.19746844,0
5508270,1,0.855536,1
5466251,0,0.38532338,0
5471639,0,0.4684253,0
5476548,0,0.24380977,0
5473878,0,0.4529916,0
5473879,0,0.54158115,1
5473881,0,0.36697575,0
5475560,1,0.61869717,1
5478590,1,0.48438597,0
5484182,0,0.57351786,1
5461486,0,0.8596682,1
5472903,0,0.49390912,0
5480797,0,0.94231087,1
5472342,0,0.7098192,1
5505463,0,0.9244126,1
5468190,0,0.37633175,0
5468434,0,0.25236169,0
5472004,1,0.959831,1
5475125,0,0.26743448,0
5464154,0,0.94043195,1
5466162,0,0.4708857,0
5469253,0,0.24283268,0
5470037,0,0.611649,1
5470362,0,0.24830668,0
5473208,0,0.27084142,0
5476784,0,0.24293411,0
5479686,1,0.9484897,1
5477589,0,0.3550962,0
5479792,0,0.20086585,0
5482925,0,0.7185895,1
5473325,0,0.87156063,1
5482985,0,0.5582793,1
5484327,0,0.5281259,1
5506276,0,0.24683417,0
5467066,1,0.8965823,1
5498080,1,0.95000124,1
5462062,0,0.6503336,1
5462075,0,0.5877906,1
5462079,0,0.4342505,0
5462419,1,0.7983332,1
5462422,0,0.7525301,1
5462428,0,0.77746546,1
5462441,0,0.51303005,1
5462656,1,0.9435128,1
5462693,1,0.86996955,1
5465794,1,0.89588976,1
5465833,0,0.75862813,1
5472147,0,0.8359119,1
5474736,0,0.725172,1
5476887,0,0.66400903,1
5496173,0,0.5057411,1
5503242,1,0.37140432,0
5495730,0,0.9480217,1
5492167,0,0.07360341,0
5477708,1,0.92161757,1
5469510,1,0.55495495,1
5481836,0,0.65967035,1
5483767,0,0.6075799,1
5463712,0,0.22457473,0
5473921,0,0.33664697,0
5484816,1,0.89836603,1
5500110,1,0.9326705,1
5466891,1,0.39209884,0
5500725,1,0.92099476,1
5474266,0,0.7900431,1
5466570,0,0.2789353,0
5466990,0,0.3835981,0
5477029,0,0.297621,0
5482618,1,0.6420732,1
5482619,0,0.29217666,0
5479995,1,0.9436409,1
5472554,0,0.7648742,1
5464995,0,0.19594264,0
5484840,1,0.32242727,0
5504095,0,0.38079458,0
5463079,0,0.9532649,1
5474384,0,0.9134013,1
5468005,0,0.91566795,1
5472517,1,0.80519426,1
5481600,0,0.8864759,1
5482343,0,0.38278827,0
5483821,0,0.24074866,0
5484453,0,0.3910374,0
5466668,1,0.9408964,1
5508697,1,0.9848718,1
5463979,1,0.7896529,1
5464647,0,0.8066763,1
5485736,0,0.56752324,1
5472365,1,0.8899333,1
5484738,1,0.7210991,1
5466871,0,0.305844,0
5468201,0,0.2666597,0
5468858,0,0.2898954,0
5496716,0,0.96788144,1
5505182,1,0.9074457,1
5468976,0,0.41231573,0
5469454,0,0.13078299,0
5483961,0,0.27809274,0
5486198,0,0.17294726,0
5464030,0,0.3307278,0
5465236,0,0.19114506,0
5467733,0,0.12646745,0
5490371,0,0.337735,0
5463095,0,0.55364144,1
5473057,0,0.18826,0
5473151,0,0.9924624,1
5470800,1,0.6337671,1
5471564,0,0.83914226,1
5495031,1,0.8367208,1
5476771,0,0.9066519,1
5507783,0,0.7235396,1
5497247,0,0.9034058,1
5478199,0,0.88368195,1
5485193,1,0.8618449,1
5498608,0,0.86241686,1
5466518,0,0.38869345,0
5469660,0,0.17412695,0
5476603,0,0.39764297,0
5477636,0,0.24721467,0
5486062,1,0.28075328,0
5466959,0,0.910683,1
5478327,0,0.43332976,0
5478723,0,0.3786196,0
5480678,1,0.28000602,0
5487447,1,0.9516948,1
5476004,1,0.31180316,0
5469540,0,0.07922766,0
5500423,1,0.51090944,1
5482075,1,0.46786824,0
5484565,0,0.5510692,1
5466620,1,0.83091056,1
5471251,1,0.23195367,0
5476659,0,0.7181472,1
5470634,1,0.45363247,0
5467046,0,0.78516585,1
5475862,1,0.9679097,1
5466631,0,0.51585835,1
5472188,1,0.8775618,1
5502445,1,0.93639576,1
5481476,0,0.6419533,1
5482227,0,0.4874514,0
5482860,0,0.22442167,0
5483986,0,0.3901819,0
5484691,0,0.20029242,0
5485121,0,0.441655,0
5485915,0,0.3143749,0
5485945,0,0.2026038,0
5485955,0,0.22479513,0
5486400,0,0.36767608,0
5488321,0,0.57374215,1
5488354,0,0.33029386,0
5489748,0,0.17161402,0
5490874,0,0.13827309,0
5491316,0,0.32780838,0
5494781,0,0.35834074,0
5495266,0,0.17154156,0
5495267,0,0.119970195,0
5497468,0,0.20641756,0
5498096,0,0.11342268,0
5498098,0,0.57150614,1
5498387,0,0.17960697,0
5500277,0,0.2412086,0
5500281,0,0.13773614,0
5500339,0,0.059644938,0
5500527,0,0.16186418,0
5500529,0,0.30853942,0
5501018,0,0.7568404,1
5501023,0,0.28356534,0
5502070,0,0.20741485,0
5502071,0,0.0773728,0
5503275,0,0.23087052,0
5503278,0,0.13300194,0
5504569,0,0.14955235,0
5504572,0,0.47682115,0
5504580,0,0.37712756,0
5504689,0,0.32647657,0
5505236,0,0.07480819,0
5505606,0,0.33979645,0
5506128,0,0.1944689,0
5506707,0,0.38960442,0
5507133,0,0.7119782,1
5507570,0,0.119761154,0
5507738,1,0.21707152,0
5508379,0,0.44304872,0
5508883,0,0.46024936,0
5509405,0,0.2950877,0
5475917,0,0.84555554,1
5496646,0,0.24243371,0
5475268,1,0.6503563,1
5482258,0,0.6463381,1
5470105,0,0.78193295,1
5507476,0,0.9511049,1
5507836,1,0.88972145,1
5469532,0,0.8769929,1
5469654,1,0.53635377,1
5468547,1,0.83346343,1
5503173,0,0.57960767,1
5487473,0,0.8789921,1
5467975,1,0.38509926,0
5478863,0,0.6968795,1
5479122,0,0.14517725,0
5479991,0,0.23882817,0
5479998,0,0.30905938,0
5480742,0,0.24520388,0
5480751,0,0.23873578,0
5480776,0,0.15415716,0
5480778,0,0.36320457,0
5481215,0,0.36361143,0
5481508,0,0.6045309,1
5481518,0,0.6632606,1
5481555,0,0.16158038,0
5481558,0,0.3250943,0
5482660,0,0.5211716,1
5483119,0,0.8359181,1
5483269,0,0.2812746,0
5483416,0,0.059368543,0
5483834,0,0.43332067,0
5484154,0,0.48802745,0
5484594,0,0.19717097,0
5466521,0,0.6423209,1
5492746,0,0.5724545,1
5468711,1,0.95464456,1
5477131,0,0.44641122,0
5486727,1,0.9078626,1
5485987,0,0.6709922,1
5488008,0,0.25539982,0
5489500,0,0.33559635,0
5489505,0,0.06778829,0
5490000,1,0.3071978,0
5490004,0,0.23976494,0
5490707,0,0.07378903,0
5490716,0,0.26555297,0
5490732,0,0.045306966,0
5491069,0,0.31113684,0
5491074,0,0.1325685,0
5491075,0,0.29152885,0
5491076,0,0.19121921,0
5491080,0,0.45723456,0
5507327,1,0.6698173,1
5490121,0,0.82987,1
5480078,0,0.7074958,1
5483864,0,0.79253674,1
5506879,0,0.308808,0
5507473,0,0.24780004,0
5463530,0,0.7992642,1
5492972,1,0.91269517,1
5492976,1,0.90254366,1
5502491,0,0.60206646,1
5475543,1,0.6182855,1
5508880,0,0.6216761,1
5461995,0,0.2969089,0
5482856,0,0.7145618,1
5482942,0,0.11049941,0
5482944,0,0.23968728,0
5483209,0,0.35143977,0
5468589,1,0.9272817,1
5463194,0,0.62724894,1
5504663,0,0.9441476,1
5473508,0,0.23125835,0
5473984,0,0.25158778,0
5474001,0,0.3274884,0
5474080,0,0.4447612,0
5474454,0,0.27852234,0
5474455,1,0.3597541,0
5474459,0,0.40778968,0
5474465,0,0.4306105,0
5475097,0,0.19076231,0
5475101,0,0.56168085,1
5475102,1,0.6988479,1
5475106,0,0.3432299,0
5475124,0,0.58419913,1
5475145,0,0.3857278,0
5475149,0,0.19145669,0
5475150,0,0.3008618,0
5475184,0,0.4208023,0
5475336,0,0.21408091,0
5475622,0,0.4555391,0
5475714,0,0.1933951,0
5476137,0,0.38189223,0
5476164,0,0.23495114,0
5476168,0,0.2675633,0
5478853,0,0.43479863,0
5479203,0,0.19677901,0
5479246,0,0.22264013,0
5479257,0,0.1473116,0
5480099,0,0.41548502,0
5482452,0,0.23105426,0
5485402,0,0.25394532,0
5485406,0,0.28665438,0
5468920,1,0.6874302,1
5462013,0,0.37044165,0
5465964,0,0.74085194,1
5484913,0,0.8611349,1
5463924,0,0.7678175,1
5466289,1,0.7412289,1
5470621,0,0.4010076,0
5471643,0,0.8280909,1
5471792,0,0.2972582,0
5474440,0,0.6659022,1
5478661,0,0.3060065,0
5481898,0,0.49685797,0
5482169,0,0.75477695,1
5482333,0,0.68934673,1
5488216,0,0.5660706,1
5492647,0,0.11964484,0
5493339,0,0.20686583,0
5493610,0,0.18821137,0
5494028,0,0.17415404,0
5494032,0,0.19405782,0
5494710,0,0.33749655,0
5494716,0,0.17142902,0
5494834,0,0.20643356,0
5497973,0,0.437282,0
5503046,0,0.06796738,0
5461589,0,0.9171462,1
5464287,0,0.47806644,0
5469222,0,0.7878659,1
5473329,0,0.28675464,0
5476968,1,0.40199238,0
5477117,0,0.40585637,0
5481469,1,0.7675162,1
5505256,0,0.8037814,1
5507112,0,0.67734295,1
5507690,0,0.5849991,1
5472297,0,0.56392664,1
5461189,1,0.6980149,1
5485078,0,0.48451635,0
5492401,0,0.317843,0
5503788,0,0.5468212,1
5474653,0,0.6872457,1
5474826,0,0.79286546,1
5475025,0,0.27080846,0
5475028,1,0.19291325,0
5475031,0,0.3951174,0
5463021,0,0.66175115,1
5502270,0,0.9108774,1
5466563,0,0.32200283,0
5470691,0,0.47696194,0
5471515,0,0.23314227,0
5501785,0,0.88928,1
5495908,1,0.8955704,1
5463035,0,0.09322925,0
5463464,0,0.20073727,0
5464099,0,0.292215,0
5464100,0,0.40842983,0
5464137,0,0.28461066,0
5464706,0,0.32319874,0
5476339,0,0.028042933,0
5478973,0,0.05410238,0
5478976,0,0.11478799,0
5479256,0,0.25282827,0
5479448,0,0.4096925,0
5479785,0,0.022823673,0
5480163,0,0.26674485,0
5480277,1,0.04980455,0
5490757,0,0.11576013,0
5495596,0,0.22970478,0
5501322,1,0.8993573,1
5463692,0,0.30890134,0
5464187,0,0.1828431,0
5466344,0,0.7218716,1
5466696,0,0.77906275,1
5466701,0,0.52673143,1
5469785,0,0.42841,0
5473357,0,0.5232687,1
5476551,1,0.23327945,0
5476937,1,0.49801555,0
5475434,0,0.8394292,1
5462899,0,0.25054115,0
5467537,0,0.39275888,0
5468636,1,0.66932845,1
5462957,0,0.20651543,0
5467284,0,0.38602403,0
5468828,0,0.24231842,0
5469044,0,0.29748362,0
5469270,0,0.25309122,0
5471030,0,0.35997364,0
5471038,0,0.39512306,0
5471345,0,0.3461536,0
5475745,0,0.55467784,1
5477601,0,0.21418634,0
5480274,0,0.11457488,0
5465148,0,0.07416368,0
5465516,0,0.09840242,0
5468539,0,0.09572056,0
5477452,0,0.25545514,0
5478621,0,0.045280408,0
5478789,0,0.087342456,0
5479880,0,0.12586492,0
5482709,0,0.18386759,0
5471627,0,0.30098322,0
5471652,0,0.30920905,0
5479879,0,0.2258178,0
5483349,0,0.2081034,0
5484294,0,0.24230173,0
5469227,0,0.97087765,1
5483064,0,0.78912294,1
5482978,0,0.9499929,1
5487078,0,0.7437605,1
5463041,0,0.9771213,1
5464417,1,0.94157135,1
5461430,0,0.45095685,0
5463941,0,0.26344058,0
5464102,0,0.1531106,0
5464105,0,0.3290451,0
5464159,0,0.3550771,0
5464332,0,0.39719498,0
5467445,1,0.22337674,0
5478855,0,0.88902867,1
5464563,0,0.816694,1
5501862,0,0.3972254,0
5484331,0,0.54109514,1
5495922,0,0.8812551,1
5496334,0,0.6448207,1
5496426,1,0.6400802,1
5497977,0,0.65908843,1
5497978,0,0.4754761,0
5462482,0,0.51981884,1
5467640,0,0.23806643,0
5464587,0,0.62394714,1
5469001,0,0.3811112,0
5471849,0,0.15546453,0
5497531,0,0.6423308,1
5497534,0,0.71111786,1
5500348,1,0.38293323,0
5503285,0,0.7237536,1
5496571,0,0.4048706,0
5474829,0,0.4235987,0
5474840,0,0.48683244,0
5485519,0,0.7832431,1
5485901,0,0.15776798,0
5492311,0,0.2636173,0
5492312,0,0.2634971,0
5466452,0,0.64489377,1
5476846,0,0.20278662,0
5485437,0,0.9677031,1
5466213,0,0.20286062,0
5466533,0,0.65409607,1
5471901,0,0.20466337,0
5484391,0,0.28307644,0
5486756,0,0.16851884,0
5470718,0,0.47885835,0
5484443,0,0.24396399,0
5485447,0,0.21548842,0
5463718,0,0.5955766,1
5467895,0,0.7735801,1
5490167,0,0.9161948,1
5494646,0,0.42637494,0
5494869,0,0.20139177,0
5494873,1,0.5767646,1
5503034,0,0.42541704,0
5487032,0,0.8139329,1
5467168,0,0.89013696,1
5474064,1,0.97040737,1
5468132,1,0.57131416,1
5483768,1,0.9180007,1
5461406,0,0.9564053,1
5477880,0,0.4243753,0
5474303,0,0.84234524,1
5495086,0,0.2701133,0
5495087,0,0.25046313,0
5492329,1,0.97261894,1
5502473,0,0.86032754,1
5507117,0,0.8030847,1
5507642,0,0.6315199,1
5477978,0,0.25258437,0
5466604,1,0.95935065,1
5466624,1,0.9132713,1
5505670,1,0.67151564,1
5473196,0,0.23366271,0
5463547,0,0.9356888,1
5475747,0,0.39497787,0
5482353,0,0.8806781,1
5482219,0,0.89273554,1
5469903,0,0.29176304,0
5469977,0,0.63905716,1
5470231,1,0.6522941,1
5470741,0,0.4371298,0
5470742,0,0.6537985,1
5470758,0,0.37817886,0
5471064,0,0.7579738,1
5471081,1,0.49050462,0
5471376,0,0.29709843,0
5471379,0,0.45441478,0
5471408,0,0.5391877,1
5471490,1,0.4172266,0
5471909,1,0.62846863,1
5471977,0,0.64238614,1
5471985,0,0.52682614,1
5472501,0,0.4908788,0
5473161,0,0.50133896,1
5473162,0,0.39410803,0
5473163,0,0.48372075,0
5473165,0,0.56290007,1
5473192,0,0.5933317,1
5473193,0,0.6520727,1
5473421,1,0.59788966,1
5473985,1,0.45927167,0
5474018,0,0.3690846,0
5474507,0,0.46464232,0
5474508,0,0.33787104,0
5474561,0,0.55956984,1
5474562,0,0.5124004,1
5474577,0,0.6422619,1
5475065,0,0.5334142,1
5475066,1,0.36533743,0
5476253,0,0.5851429,1
5476260,0,0.4500657,0
5476286,0,0.6620929,1
5476287,0,0.63379705,1
5476297,0,0.64955294,1
5476716,0,0.46540374,0
5476717,0,0.42992637,0
5476718,0,0.6499711,1
5476730,0,0.50281084,1
5476732,0,0.64380795,1
5477195,0,0.73156595,1
5477200,0,0.6394484,1
5477226,0,0.41834137,0
5477227,1,0.47343868,0
5478580,0,0.36400837,0
5478581,0,0.40822992,0
5478584,1,0.4185133,0
5479023,0,0.4284481,0
5479029,1,0.49271622,0
5479034,0,0.551636,1
5479306,0,0.4857707,0
5479307,0,0.4748478,0
5479313,0,0.31463498,0
5479316,0,0.51373345,1
5479331,0,0.5302337,1
5479819,0,0.56299883,1
5479823,0,0.59287715,1
5479826,0,0.4323552,0
5479834,1,0.63734853,1
5480198,0,0.64944756,1
5480207,0,0.5437967,1
5480500,0,0.56255776,1
5480501,0,0.68275094,1
5480502,0,0.49425462,0
5480503,0,0.5523143,1
5480504,0,0.39557508,0
5480950,0,0.5731091,1
5481281,0,0.42940074,0
5481285,0,0.37653404,0
5481316,0,0.5359696,1
5481326,0,0.57578105,1
5481397,0,0.3889649,0
5481399,0,0.40033323,0
5481630,0,0.41162682,0
5481635,0,0.44388866,0
5481970,0,0.4503962,0
5481976,1,0.54991245,1
5481977,0,0.43989733,0
5481984,0,0.5438412,1
5482111,0,0.4392292,0
5482536,0,0.4679359,0
5482537,0,0.38982788,0
5482799,0,0.42231718,0
5482802,0,0.53612393,1
5482805,0,0.5356595,1
5482826,0,0.6245367,1
5482840,0,0.49326473,0
5482843,0,0.45614576,0
5483456,1,0.5719072,1
5483457,0,0.38719803,0
5483458,0,0.4365555,0
5483499,0,0.51267457,1
5483500,0,0.6696591,1
5484056,0,0.3599103,0
5484096,0,0.3899435,0
5484554,0,0.5991384,1
5484555,0,0.3525942,0
5484556,1,0.8122503,1
5484557,0,0.7154415,1
5484558,0,0.37968817,0
5484786,1,0.46028897,0
5484889,1,0.42428404,0
5484890,0,0.6141717,1
5484944,1,0.98248476,1
5484945,0,0.4891976,0
5484948,0,0.4418598,0
5485298,0,0.51476485,1
5485299,0,0.62303895,1
5485300,0,0.6859396,1
5485301,0,0.6037533,1
5476765,0,0.4893331,0
5477244,1,0.22197823,0
5477385,0,0.41739368,0
5462467,0,0.3337316,0
5462550,0,0.24346398,0
5462990,0,0.29587573,0
5462997,0,0.12615718,0
5463213,0,0.108364455,0
5463446,0,0.14159796,0
5463546,0,0.35601488,0
5463618,0,0.30934027,0
5463628,0,0.35664758,0
5464069,0,0.11548068,0
5464895,0,0.11379862,0
5465026,0,0.14055169,0
5467676,0,0.15038551,0
5467777,0,0.17663024,0
5467778,0,0.12198524,0
5468015,0,0.2159116,0
5468068,0,0.2012322,0
5468488,0,0.1703493,0
5468702,0,0.09024607,0
5468704,0,0.12661935,0
5468705,0,0.12618674,0
5468816,0,0.24808931,0
5469927,0,0.39639163,0
5470027,0,0.10948096,0
5470277,0,0.0946234,0
5470294,0,0.10610187,0
5470302,0,0.13140921,0
5471100,0,0.06513231,0
5471430,0,0.10108241,0
5472545,0,0.21889775,0
5478541,0,0.38749164,0
5475308,0,0.67884606,1
5462622,0,0.793232,1
5463555,0,0.66670793,1
5463660,0,0.22592676,0
5466426,0,0.6053468,1
5475500,0,0.640091,1
5465403,0,0.17366262,0
5465409,0,0.12806697,0
5465434,1,0.10953834,0
5466527,0,0.10370711,0
5466530,0,0.20963718,0
5467315,0,0.14209263,0
5470031,0,0.20235746,0
5474022,0,0.14577802,0
5474601,0,0.152156,0
5474789,0,0.24286793,0
5478534,0,0.22373253,0
5478598,0,0.2129875,0
5478604,0,0.5366225,1
5478626,0,0.5892171,1
5478928,0,0.19419959,0
5478944,0,0.14405103,0
5479248,0,0.47393668,0
5489871,0,0.061432768,0
5490420,0,0.103826314,0
5492811,0,0.41550756,0
5493281,0,0.100709274,0
5493526,0,0.25240788,0
5493613,0,0.16361816,0
5493615,0,0.35485238,0
5495405,0,0.17385077,0
5495506,0,0.30378622,0
5496099,0,0.0665186,0
5496768,0,0.23760396,0
5497257,0,0.089742236,0
5501177,0,0.1483221,0
5501783,0,0.11326195,0
5502157,0,0.10521301,0
5504832,0,0.10435045,0
5506310,1,0.36932087,0
5508718,0,0.09223346,0
5463040,0,0.38963208,0
5463848,0,0.18352185,0
5463851,0,0.27613056,0
5463852,0,0.1457454,0
5463854,1,0.59095895,1
5464233,0,0.37694705,0
5467407,0,0.27201664,0
5467520,0,0.17414513,0
5467521,0,0.14249153,0
5469332,0,0.22641703,0
5469333,0,0.19649804,0
5469334,0,0.5233112,1
5469528,0,0.4777969,0
5469529,0,0.46919096,0
5489410,0,0.28445378,0
5498338,0,0.38651317,0
5498674,0,0.6585474,1
5465929,0,0.65087366,1
5466454,0,0.40347156,0
5466456,0,0.47755864,0
5466848,0,0.4628323,0
5466853,0,0.36824474,0
5466556,0,0.7321627,1
5466585,0,0.45128062,0
5466717,1,0.18770115,0
5471590,0,0.75212455,1
5476847,1,0.90620565,1
5466345,0,0.47895312,0
5484881,0,0.6187401,1
5499718,0,0.32239205,0
5466284,1,0.92615724,1
5470217,0,0.10577337,0
5461737,0,0.4376382,0
5461772,0,0.2890416,0
5461775,0,0.24140526,0
5461779,0,0.3491665,0
5461817,0,0.30682403,0
5461822,0,0.15724722,0
5461862,0,0.40625656,0
5461897,1,0.37599024,0
5461898,0,0.40881765,0
5461909,0,0.25686306,0
5461918,0,0.6730893,1
5461928,0,0.7268058,1
5462334,0,0.19525991,0
5462335,0,0.16086432,0
5462438,0,0.31833142,0
5462439,0,0.1328116,0
5462450,0,0.45043656,0
5462457,0,0.38607648,0
5462464,0,0.5803946,1
5462514,0,0.15270199,0
5462560,0,0.25868964,0
5462633,0,0.13762657,0
5462931,0,0.25933036,0
5462941,0,0.29770944,0
5462975,0,0.28634587,0
5462987,1,0.59678966,1
5463000,0,0.23237008,0
5463050,0,0.17299457,0
5463053,0,0.090776645,0
5463451,0,0.15048562,0
5463458,0,0.12323696,0
5463463,0,0.17195295,0
5463489,0,0.07738789,0
5463605,0,0.13943972,0
5464018,0,0.11348282,0
5464021,0,0.16751815,0
5464022,0,0.16496755,0
5464051,0,0.1405956,0
5464065,0,0.17129575,0
5464093,0,0.14794482,0
5464457,0,0.15631938,0
5464525,0,0.10502058,0
5464534,0,0.46944013,0
5464875,0,0.21213552,0
5464884,0,0.39678988,0
5465017,0,0.15838626,0
5465022,0,0.10231736,0
5465025,0,0.18696646,0
5465030,0,0.39377165,0
5465031,0,0.53649884,1
5465042,0,0.31808838,0
5465056,0,0.77327454,1
5465067,0,0.106727205,0
5465070,0,0.3624646,0
5465326,0,0.2011571,0
5465329,0,0.21415788,0
5465331,0,0.2432335,0
5465371,0,0.38907802,0
5465412,0,0.14656238,0
5465416,0,0.19345886,0
5465418,0,0.11321751,0
5465495,0,0.15581112,0
5465501,0,0.24142987,0
5465505,0,0.46708265,0
5465675,0,0.30956885,0
5465677,0,0.303301,0
5465681,0,0.11622913,0
5465744,0,0.16613568,0
5465756,0,0.1271267,0
5466076,0,0.47379133,0
5466078,0,0.20631826,0
5466093,0,0.15376572,0
5466095,0,0.19375299,0
5466131,0,0.123556666,0
5466156,0,0.1461975,0
5466159,0,0.18727976,0
5466188,0,0.23416059,0
5466190,0,0.32382905,0
5466199,0,0.16843896,0
5466568,0,0.22891961,0
5466571,0,0.20708285,0
5466609,0,0.26924723,0
5466611,0,0.097959556,0
5466613,0,0.10234994,0
5466615,0,0.07941916,0
5466641,0,0.21234354,0
5466645,0,0.26146728,0
5466649,0,0.069101855,0
5466655,0,0.2471213,0
5466676,1,0.46291548,0
5472662,0,0.28062803,0
5485341,0,0.4234511,0
5485476,0,0.2131088,0
5485494,0,0.2711159,0
5508626,0,0.26249883,0
5492251,0,0.6432939,1
5478173,0,0.73984313,1
5480599,0,0.11714153,0
5480601,0,0.2996263,0
5484813,0,0.19271389,0
5485857,0,0.20785251,0
5469392,0,0.6917729,1
5469393,1,0.38719693,0
5469394,0,0.43734607,0
5471720,0,0.60436755,1
5472357,1,0.6297145,1
5472359,1,0.8010509,1
5466841,0,0.26723745,0
5462233,1,0.09970474,0
5471582,1,0.9730523,1
5482851,0,0.2926563,0
5469732,1,0.5514481,1
5466940,0,0.39298752,0
5476504,0,0.576383,1
5492319,0,0.5443749,1
5494147,0,0.074246936,0
5494149,0,0.13675283,0
5503818,0,0.20901217,0
5471744,0,0.315673,0
5471748,0,0.32996914,0
5471750,0,0.41562325,0
5471751,0,0.33477896,0
5471752,0,0.4110038,0
5471850,0,0.1997046,0
5471851,0,0.40253133,0
5471852,1,0.23008494,0
5471853,0,0.55754864,1
5471966,1,0.75303686,1
5471969,0,0.44266987,0
5471970,0,0.42908704,0
5471971,0,0.49614716,0
5472851,1,0.68833804,1
5472853,0,0.5078878,1
5472855,0,0.2466612,0
5490037,0,0.34982923,0
5463654,0,0.9452019,1
5464703,0,0.52291363,1
5465509,0,0.41230053,0
5465512,0,0.24996117,0
5477309,0,0.5168257,1
5477688,0,0.6316304,1
5464020,0,0.29749855,0
5470443,1,0.54439896,1
5462531,0,0.24312043,0
5463595,0,0.14317794,0
5469909,0,0.2879222,0
5468788,1,0.29229358,0
5471389,0,0.4863032,0
5484961,0,0.3050514,0
5473173,1,0.9657155,1
5480727,1,0.9318291,1
5505924,0,0.20464402,0
5506214,0,0.14120579,0
5506481,0,0.07041253,0
5506482,0,0.34584728,0
5506483,0,0.28172702,0
5471008,1,0.42011166,0
5474777,0,0.6276688,1
5476708,0,0.70768106,1
5461996,0,0.22969685,0
5481745,0,0.78261393,1
5461498,0,0.43261763,0
5463863,0,0.25604093,0
5464920,0,0.11483816,0
5465858,0,0.47799972,0
5465909,0,0.07336868,0
5466308,0,0.120290786,0
5466749,0,0.18936017,0
5468269,0,0.09905402,0
5469103,0,0.1230656,0
5477604,0,0.179329,0
5477605,0,0.21350813,0
5477606,0,0.08839061,0
5479897,0,0.093400404,0
5484106,0,0.30101627,0
5484108,0,0.2695106,0
5484645,0,0.19118416,0
5486636,0,0.2815419,0
5486637,0,0.18891506,0
5487343,0,0.16911791,0
5487347,0,0.10233903,0
5487350,0,0.2371901,0
5503504,0,0.660949,1
5498041,0,0.27027008,0
5506719,1,0.6024933,1
5461638,0,0.2135151,0
5463615,0,0.39827877,0
5463639,0,0.21618904,0
5464851,0,0.3371465,0
5467631,0,0.27809644,0
5467695,0,0.23375052,0
5467705,0,0.4454614,0
5467708,0,0.57549495,1
5473015,0,0.35777858,0
5473020,0,0.34925404,0
5473022,0,0.4050838,0
5473102,0,0.2929951,0
5473132,0,0.4475027,0
5473238,0,0.42767832,0
5473610,1,0.19411859,0
5475194,0,0.22734572,0
5475197,0,0.42942473,0
5476743,0,0.40719405,0
5478918,0,0.28308162,0
5468125,0,0.18162107,0
5474604,0,0.25587642,0
5479069,0,0.28109115,0
5485566,0,0.16174358,0
5482516,1,0.87817824,1
5465507,1,0.62441194,1
5498857,0,0.4673815,0
5473379,0,0.11752767,0
5477856,0,0.3695116,0
5477877,0,0.39808232,0
5482349,0,0.17412433,0
5485265,0,0.26573557,0
5473630,1,0.27704275,0
5474194,0,0.13597523,0
5475138,0,0.24513878,0
5481491,0,0.67969245,1
5487424,0,0.20746668,0
5497043,0,0.46500123,0
5500230,0,0.0804375,0
5468644,0,0.45610568,0
5473089,0,0.71998954,1
5507284,1,0.92953694,1
5477817,0,0.3923107,0
5485975,0,0.5995315,1
5481746,1,0.4249939,0
5484600,0,0.23389038,0
5499073,0,0.7840264,1
5499761,0,0.4819466,0
5500957,0,0.17139104,0
5503052,0,0.36931065,0
5503054,0,0.21039046,0
5504568,0,0.2948634,0
5461844,0,0.31727707,0
5461863,0,0.59998614,1
5462400,0,0.52089465,1
5467804,1,0.91815716,1
5470412,1,0.64204675,1
5470414,0,0.4775717,0
5470418,1,0.488269,0
5470420,0,0.64129275,1
5471011,0,0.3522949,0
5471078,0,0.5119557,1
5471083,0,0.68915594,1
5471099,0,0.7132101,1
5471103,0,0.42434698,0
5471121,0,0.50143313,1
5471135,0,0.4639877,0
5471144,1,0.5889314,1
5471147,0,0.78615284,1
5471439,1,0.67537117,1
5471513,0,0.7113243,1
5471545,1,0.58033526,1
5472737,0,0.6097639,1
5473116,0,0.38492432,0
5473174,0,0.36707956,0
5473180,0,0.5828454,1
5473485,0,0.46144506,0
5475770,0,0.7126188,1
5475842,0,0.48831674,0
5476204,0,0.60305387,1
5476206,0,0.56953233,1
5476219,0,0.5319316,1
5476223,0,0.8908867,1
5476238,0,0.67292774,1
5476269,0,0.39547795,0
5477588,0,0.34482887,0
5479018,0,0.4032324,0
5479053,1,0.4152351,0
5479293,0,0.2670471,0
5479339,0,0.47780508,0
5479345,1,0.5215515,1
5479358,0,0.44969785,0
5479375,1,0.9036718,1
5482519,0,0.37567747,0
5484501,1,0.48308653,0
5484918,0,0.47075716,0
5485443,0,0.31414935,0
5485487,0,0.543288,1
5485492,0,0.90061796,1
5485499,0,0.480739,0
5485509,0,0.85938215,1
5481232,0,0.1218641,0
5482546,0,0.4017849,0
5482674,0,0.42623073,0
5482676,0,0.1610399,0
5482707,0,0.24634838,0
5482715,0,0.2610523,0
5482719,0,0.49745268,0
5482734,0,0.2383584,0
5483016,1,0.38397107,0
5483577,0,0.119990185,0
5485976,0,0.18570276,0
5485978,0,0.24710442,0
5509374,0,0.41025385,0
5477591,0,0.77599514,1
5479613,1,0.9161049,1
5474502,0,0.7219256,1
5483818,0,0.2652336,0
5504091,0,0.3699658,0
5472592,0,0.81714237,1
5473618,1,0.51372594,1
5473651,1,0.86734414,1
5473653,1,0.83681464,1
5473660,0,0.88861877,1
5473688,0,0.8298177,1
5473966,0,0.8050078,1
5473968,0,0.6872067,1
5473978,1,0.6432745,1
5474702,1,0.58173054,1
5475650,0,0.78863317,1
5475652,1,0.72438645,1
5475669,0,0.7562718,1
5475670,1,0.7337429,1
5475672,0,0.8725046,1
5477546,0,0.74054265,1
5477618,1,0.73920333,1
5477623,1,0.58380955,1
5483543,1,0.7198038,1
5483973,1,0.6764193,1
5484121,1,0.6578026,1
5484123,1,0.82700866,1
5484127,0,0.70752585,1
5484370,1,0.7018734,1
5485413,0,0.70924175,1
5485453,1,0.72897714,1
5463263,1,0.9461225,1
5480491,0,0.89154637,1
5466661,0,0.4005893,0
5476470,0,0.28818923,0
5476874,0,0.7401001,1
5485064,1,0.5432111,1
5465286,0,0.5060795,1
5475936,0,0.26376072,0
5476460,0,0.28386313,0
5476467,0,0.5696074,1
5476469,0,0.51674235,1
5484814,1,0.9239543,1
5471779,0,0.40782833,0
5473888,0,0.52556974,1
5476450,0,0.43761587,0
5492138,0,0.34743407,0
5473424,0,0.3717533,0
5502580,0,0.850858,1
5470093,0,0.084705755,0
5467489,0,0.93958646,1
5491254,0,0.8094338,1
5465481,0,0.29437506,0
5471845,1,0.91411215,1
5471044,1,0.68156713,1
5472529,1,0.890129,1
5480837,0,0.12646456,0
5481867,0,0.24646063,0
5461371,0,0.49886966,0
5461375,0,0.8616552,1
5466459,0,0.25828764,0
5468479,0,0.21278377,0
5469035,0,0.32848555,0
5469037,0,0.071087934,0
5493787,0,0.613067,1
5480882,0,0.33195588,0
5506898,0,0.67064905,1
5479365,0,0.76098007,1
5475812,0,0.27012363,0
5477061,0,0.47450495,0
5503302,0,0.6954883,1
5461176,0,0.6347783,1
5483047,1,0.8015703,1
5487833,0,0.5411473,1
5488135,0,0.62291455,1
5475460,0,0.072457194,0
5475483,0,0.086061865,0
5476543,1,0.123714924,0
5476559,0,0.5028555,1
5477994,0,0.121155515,0
5483222,0,0.17804995,0
5483291,0,0.32832325,0
5486330,0,0.56936735,1
5492323,0,0.28984728,0
5497775,0,0.84340894,1
5479465,0,0.37807873,0
5493666,0,0.24948691,0
5508206,0,0.854506,1
5492380,0,0.34119517,0
5466547,0,0.56922346,1
5466550,1,0.5355359,1
5467828,0,0.2756756,0
5468193,0,0.4725853,0
5470485,0,0.19502765,0
5474772,1,0.21006247,0
5472321,0,0.65709525,1
5485156,0,0.6860721,1
5461913,0,0.29000184,0
5469813,0,0.3108169,0
5471704,1,0.5430809,1
5483301,1,0.40848768,0
5475134,0,0.1996558,0
5475182,0,0.3867299,0
5475481,0,0.3628096,0
5476275,0,0.3028357,0
5476442,0,0.29057193,0
5476445,0,0.3662085,0
5476453,0,0.14919461,0
5477180,0,0.13055263,0
5481173,0,0.116823286,0
5481360,0,0.39043897,0
5481367,0,0.17305055,0
5481474,0,0.49860486,0
5481736,0,0.19177109,0
5481834,0,0.17381492,0
5482127,0,0.22791944,0
5482263,0,0.25115904,0
5482958,0,0.20799397,0
5482975,0,0.2113512,0
5488350,0,0.29785886,0
5496059,0,0.16168499,0
5496063,0,0.29794595,0
5496066,0,0.10015741,0
5496067,0,0.23746131,0
5496755,0,0.06940176,0
5496756,0,0.189126,0
5496757,0,0.11803977,0
5496759,0,0.0873916,0
5496761,0,0.07691622,0
5499520,1,0.08231257,0
5499524,0,0.385075,0
5502919,0,0.11095419,0
5502920,0,0.123009495,0
5507312,0,0.28905007,0
5485267,0,0.7041279,1
5486343,1,0.5028196,1
5471844,1,0.9332411,1
5474733,0,0.5933284,1
5475077,1,0.6157966,1
5475156,0,0.9458409,1
5469217,0,0.9647288,1
5485181,0,0.2959584,0
5461827,0,0.6803259,1
5472337,0,0.43420592,0
5472652,1,0.24363813,0
5472663,0,0.4745922,0
5484979,0,0.810633,1
5504929,0,0.58171666,1
5508288,0,0.24954669,0
5476529,0,0.56556296,1
5494596,1,0.93450254,1
5466686,0,0.075743034,0
5466759,0,0.19078024,0
5461505,0,0.24503985,0
5461506,0,0.169047,0
5461508,0,0.13271509,0
5490721,1,0.9316297,1
5468618,0,0.31573796,0
5461954,0,0.1467339,0
5461955,0,0.3026152,0
5461957,1,0.2760748,0
5461958,0,0.3022626,0
5461961,0,0.29682896,0
5463741,1,0.3337078,0
5504468,0,0.96083724,1
5493223,0,0.3526211,0
5470786,1,0.92423546,1
5480032,0,0.45315698,0
5473260,0,0.87797064,1
5508129,0,0.75736976,1
5472584,0,0.17459702,0
5471973,0,0.9697241,1
5486441,0,0.95343095,1
5470066,1,0.93132323,1
5493814,1,0.8516966,1
5464828,0,0.5874889,1
5464619,0,0.23083474,0
5468051,1,0.9936091,1
5470154,0,0.59531415,1
5501084,1,0.51382697,1
5474290,1,0.8906649,1
5477487,0,0.41367966,0
5479207,0,0.87114054,1
5462255,0,0.4696219,0
5462257,0,0.41801482,0
5466899,0,0.34816965,0
5466902,0,0.21233281,0
5466903,0,0.3452286,0
5470651,0,0.8772358,1
5483296,0,0.3276141,0
5484333,0,0.43959945,0
5485207,0,0.27004427,0
5487560,1,0.6705227,1
5493325,1,0.7077719,1
5485194,0,0.446841,0
5472467,1,0.96983755,1
5471637,1,0.8594643,1
5480132,1,0.93960327,1
5473814,0,0.34627113,0
5469988,0,0.9788528,1
5489876,0,0.90784246,1
5461587,0,0.4513928,0
5462317,0,0.3442621,0
5462351,0,0.38375318,0
5463579,0,0.1938992,0
5472256,0,0.35051408,0
5508903,1,0.8539571,1
5475799,0,0.30358824,0
5477266,0,0.28600976,0
5468366,0,0.38235575,0
5468395,0,0.39275753,0
5468432,0,0.3267013,0
5493665,0,0.9428928,1
5473280,0,0.804779,1
5483993,1,0.38044044,0
5485358,0,0.37827486,0
5501348,0,0.5645738,1
5493846,1,0.85141027,1
5473852,0,0.6011062,1
5474936,0,0.4848036,0
5480385,0,0.16282757,0
5472782,0,0.5714053,1
5472894,0,0.35491952,0
5472896,0,0.55032927,1
5474148,0,0.2565366,0
5474419,0,0.33672172,0
5474510,0,0.23941067,0
5475522,0,0.318355,0
5475527,0,0.6441123,1
5475528,1,0.50624573,1
5475539,0,0.48390096,0
5475996,0,0.44236532,0
5478140,0,0.40533957,0
5478174,0,0.27357528,0
5478175,1,0.41703537,0
5478346,1,0.4537054,0
5478410,0,0.23444408,0
5478696,0,0.34711465,0
5479376,0,0.35923454,0
5497961,0,0.88808775,1
5469322,1,0.65757656,1
5500149,1,0.9457667,1
5472274,1,0.88545513,1
5472277,0,0.97627276,1
5474327,0,0.08889156,0
5464497,0,0.92131114,1
5472087,0,0.6887943,1
5468441,1,0.9488418,1
5498799,1,0.96377224,1
5470201,1,0.73998606,1
5500080,1,0.40718377,0
5480558,0,0.39470974,0
5480561,0,0.7211672,1
5480617,0,0.39821297,0
5480618,0,0.27303317,0
5480634,0,0.49675697,0
5480636,0,0.22220884,0
5480748,0,0.42393035,0
5480750,0,0.24021022,0
5480752,0,0.31174463,0
5480769,1,0.21129534,0
5481006,0,0.3842771,0
5481374,0,0.2332063,0
5481379,0,0.24038765,0
5482120,0,0.32178783,0
5482748,0,0.11223717,0
5482749,0,0.6502435,1
5482770,0,0.1103011,0
5484111,0,0.22344415,0
5470582,0,0.48015827,0
5480576,1,0.9565359,1
5469345,0,0.8061086,1
5473736,0,0.34574503,0
5480762,0,0.5931409,1
5473510,0,0.7327408,1
5499753,0,0.5519399,1
5464759,0,0.28217432,0
5472959,0,0.19736148,0
5478437,0,0.11980245,0
5478809,0,0.24036193,0
5479151,0,0.2528853,0
5480929,0,0.1917421,0
5482329,0,0.4294603,0
5483044,0,0.11607361,0
5485674,0,0.25730518,0
5485745,0,0.6715893,1
5464128,0,0.48804674,0
5496095,1,0.9827808,1
5500744,1,0.968952,1
5497704,0,0.6619919,1
5462002,0,0.28854993,0
5463165,0,0.30401987,0
5468099,1,0.76953983,1
5483540,0,0.66052645,1
5464429,0,0.42252073,0
5464431,0,0.23062512,0
5470427,0,0.36947766,0
5470428,0,0.42098755,0
5485692,0,0.14845513,0
5485695,0,0.18114197,0
5485697,0,0.1880222,0
5485711,1,0.9842646,1
5505611,0,0.88952756,1
5506536,0,0.13519315,0
5467569,0,0.23671678,0
5481596,0,0.18877408,0
5481598,0,0.19631743,0
5470111,0,0.41219762,0
5463188,0,0.26886854,0
5465058,1,0.488911,0
5465063,0,0.2407671,0
5468211,0,0.14682792,0
5470063,0,0.1474419,0
5471140,0,0.15619472,0
5471143,0,0.2552325,0
5471148,0,0.16172014,0
5474774,0,0.11784581,0
5477296,1,0.18171561,0
5507347,0,0.41701993,0
5475554,0,0.9725873,1
5480639,0,0.57736796,1
5502248,1,0.9812552,1
5461466,0,0.9385224,1
5480420,1,0.8659389,1
5471380,1,0.9638256,1
5484197,0,0.72346675,1
5476187,0,0.22718032,0
5476188,0,0.44197175,0
5477255,0,0.4828823,0
5479059,0,0.22402918,0
5497984,1,0.97562873,1
5490687,0,0.9328245,1
5468902,0,0.4583476,0
5462963,0,0.3363853,0
5481043,0,0.11020321,0
5481354,1,0.6898018,1
5463490,1,0.42662796,0
5469265,0,0.7044686,1
5497284,1,0.95504314,1
5466966,0,0.7170447,1
5486498,0,0.40123856,0
5486502,0,0.6707171,1
5462352,0,0.9780974,1
5501914,0,0.39757183,0
5485346,1,0.90750325,1
5462734,0,0.90764153,1
5465209,0,0.9030017,1
5470183,0,0.8806379,1
5485994,0,0.85297096,1
5503388,0,0.95459306,1
5466313,1,0.9987876,1
5470629,1,0.3402804,0
5475300,0,0.30866364,0
5503294,1,0.8782155,1
5464272,0,0.73766094,1
5467399,0,0.13246144,0
5472373,0,0.33042166,0
5472627,0,0.28995493,0
5473866,0,0.30019388,0
5475377,0,0.4803694,0
5475588,0,0.19431609,0
5475592,1,0.23155777,0
5476528,0,0.24637501,0
5477667,0,0.1511297,0
5478275,0,0.26479244,0
5478734,0,0.15184094,0
5479081,0,0.818013,1
5479617,0,0.7584542,1
5480313,0,0.19694267,0
5480397,0,0.16177201,0
5480815,0,0.24425831,0
5480824,0,0.32691824,0
5481305,0,0.15404883,0
5482647,0,0.167778,0
5485894,0,0.07934414,0
5486883,0,0.086689055,0
5464072,1,0.46496105,0
5493662,0,0.5127134,1
5465090,0,0.29684505,0
5466298,0,0.1979355,0
5503492,0,0.5417229,1
5465228,0,0.1997563,0
5471285,1,0.32462317,0
5472192,0,0.6570194,1
5462386,0,0.5136543,1
5482621,0,0.3586401,0
5493523,1,0.8747224,1
5471065,0,0.8850301,1
5476860,0,0.24885768,0
5476866,0,0.31546268,0
5476376,0,0.13359427,0
5484879,0,0.38986543,0
5480579,0,0.26722178,0
5502584,1,0.8626828,1
5508956,0,0.6662087,1
5479884,1,0.9632792,1
5484205,1,0.62342006,1
5468143,0,0.42297003,0
5469539,0,0.40614223,0
5474017,0,0.38836467,0
5474063,0,0.43101987,0
5474696,0,0.49763966,0
5477649,0,0.43770266,0
5504957,1,0.93985647,1
5497566,0,0.41485128,0
5467982,1,0.29286966,0
5479159,0,0.3478336,0
5479160,0,0.22033389,0
5481467,1,0.41933128,0
5474086,1,0.9833118,1
5487012,0,0.91426426,1
5467739,1,0.8968068,1
5466056,0,0.2773938,0
5480356,0,0.35236526,0
5480363,0,0.694844,1
5469796,1,0.6742788,1
5466700,0,0.20308307,0
5464300,0,0.8160925,1
5465099,1,0.7246035,1
5494772,0,0.722548,1
5474415,0,0.9560686,1
5497740,1,0.3184566,0
5471470,1,0.83991873,1
5506812,0,0.5622957,1
5480620,0,0.42478773,0
5487549,0,0.7236484,1
5493434,1,0.44047442,0
5477292,0,0.53651816,1
5495503,0,0.8771679,1
5504559,0,0.1845359,0
5480361,0,0.43040654,0
5484155,0,0.8652554,1
5464383,0,0.46154925,0
5461385,1,0.284793,0
5489931,0,0.839897,1
5479971,1,0.8316634,1
5490474,0,0.3298229,0
5471631,1,0.9578096,1
5467297,0,0.23827955,0
5473763,0,0.42638776,0
5474163,0,0.29668364,0
5475270,0,0.18072148,0
5475271,0,0.36415476,0
5475272,0,0.43124142,0
5475273,0,0.2505167,0
5475820,0,0.41045377,0
5475877,0,0.13027595,0
5475894,0,0.07620344,0
5477295,0,0.46044227,0
5477937,1,0.5674479,1
5478169,0,0.5052815,1
5480479,0,0.18291464,0
5481330,0,0.24937557,0
5481624,0,0.14336595,0
5481626,0,0.31548676,0
5481652,0,0.25954437,0
5482267,0,0.31899095,0
5482268,0,0.14632426,0
5483130,0,0.13537234,0
5483133,0,0.1184367,0
5483185,0,0.35447103,0
5483195,0,0.3562194,0
5483901,0,0.45103574,0
5483903,0,0.17302684,0
5483906,0,0.6683275,1
5484030,0,0.17366041,0
5484422,0,0.33743423,0
5484424,0,0.3081165,0
5484426,0,0.45874944,0
5484781,0,0.50249594,1
5484994,0,0.29623765,0
5484995,0,0.48807833,0
5485000,0,0.32284045,0
5485049,0,0.3205485,0
5485053,0,0.3996821,0
5485055,0,0.440076,0
5485359,0,0.394012,0
5485363,0,0.12754628,0
5485421,0,0.36465085,0
5485543,0,0.47150773,0
5485693,0,0.14661579,0
5485910,0,0.57945836,1
5485913,0,0.23679326,0
5487276,0,0.11485068,0
5487277,0,0.20382454,0
5487595,0,0.27747732,0
5487597,0,0.42033425,0
5487598,0,0.14310224,0
5487602,0,0.2318143,0
5487613,0,0.19068724,0
5487960,0,0.27825746,0
5487963,0,0.23344727,0
5488224,0,0.23985097,0
5488226,0,0.6296649,1
5489496,0,0.9202698,1
5489497,0,0.6193042,1
5489503,0,0.13760409,0
5489512,0,0.24332678,0
5490630,0,0.16658148,0
5492241,0,0.25138158,0
5492242,0,0.2145921,0
5492243,0,0.24952297,0
5492245,0,0.3184391,0
5492828,0,0.17851867,0
5492830,0,0.32963312,0
5492832,0,0.6855992,1
5493083,0,0.28080815,0
5493084,0,0.35819608,0
5493170,0,0.26768866,0
5493891,0,0.24287525,0
5493895,0,0.33704823,0
5493897,0,0.17354749,0
5494343,0,0.35169706,0
5497891,0,0.26205692,0
5497946,0,0.24488746,0
5465334,0,0.38687596,0
5462598,0,0.21223326,0
5465413,1,0.84034216,1
5467675,1,0.5219558,1
5471489,0,0.5337842,1
5503123,1,0.6255187,1
5485861,0,0.25443482,0
5478046,1,0.75811553,1
5476173,0,0.20206377,0
5470602,0,0.12615377,0
5470609,0,0.255789,0
5504309,0,0.7668317,1
5482624,0,0.44505695,0
5483571,0,0.750229,1
5484542,0,0.23964132,0
5484545,0,0.29011503,0
5484585,0,0.21924192,0
5484974,0,0.42786106,0
5485089,0,0.20381825,0
5485123,0,0.5976798,1
5486068,0,0.34273955,0
5486075,0,0.7468493,1
5486080,0,0.092580244,0
5486093,0,0.31296125,0
5486097,0,0.085693024,0
5479964,0,0.23798145,0
5466430,0,0.2789361,0
5468072,0,0.41819713,0
5468309,1,0.76218015,1
5469320,0,0.70427066,1
5471869,0,0.33815113,0
5483988,0,0.3422275,0
5484855,1,0.38002264,0
5493034,0,0.4871174,0
5505219,1,0.39309868,0
5470722,0,0.7523655,1
5501359,1,0.6578184,1
5501446,1,0.96648073,1
5467546,1,0.8764082,1
5498662,0,0.9352473,1
5482180,0,0.5352141,1
5482187,0,0.32917023,0
5487085,0,0.2304525,0
5500011,0,0.82257754,1
5502054,1,0.947541,1
5465480,0,0.30433443,0
5466827,0,0.23671867,0
5471550,0,0.30539462,0
5484982,1,0.34825003,0
5483917,0,0.21675628,0
5484340,0,0.18987042,0
5484341,0,0.30575544,0
5475984,1,0.75892085,1
5488270,0,0.9665459,1
5461267,0,0.502671,1
5471996,0,0.3347932,0
5497974,0,0.85698634,1
5481725,0,0.6290329,1
5495501,0,0.3883461,0
5496565,0,0.22068222,0
5507647,0,0.6919818,1
5482216,1,0.40049446,0
5502962,0,0.8699764,1
5476125,0,0.70218724,1
5462593,0,0.4095142,0
5463065,0,0.7011548,1
5463083,0,0.4304788,0
5465276,0,0.18034394,0
5465346,0,0.27119878,0
5467669,0,0.38209102,0
5470239,0,0.18252403,0
5472530,0,0.7036639,1
5473982,0,0.25139406,0
5474614,0,0.38485447,0
5478509,0,0.13567936,0
5481306,0,0.1844317,0
5481309,0,0.13438396,0
5481760,0,0.17137976,0
5483534,0,0.23102327,0
5483597,0,0.3778197,0
5484026,0,0.30599558,0
5484797,0,0.26787072,0
5493107,0,0.7168476,1
5477189,0,0.2618104,0
5468799,0,0.92796093,1
5468962,0,0.3523994,0
5482983,1,0.916993,1
5492289,1,0.85161734,1
5494615,1,0.9707267,1
5493612,0,0.57676184,1
5478676,0,0.8111978,1
5464967,0,0.7618343,1
5481353,0,0.96453375,1
5466248,0,0.6113854,1
5484509,1,0.9353745,1
5463593,0,0.89454335,1
5483628,0,0.72542274,1
5493721,1,0.990256,1
5464786,0,0.8641464,1
5495870,0,0.85033387,1
5469607,0,0.36268,0
5496376,1,0.39635643,0
5475919,0,0.28350812,0
5490906,0,0.7701175,1
5491400,0,0.6407521,1
5478243,0,0.7961453,1
5478776,1,0.76066643,1
5479944,0,0.59355277,1
5480353,1,0.80524063,1
5480718,0,0.41118786,0
5480972,0,0.5743378,1
5481185,0,0.30186155,0
5481188,0,0.5350019,1
5481193,0,0.79901916,1
5481204,0,0.37325975,0
5483172,0,0.34043494,0
5483198,0,0.39667833,0
5483344,0,0.81139165,1
5483357,0,0.32430443,0
5483991,0,0.71316785,1
5470118,1,0.6788281,1
5465342,1,0.98257786,1
5471388,0,0.6787825,1
5482992,0,0.34115303,0
5470562,0,0.46277758,0
5461220,0,0.21416189,0
5461223,0,0.3758311,0
5461604,0,0.36452308,0
5477916,0,0.27376232,0
5477933,0,0.30230927,0
5477954,0,0.36013547,0
5477981,0,0.15722464,0
5477985,0,0.39331633,0
5478259,1,0.23103565,0
5480777,1,0.746977,1
5468661,0,0.52148056,1
5469388,0,0.5437933,1
5469827,0,0.59392756,1
5470229,0,0.3210123,0
5478802,0,0.1496105,0
5501686,0,0.5937625,1
5484311,1,0.84767544,1
5469800,0,0.7768774,1
5478037,0,0.3590163,0
5480886,0,0.96913075,1
5474008,0,0.5272215,1
5481618,0,0.9445764,1
5474886,1,0.9759375,1
5493755,0,0.8916455,1
5502518,0,0.30082208,0
5505364,0,0.5099158,1
5505529,0,0.54230845,1
5476161,0,0.3294161,0
5484496,0,0.6147423,1
5484981,0,0.89876693,1
5485544,0,0.44169307,0
5485834,0,0.3099502,0
5487045,0,0.34958243,0
5480438,0,0.66389984,1
5472980,0,0.29655254,0
5471049,0,0.9063813,1
5471070,0,0.35809368,0
5471497,1,0.22124818,0
5475319,0,0.6354362,1
5475320,0,0.5373446,1
5475324,1,0.41222697,0
5475333,1,0.4243789,0
5475516,0,0.60977507,1
5475614,0,0.71576214,1
5475615,0,0.45814157,0
5475616,1,0.6455842,1
5475638,0,0.91188776,1
5475640,0,0.67013884,1
5475641,0,0.65671366,1
5476127,0,0.37362438,0
5476487,0,0.50577,1
5477464,0,0.547232,1
5477465,0,0.5029394,1
5477477,0,0.7131913,1
5477494,0,0.42349944,0
5477832,0,0.5785196,1
5477835,0,0.60875475,1
5477836,1,0.5233918,1
5477837,1,0.88721836,1
5477838,0,0.44993183,0
5477839,0,0.46194628,0
5477844,0,0.24195921,0
5477845,0,0.5425356,1
5477871,1,0.67662585,1
5477899,1,0.53168064,1
5477902,0,0.5026237,1
5477903,0,0.6789657,1
5477904,0,0.37095517,0
5477996,0,0.6557415,1
5478002,0,0.85166216,1
5479124,0,0.28046674,0
5479603,1,0.4850077,0
5479646,0,0.23774344,0
5479648,0,0.29937106,0
5479650,1,0.52766836,1
5480201,0,0.29991615,0
5480204,1,0.41356358,0
5480249,0,0.4914346,0
5480364,0,0.7370436,1
5480366,0,0.5623702,1
5480369,1,0.4299512,0
5480371,1,0.506415,1
5498099,1,0.88167626,1
5461212,0,0.29954857,0
5461598,0,0.15073228,0
5461599,0,0.34116632,0
5461606,0,0.5197934,1
5461620,0,0.44022453,0
5461712,0,0.51707053,1
5461808,0,0.39630204,0
5461823,0,0.49751508,0
5461845,0,0.3326827,0
5461858,0,0.6188641,1
5462215,0,0.4032572,0
5462253,0,0.3763959,0
5462291,0,0.39573935,0
5462325,0,0.39580384,0
5462343,0,0.32729343,0
5462346,0,0.3676707,0
5462495,0,0.41062436,0
5462523,0,0.44199938,0
5462816,0,0.3290691,0
5463565,0,0.13615072,0
5463987,0,0.3725591,0
5464712,1,0.3165777,0
5466003,0,0.58327764,1
5466222,0,0.3875704,0
5466225,0,0.40578592,0
5466229,0,0.22908437,0
5466404,0,0.26217946,0
5467540,0,0.38677585,0
5467541,0,0.26431823,0
5467590,0,0.5228187,1
5467606,0,0.32214558,0
5467753,0,0.3920237,0
5467766,0,0.4335622,0
5467989,0,0.3183407,0
5468351,0,0.22937784,0
5468451,0,0.47000027,0
5468634,0,0.31519908,0
5468648,0,0.34302887,0
5475045,0,0.18797632,0
5477625,0,0.28816348,0
5478027,0,0.37196168,0
5480221,0,0.17063597,0
5500795,0,0.8270737,1
5480888,1,0.6705217,1
5480897,0,0.76407665,1
5467490,1,0.8534146,1
5477490,0,0.36596164,0
5503237,0,0.5935133,1
5464190,1,0.74490243,1
5464274,0,0.36074883,0
5467000,0,0.22195885,0
5467921,0,0.09085285,0
5468822,0,0.16836418,0
5470296,0,0.039905038,0
5471454,0,0.11808012,0
5471461,0,0.09975804,0
5481604,0,0.036542747,0
5462076,1,0.41257837,0
5494758,1,0.84316516,1
5462863,0,0.2293057,0
5466130,1,0.5667057,1
5466496,0,0.43999586,0
5478589,0,0.4140021,0
5481771,0,0.3422639,0
5468491,1,0.9930521,1
5479962,0,0.8634079,1
5470297,0,0.23913121,0
5470299,0,0.2955147,0
5473432,1,0.4420099,0
5469808,0,0.673263,1
5491665,0,0.46789894,0
5494501,0,0.08180764,0
5473600,1,0.56774217,1
5466391,0,0.50889605,1
5466486,0,0.69516766,1
5466810,0,0.24788655,0
5467173,0,0.22626987,0
5468203,0,0.68206984,1
5468228,0,0.29182598,0
5468840,0,0.18752635,0
5469235,0,0.25893345,0
5469007,1,0.9231625,1
5464085,0,0.18255332,0
5481400,1,0.93037313,1
5462518,0,0.38107914,0
5463496,0,0.48428017,0
5484940,0,0.432868,0
5462058,1,0.97523344,1
5482016,0,0.916632,1
5477713,0,0.25816226,0
5468115,0,0.9534351,1
5493962,1,0.92420036,1
5480840,0,0.84666234,1
5479105,0,0.4509084,0
5478545,0,0.4190458,0
5472332,0,0.85264397,1
5472920,1,0.33618334,0
5462229,0,0.16964109,0
5462354,0,0.13528937,0
5463399,0,0.14186984,0
5465234,0,0.12289714,0
5465454,0,0.20216526,0
5466100,0,0.14097066,0
5466433,0,0.097897656,0
5468413,0,0.18316236,0
5468670,0,0.13018313,0
5471353,0,0.13692386,0
5472994,0,0.14086327,0
5474085,0,0.38767138,0
5474496,0,0.15531856,0
5474516,1,0.20594747,0
5474619,0,0.32064727,0
5476214,0,0.12255332,0
5476759,0,0.10102061,0
5484425,0,0.2631288,0
5484782,0,0.2058823,0
5484886,0,0.27039897,0
5468745,1,0.9683395,1
5468365,0,0.65550894,1
5494031,1,0.97516656,1
5490462,1,0.81657577,1
5476261,0,0.30229056,0
5471125,1,0.8896421,1
5493463,1,0.7985503,1
5504142,1,0.8209431,1
5485070,0,0.83145314,1
5471526,0,0.6516237,1
5481734,0,0.65939105,1
5494617,0,0.23419188,0
5494619,0,0.43132505,0
5495458,0,0.65063506,1
5497827,0,0.45375535,0
5468170,0,0.42209738,0
5469218,0,0.728064,1
5476218,0,0.81568164,1
5490734,0,0.94460464,1
5491232,0,0.9549236,1
5462318,0,0.29065016,0
5465973,1,0.43090248,0
5466780,0,0.36101803,0
5500831,0,0.82878184,1
5502673,1,0.9069857,1
5503126,0,0.64477855,1
5504796,0,0.12635542,0
5504799,0,0.8367866,1
5501515,0,0.9382563,1
5506028,0,0.9290861,1
5504344,0,0.78025717,1
5471363,0,0.40952593,0
5508894,0,0.35473022,0
5482096,0,0.46125767,0
5505945,1,0.7146351,1
5499235,1,0.93062025,1
5475681,0,0.60726094,1
5476354,0,0.4922321,0
5476715,0,0.46588877,0
5461285,0,0.31748125,0
5478718,0,0.40731126,0
5466465,1,0.8558792,1
5466742,1,0.54836094,1
5476003,0,0.81171596,1
5476700,0,0.81404805,1
5466599,1,0.48071116,0
5466985,0,0.62195003,1
5467129,0,0.5166209,1
5502140,0,0.76189506,1
5462898,0,0.79358554,1
5461716,0,0.3427819,0
5471404,0,0.64978033,1
5477174,1,0.4566026,0
5482514,0,0.6989243,1
5480322,0,0.7259599,1
5465504,0,0.3867202,0
5500988,0,0.5416313,1
5506878,1,0.5584382,1
5461801,1,0.9347208,1
5461805,0,0.43025735,0
5461813,0,0.27993587,0
5462442,0,0.1456304,0
5465515,0,0.24014707,0
5472228,1,0.31608137,0
5478913,0,0.18581969,0
5480581,0,0.25890929,0
5481262,0,0.27715835,0
5482405,0,0.70168775,1
5482499,1,0.28118572,0
5483537,0,0.3579819,0
5483595,0,0.4692265,0
5484358,0,0.17539816,0
5491112,1,0.9778691,1
5461226,0,0.3809358,0
5461228,0,0.2298352,0
5482260,1,0.8038245,1
5466497,1,0.97426504,1
5495153,1,0.61128724,1
5461188,0,0.18742763,0
5464991,0,0.060135238,0
5471595,0,0.10175063,0
5477311,0,0.29446843,0
5468086,0,0.17539185,0
5476159,0,0.27017865,0
5483972,0,0.23147291,0
5470612,0,0.8042419,1
5474550,0,0.6518917,1
5477136,1,0.3722672,0
5486173,0,0.74482846,1
5470344,0,0.8716515,1
5462406,0,0.7775736,1
5462433,0,0.4787038,0
5492621,0,0.91380066,1
5469496,1,0.9323945,1
5470709,0,0.68702185,1
5470710,0,0.67890584,1
5470721,0,0.25590408,0
5470806,0,0.4258427,0
5470808,0,0.25019673,0
5471052,0,0.23284587,0
5471367,0,0.26669717,0
5471446,0,0.67721057,1
5471475,0,0.35064483,0
5471589,1,0.36942717,0
5471609,0,0.3246416,0
5476781,0,0.28173918,0
5480143,1,0.84786373,1
5464446,0,0.3176706,0
5462699,0,0.4596757,0
5483779,0,0.79424566,1
5467976,1,0.997241,1
5484317,0,0.9103916,1
5484255,0,0.9508927,1
5491270,0,0.96817845,1
5483200,0,0.42078948,0
5499931,0,0.635474,1
5463905,0,0.72165716,1
5464324,1,0.5016735,1
5465972,0,0.3282401,0
5470169,0,0.5036905,1
5480293,0,0.3993871,0
5483257,0,0.2628571,0
5487894,0,0.5437837,1
5466894,0,0.79535913,1
5485547,1,0.8398956,1
5474365,0,0.41227844,0
5481276,1,0.68449366,1
5481277,0,0.719479,1
5481278,0,0.7021982,1
5481279,1,0.7238517,1
5481960,0,0.7946088,1
5481962,1,0.56315345,1
5483174,0,0.8421717,1
5483912,0,0.6210531,1
5483913,0,0.44656873,0
5483915,0,0.7567067,1
5463223,0,0.30192032,0
5463269,0,0.4954944,0
5469696,0,0.2431837,0
5469698,0,0.38584888,0
5469701,0,0.23934004,0
5477957,0,0.25745723,0
5477958,0,0.21212983,0
5483264,0,0.40113556,0
5483295,0,0.45418403,0
5483797,0,0.16049871,0
5483969,0,0.2390853,0
5483970,0,0.32780004,0
5486195,0,0.37949082,0
5490307,0,0.2498643,0
5461781,0,0.49738187,0
5462085,0,0.24905327,0
5462558,0,0.4202942,0
5463456,0,0.08772065,0
5464912,0,0.29175285,0
5465072,0,0.2876289,0
5466747,0,0.34042543,0
5467690,0,0.29875296,0
5471736,0,0.24896036,0
5473484,0,0.30704314,0
5473639,1,0.13178185,0
5474362,0,0.31824934,0
5483377,0,0.8852181,1
5464792,0,0.20652187,0
5481041,0,0.29650924,0
5483584,0,0.19028193,0
5483985,0,0.22908843,0
5470517,0,0.5243946,1
5482228,1,0.96110886,1
5494479,0,0.93722636,1
5500760,1,0.39339978,0
5483690,0,0.5276969,1
5486120,0,0.5790648,1
5486617,0,0.081136234,0
5486066,0,0.5055047,1
5466215,0,0.2752201,0
5463617,0,0.35779896,0
5464144,0,0.43456674,0
5469073,0,0.1878759,0
5482183,1,0.8758895,1
5491245,0,0.7208414,1
5508705,0,0.33462355,0
5508727,1,0.53986657,1
5508731,0,0.37327817,0
5493642,0,0.7551308,1
5461190,0,0.17191838,0
5461191,0,0.17382011,0
5461192,0,0.09025059,0
5461202,0,0.10411495,0
5461205,0,0.7734812,1
5461210,0,0.21200448,0
5461501,0,0.4434922,0
5461502,0,0.16767555,0
5473403,0,0.29337636,0
5477629,0,0.8612364,1
5463785,0,0.64668274,1
5463786,0,0.41949987,0
5463788,0,0.77390313,1
5463791,0,0.29630554,0
5463793,0,0.39482602,0
5464207,1,0.4371093,0
5464209,0,0.52776575,1
5464222,0,0.4020494,0
5464260,1,0.71301025,1
5464261,0,0.72918427,1
5464264,0,0.8638406,1
5473268,0,0.26906008,0
5473269,0,0.40469238,0
5478522,1,0.40670425,0
5478524,0,0.42538667,0
5478567,0,0.50226265,1
5478568,0,0.5853394,1
5478571,0,0.30455422,0
5463365,0,0.18526478,0
5470998,1,0.8027243,1
5472612,0,0.8059733,1
5481838,1,0.8707598,1
5470403,0,0.3283003,0
5471561,0,0.41989467,0
5471563,0,0.48128778,0
5471566,0,0.44136053,0
5471568,0,0.542449,1
5461227,0,0.21885939,0
5461629,0,0.562177,1
5461631,0,0.72047377,1
5464668,0,0.5932955,1
5464854,1,0.4267001,0
5465285,0,0.3224437,0
5465290,0,0.36276248,0
5466817,0,0.22585994,0
5466819,0,0.51461124,1
5467553,0,0.4838615,0
5468370,0,0.3071643,0
5469346,0,0.19486848,0
5469347,0,0.43993917,0
5469352,0,0.5748613,1
5469353,0,0.4861027,0
5469544,0,0.3800264,0
5469546,0,0.40346366,0
5469852,0,0.2568967,0
5470243,0,0.39670673,0
5472512,0,0.4517552,0
5472513,0,0.4532788,0
5472519,0,0.304695,0
5472522,0,0.442693,0
5473026,0,0.3056703,0
5473027,0,0.5047308,1
5473032,1,0.16241214,0
5473037,0,0.3984098,0
5473094,0,0.66715443,1
5473441,0,0.67270803,1
5473453,0,0.44537756,0
5473455,0,0.5230528,1
5473459,0,0.36820173,0
5475081,0,0.57181597,1
5477929,0,0.37864718,0
5477936,0,0.59606814,1
5477938,0,0.2909072,0
5477941,0,0.32641992,0
5483139,0,0.3184948,0
5483141,0,0.36930808,0
5486158,0,0.41189826,0
5486159,0,0.19015796,0
5496169,0,0.30772302,0
5487221,1,0.96662897,1
5464848,0,0.7550116,1
5474620,0,0.82484585,1
5482912,0,0.9564146,1
5485391,0,0.9681944,1
5504704,0,0.74429077,1
5479611,0,0.78841627,1
5462099,0,0.31035274,0
5468701,0,0.16014814,0
5468898,0,0.20955211,0
5478814,0,0.35491595,0
5485908,0,0.14250642,0
5485911,0,0.15988639,0
5486284,0,0.1744567,0
5486422,0,0.24363941,0
5471311,0,0.18489547,0
5477065,0,0.49036124,0
5480497,0,0.39056084,0
5491357,1,0.8400486,1
5474505,0,0.24565835,0
5483480,0,0.12811963,0
5472585,0,0.9507992,1
5469168,0,0.38268065,0
5491792,1,0.9779804,1
5491741,0,0.7515733,1
5504207,1,0.9477719,1
5465817,1,0.8499816,1
5482083,1,0.9106811,1
5482847,1,0.9347206,1
5492880,0,0.89312226,1
5465650,0,0.13777582,0
5470090,0,0.34067565,0
5470490,0,0.36557725,0
5472024,0,0.38710454,0
5472892,0,0.28512657,0
5477393,0,0.31601644,0
5475245,1,0.7765176,1
5482664,0,0.5888191,1
5476423,1,0.99942327,1
5465647,0,0.32319078,0
5466097,0,0.17407292,0
5471594,0,0.2754311,0
5472532,0,0.37635583,0
5464176,0,0.58763564,1
5467264,1,0.5691517,1
5469380,0,0.42690477,0
5469603,0,0.41861,0
5473967,0,0.5991872,1
5473970,0,0.5352282,1
5474444,0,0.23642248,0
5474446,0,0.4727763,0
5480018,0,0.28953314,0
5470305,1,0.9228942,1
5469030,1,0.4504119,0
5477106,0,0.24719451,0
5484031,1,0.6746296,1
5493498,0,0.9287658,1
5478989,0,0.903033,1
5479142,0,0.72792363,1
5487366,0,0.53716487,1
5493685,0,0.74510443,1
5494665,0,0.4949406,0
5464420,0,0.04213502,0
5464753,0,0.0953214,0
5466522,0,0.10295335,0
5466540,0,0.23982275,0
5466546,0,0.14464821,0
5466716,0,0.07571545,0
5467089,0,0.11779479,0
5467090,0,0.16270424,0
5468444,0,0.03486781,0
5469445,0,0.06535309,0
5471940,0,0.03903321,0
5470705,1,0.9605049,1
5476262,1,0.39117423,0
5503889,0,0.653707,1
5504023,0,0.33911365,0
5483889,0,0.21122508,0
5483890,0,0.1669557,0
5483891,0,0.32780865,0
5483899,0,0.3924802,0
5483604,0,0.83774626,1
5465722,1,0.61030436,1
5471825,0,0.379978,0
5472290,1,0.5478441,1
5489824,1,0.9978103,1
5498726,0,0.8731792,1
5505742,0,0.77494365,1
5462092,1,0.35254613,0
5464149,0,0.49642584,0
5475720,0,0.48463827,0
5469512,1,0.26025134,0
5470631,0,0.16304453,0
5473898,0,0.22736816,0
5477504,0,0.2958792,0
5477884,0,0.27308008,0
5478158,0,0.34386903,0
5479593,0,0.40416294,0
5479596,0,0.37269214,0
5480904,0,0.29702345,0
5483347,0,0.36865062,0
5483844,0,0.57738006,1
5484384,1,0.31331468,0
5485249,0,0.5295585,1
5479219,1,0.9855377,1
5480556,1,0.16516803,0
5480557,0,0.30135703,0
5480643,0,0.42566115,0
5481044,0,0.13200155,0
5482135,0,0.26878586,0
5483156,0,0.50527364,1
5483213,0,0.21617278,0
5484092,0,0.26914608,0
5484429,0,0.28248817,0
5485336,0,0.19201463,0
5485337,0,0.2441382,0
5486162,0,0.22616597,0
5497829,0,0.22841038,0
5506834,0,0.17390212,0
5508601,1,0.9444046,1
5484616,0,0.55789006,1
5485563,0,0.19078632,0
5477030,1,0.5435067,1
5462133,0,0.055749822,0
5471227,0,0.13137156,0
5464660,0,0.9325283,1
5464679,1,0.53751826,1
5461310,0,0.7756361,1
5462755,0,0.20301849,0
5462757,0,0.23616464,0
5462761,0,0.13399048,0
5463597,0,0.28383717,0
5464113,0,0.31956896,0
5464120,0,0.24958828,0
5464347,0,0.14074863,0
5465350,0,0.1737821,0
5465477,0,0.27924436,0
5465761,0,0.25856447,0
5465764,0,0.1964611,0
5465898,0,0.20502421,0
5466657,0,0.25645673,0
5466727,0,0.34880885,0
5466766,0,0.059908975,0
5466865,0,0.22567585,0
5467064,0,0.18346806,0
5467314,0,0.12604621,0
5467317,0,0.18542583,0
5467794,0,0.14494742,0
5468283,0,0.15361108,0
5468789,0,0.1779908,0
5468790,0,0.2249633,0
5468810,0,0.2276593,0
5469229,0,0.23667398,0
5469234,0,0.15050441,0
5469251,0,0.21264157,0
5469632,0,0.1273153,0
5469921,0,0.15289067,0
5470538,0,0.20439231,0
5470813,0,0.06065162,0
5472047,0,0.23642589,0
5472069,0,0.15837196,0
5472071,0,0.1660884,0
5472318,0,0.10954629,0
5472625,1,0.1697517,0
5474942,0,0.34188452,0
5479501,0,0.7927307,1
5501475,1,0.7712763,1
5470820,0,0.5003187,1
5469683,0,0.5111958,1
5469949,0,0.47163147,0
5469966,1,0.6274515,1
5470107,0,0.37506333,0
5470113,0,0.28593993,0
5470284,0,0.3744976,0
5470399,0,0.2877911,0
5470405,0,0.34115836,0
5470488,1,0.6159374,1
5470489,1,0.8888742,1
5470531,0,0.6915818,1
5470545,0,0.32948548,0
5470549,0,0.43608102,0
5470572,0,0.2965068,0
5470606,0,0.748049,1
5470782,0,0.54656124,1
5470792,0,0.5593257,1
5470858,0,0.27988347,0
5470890,0,0.27302694,0
5471009,0,0.31485283,0
5471022,0,0.3446452,0
5471026,0,0.24682255,0
5471075,1,0.14458795,0
5471086,0,0.26841664,0
5471562,0,0.38343105,0
5471576,0,0.4077209,0
5471740,0,0.34973,0
5471756,0,0.2626099,0
5471847,0,0.7250971,1
5471946,0,0.32662815,0
5471948,0,0.51021695,1
5471951,0,0.5691388,1
5471980,0,0.5549683,1
5472018,0,0.4293287,0
5472021,0,0.32153863,0
5472023,0,0.4798054,0
5472158,0,0.5573664,1
5472223,0,0.26578552,0
5472368,0,0.34697628,0
5472476,0,0.51254463,1
5472481,0,0.17880319,0
5472911,0,0.7045085,1
5472998,0,0.29612932,0
5473197,0,0.22653106,0
5473212,0,0.6258932,1
5473214,0,0.2091625,0
5473225,0,0.49254796,0
5473232,0,0.2890252,0
5473242,0,0.5211255,1
5473311,1,0.38808888,0
5473831,0,0.35041505,0
5473844,0,0.54029423,1
5473872,0,0.55462736,1
5473875,0,0.5157127,1
5474051,0,0.36443287,0
5474338,0,0.18286619,0
5474351,0,0.5058097,1
5476849,0,0.14391524,0
5478427,0,0.42993298,0
5483025,0,0.49949065,0
5483298,0,0.20206334,0
5483709,0,0.402852,0
5484027,0,0.44295284,0
5485833,0,0.46213052,0
5485838,0,0.37565804,0
5485865,0,0.59896415,1
5485878,0,0.5059934,1
5485879,0,0.59689754,1
5485921,0,0.24804157,0
5485935,0,0.5374991,1
5485942,0,0.38060448,0
5485944,0,0.45366436,0
5469009,0,0.38234228,0
5471196,0,0.52307993,1
5465899,0,0.43925586,0
5469449,0,0.31316674,0
5469744,0,0.35011616,0
5469746,0,0.2451836,0
5469751,0,0.35201073,0
5469759,0,0.24767366,0
5469891,0,0.31936723,0
5470157,0,0.41885254,0
5472095,0,0.16958334,0
5476758,1,0.38106918,0
5477785,0,0.49388865,0
5477841,0,0.10268683,0
5480544,0,0.19770092,0
5478860,1,0.77979827,1
5488128,0,0.64490604,1
5475277,0,0.55794483,1
5491220,0,0.41364244,0
5507649,0,0.4285645,0
5482498,0,0.49181512,0
5482538,0,0.25991577,0
5483697,0,0.3759222,0
5485072,0,0.546466,1
5464205,0,0.48320907,0
5470831,1,0.4269899,0
5488057,0,0.32893136,0
5488151,0,0.40962487,0
5476694,0,0.91684335,1
5481303,0,0.27298197,0
5482469,1,0.32816678,0
5482471,0,0.45883244,0
5482479,0,0.2620198,0
5482486,0,0.56943434,1
5482788,1,0.3623955,0
5483481,0,0.56503457,1
5483482,0,0.15037712,0
5483603,0,0.74229527,1
5485846,0,0.73623854,1
5491891,0,0.8315611,1
5493068,0,0.29098746,0
5494000,0,0.41635916,0
5494006,0,0.31349427,0
5494014,0,0.14624421,0
5494231,0,0.35842952,0
5494233,1,0.28123996,0
5494290,0,0.27954513,0
5494293,0,0.38388088,0
5494624,0,0.4897011,0
5495602,1,0.2682781,0
5495880,1,0.81892323,1
5495892,0,0.79186463,1
5495896,1,0.5371917,1
5495900,0,0.43604302,0
5495967,0,0.61755127,1
5496617,0,0.25060079,0
5497194,1,0.4053268,0
5499790,0,0.6106727,1
5470694,1,0.99478036,1
5468934,0,0.36893153,0
5468948,0,0.42881632,0
5469400,0,0.6486686,1
5485082,0,0.6113888,1
5507997,0,0.41072088,0
5468998,1,0.46478906,0
5469524,0,0.73653805,1
5471141,0,0.45869836,0
5472218,0,0.3230125,0
5477349,0,0.16716817,0
5477679,0,0.26647457,0
5478150,0,0.14233688,0
5482830,0,0.19304723,0
5485824,0,0.27168038,0
5477495,0,0.8253312,1
5485142,0,0.7947052,1
5466371,0,0.42856896,0
5466687,0,0.10810697,0
5468215,0,0.32446185,0
5468225,0,0.083376996,0
5468226,0,0.36111405,0
5468590,1,0.42878324,0
5468835,0,0.24391209,0
5469784,0,0.25233814,0
5471770,0,0.16429894,0
5472807,0,0.36111575,0
5472837,0,0.29720157,0
5488063,0,0.7475093,1
5488083,0,0.57455164,1
5474451,0,0.2692333,0
5479713,0,0.23333868,0
5480110,0,0.38906738,0
5481323,0,0.31380057,0
5483433,0,0.30464938,0
5483435,0,0.2699079,0
5483964,0,0.3462911,0
5484004,0,0.17440031,0
5484007,0,0.29797393,0
5484009,0,0.19350035,0
5484014,0,0.13977149,0
5484029,0,0.39833045,0
5484349,0,0.45305026,0
5484355,0,0.39003003,0
5484433,0,0.2694104,0
5484769,0,0.31908908,0
5484866,0,0.20239647,0
5485458,0,0.27342018,0
5496950,0,0.84520125,1
5470168,0,0.38058513,0
5461634,0,0.41556522,0
5462227,0,0.36748236,0
5462235,0,0.46765727,0
5462250,0,0.45805076,0
5462300,0,0.4506758,0
5462846,0,0.36827725,0
5462879,0,0.46972555,0
5462903,0,0.15368208,0
5463119,0,0.41424707,0
5463472,0,0.3486277,0
5464007,0,0.5143095,1
5464014,0,0.39566663,0
5464868,1,0.657551,1
5464903,1,0.4772565,0
5465261,0,0.34459466,0
5465339,0,0.36966294,0
5466002,0,0.23311517,0
5466004,1,0.39279887,0
5466413,0,0.38615334,0
5466561,0,0.81049013,1
5466787,0,0.5938448,1
5467574,0,0.43350747,0
5468655,0,0.7064615,1
5468675,0,0.2572703,0
5469053,0,0.45888838,0
5469077,0,0.21756725,0
5469098,0,0.28849277,0
5469586,0,0.4447044,0
5470227,0,0.24107711,0
5470266,0,0.18020299,0
5470290,0,0.70235544,1
5471314,0,0.3167313,0
5471340,0,0.6892498,1
5471894,0,0.3893857,0
5471992,0,0.44850957,0
5472469,0,0.19223575,0
5472487,0,0.20735721,0
5472503,0,0.49773034,0
5472624,0,0.75156844,1
5472650,1,0.27138174,0
5474013,0,0.48125088,0
5474523,0,0.55449194,1
5475048,0,0.42111698,0
5475107,0,0.74865186,1
5475865,0,0.6201941,1
5479175,0,0.1334721,0
5479765,0,0.41077918,0
5479766,1,0.5151909,1
5481339,0,0.44231516,0
5481366,0,0.34339112,0
5481661,0,0.37203223,0
5485302,0,0.25089183,0
5485304,0,0.22172189,0
5485322,0,0.36642763,0
5485332,0,0.4146032,0
5485394,0,0.46394894,0
5485425,0,0.38392052,0
5485732,0,0.42372674,0
5467111,1,0.9065719,1
5473724,1,0.6549888,1
5476932,0,0.707206,1
5481078,0,0.61645377,1
5485351,0,0.3654539,0
5485486,0,0.5618569,1
5485542,0,0.28344068,0
5485803,0,0.5652429,1
5485957,0,0.32867554,0
5486515,0,0.18306422,0
5489818,0,0.22487658,0
5490323,0,0.40470004,0
5498680,0,0.35948378,0
5506687,0,0.26688516,0
5481842,0,0.35351261,0
5481845,0,0.5533672,1
5491701,1,0.9112914,1
5502575,0,0.927132,1
5462190,1,0.655055,1
5484678,0,0.32625446,0
5484692,1,0.20256242,0
5485105,0,0.3334027,0
5488103,1,0.36459193,0
5506889,0,0.4371882,0
5507003,0,0.44652915,0
5479756,0,0.54457706,1
5483510,1,0.9320308,1
5483620,0,0.7874477,1
5485771,0,0.89735496,1
5486183,0,0.700128,1
5486191,0,0.5357523,1
5486442,0,0.75957066,1
5486443,0,0.6592765,1
5486444,0,0.546812,1
5486856,0,0.5841257,1
5486858,0,0.83496404,1
5486859,0,0.58375865,1
5491632,1,0.34509394,0
5491900,1,0.3628966,0
5471965,1,0.9237376,1
5480408,0,0.55289096,1
5505859,0,0.5071686,1
5483261,0,0.8757788,1
5485237,0,0.23797604,0
5464698,0,0.7034926,1
5464750,0,0.5310223,1
5464853,0,0.5556477,1
5464983,0,0.45347455,0
5464986,0,0.48964456,0
5465032,1,0.42682242,0
5465078,0,0.6307776,1
5465151,0,0.4630164,0
5465284,0,0.566231,1
5465296,1,0.1872103,0
5466069,0,0.30975753,0
5466220,0,0.15340075,0
5466659,1,0.41420075,0
5466951,0,0.4408677,0
5467797,0,0.4792867,0
5467829,0,0.2005106,0
5467843,0,0.47501296,0
5467885,0,0.7102933,1
5467968,0,0.21176368,0
5468040,0,0.26380438,0
5468176,0,0.23807205,0
5468179,0,0.4769616,0
5469188,0,0.5290504,1
5469355,0,0.28708684,0
5469635,1,0.12125692,0
5470127,0,0.2556218,0
5470255,0,0.45018652,0
5470283,0,0.4495409,0
5470363,0,0.52732617,1
5470548,0,0.5222114,1
5470550,0,0.39110497,0
5471215,0,0.30792236,0
5471216,0,0.50629073,1
5471217,0,0.49855655,0
5471298,1,0.42849144,0
5471322,0,0.5790315,1
5471464,0,0.5422844,1
5471483,0,0.22481668,0
5471486,0,0.42880133,0
5471788,0,0.20931618,0
5472072,0,0.50698125,1
5475494,0,0.21410382,0
5475536,0,0.24126343,0
5475558,0,0.37239048,0
5475624,0,0.29241621,0
5477168,0,0.40034226,0
5479961,0,0.18202455,0
5481448,0,0.27744117,0
5483225,0,0.36661303,0
5497908,0,0.65957654,1
5462592,0,0.35332695,0
5462595,0,0.45388034,0
5464411,0,0.15173227,0
5478089,0,0.68815684,1
5484141,0,0.776046,1
5486384,0,0.26819777,0
5477745,0,0.7365998,1
5485140,0,0.58771276,1
5475676,0,0.23211937,0
5475810,0,0.2509599,0
5475811,0,0.43669915,0
5475815,0,0.42640805,0
5476154,0,0.56936926,1
5476705,0,0.3926731,0
5476710,0,0.1994499,0
5478478,0,0.2117549,0
5478480,0,0.45941237,0
5478485,0,0.18990323,0
5485646,1,0.85772717,1
5471859,0,0.46914613,0
5468508,0,0.25529528,0
5495865,1,0.99816114,1
5475092,0,0.737319,1
5474057,0,0.9816529,1
5491465,0,0.77851623,1
5496295,1,0.92448413,1
5468374,1,0.98038876,1
5469752,0,0.68225104,1
5486045,0,0.3788373,0
5497748,1,0.67491734,1
5503274,0,0.58674,1
5503509,0,0.4054725,0
5463993,0,0.85922945,1
5461896,0,0.10810599,0
5465727,0,0.14422141,0
5465729,0,0.41484135,0
5465736,0,0.08919065,0
5465739,0,0.19246532,0
5465747,0,0.1641334,0
5467764,0,0.14236827,0
5467769,0,0.37197417,0
5484472,1,0.9367362,1
5464145,0,0.37670133,0
5484460,0,0.7320598,1
5465901,0,0.4978199,0
5477727,0,0.24047256,0
5503632,0,0.6527092,1
5484679,0,0.9393472,1
5479325,1,0.18236971,0
5476755,1,0.9507831,1
5468872,0,0.23573439,0
5465755,1,0.41970932,0
5476078,0,0.7559117,1
5476562,1,0.55815375,1
5481998,0,0.13894445,0
5483868,0,0.35502127,0
5483886,0,0.29461032,0
5505269,0,0.96559536,1
5465028,0,0.8837959,1
5465799,0,0.8793145,1
5465801,1,0.9261115,1
5468964,0,0.9035525,1
5470069,0,0.830372,1
5470073,1,0.926516,1
5470917,1,0.93395895,1
5470918,1,0.87090033,1
5474182,1,0.96826386,1
5474197,0,0.9526938,1
5474202,0,0.95727473,1
5475892,1,0.8910454,1
5475898,0,0.85330987,1
5475932,0,0.840931,1
5475933,0,0.9313963,1
5474701,0,0.6181727,1
5474746,0,0.29259866,0
5474750,0,0.80995905,1
5470199,1,0.73495704,1
5465359,1,0.86744034,1
5502392,0,0.84113085,1
5481174,0,0.5616275,1
5476402,0,0.579236,1
5470934,0,0.8000026,1
5498981,1,0.83399487,1
5467834,0,0.66740555,1
5467835,0,0.26843545,0
5481816,1,0.92702764,1
5462559,0,0.13364834,0
5472786,1,0.44831243,0
5473396,1,0.559878,1
5475311,0,0.31470618,0
5475525,0,0.3279967,0
5475627,0,0.4669283,0
5475643,0,0.29854026,0
5475998,0,0.36917153,0
5476133,1,0.35406947,0
5477510,0,0.28904778,0
5477863,0,0.45427218,0
5477864,1,0.49100798,0
5477865,0,0.36653072,0
5479141,0,0.4638612,0
5480686,1,0.6896664,1
5480760,0,0.26644215,0
5481964,0,0.27958244,0
5483079,0,0.37861043,0
5483448,0,0.32265,0
5484326,0,0.22966908,0
5485716,0,0.27040443,0
5486041,0,0.4550018,0
5499183,0,0.3090815,0
5479125,0,0.893878,1
5465669,1,0.9795609,1
5467701,1,0.9331588,1
5477115,1,0.39752042,0
5475278,0,0.5072243,1
5463154,0,0.65341836,1
5495347,0,0.89331365,1
5461571,1,0.92733896,1
5485212,1,0.69758517,1
5470015,0,0.83109653,1
5465086,1,0.5766408,1
5506715,0,0.5923596,1
5461528,0,0.2918485,0
5462613,0,0.8123839,1
5464484,0,0.18535356,0
5464486,0,0.48420334,0
5466365,0,0.072119415,0
5466366,0,0.23876639,0
5467030,0,0.28028896,0
5467259,0,0.07511221,0
5467981,0,0.84835523,1
5468646,0,0.21082668,0
5468647,0,0.1794138,0
5474924,0,0.05874878,0
5471320,0,0.8939068,1
5467376,0,0.7507596,1
5469638,0,0.54868555,1
5499503,0,0.31987947,0
5477312,1,0.8415956,1
5477315,0,0.86813456,1
5486389,0,0.31781426,0
5486390,0,0.7061923,1
5486394,0,0.32190058,0
5486395,0,0.14124374,0
5495308,0,0.30671394,0
5481980,0,0.45793626,0
5463491,0,0.21001379,0
5468452,0,0.49816936,0
5469841,0,0.2691715,0
5476160,0,0.35698658,0
5481120,0,0.7485603,1
5481121,0,0.44198382,0
5481123,0,0.47399312,0
5468116,0,0.4013002,0
5468761,0,0.41114628,0
5468791,0,0.47039866,0
5468912,0,0.77426773,1
5469029,0,0.18085493,0
5469043,0,0.29557988,0
5469953,0,0.33491716,0
5471614,0,0.24495107,0
5472284,1,0.2802299,0
5472641,0,0.21489696,0
5472700,0,0.09400178,0
5472714,1,0.76712185,1
5472810,0,0.37539238,0
5472811,0,0.3983252,0
5473080,0,0.34367815,0
5475140,0,0.2533155,0
5476311,0,0.3917517,0
5476898,0,0.39193514,0
5477699,0,0.2850555,0
5477706,0,0.1777879,0
5477715,0,0.43981087,0
5477956,0,0.3538126,0
5477959,0,0.44672665,0
5477960,0,0.17383972,0
5480817,0,0.18195175,0
5480819,0,0.14200206,0
5481025,0,0.3489358,0
5481026,0,0.3425114,0
5481075,0,0.3468467,0
5481442,0,0.25535005,0
5484833,0,0.25839674,0
5484837,0,0.15668163,0
5484844,0,0.41642633,0
5487901,0,0.11971734,0
5492058,1,0.8093035,1
5492063,0,0.51730615,1
5493752,1,0.21924625,0
5466529,0,0.70279676,1
5461239,1,0.48338988,0
5461241,0,0.70007503,1
5461344,1,0.8325214,1
5461450,0,0.6040529,1
5461584,0,0.3484395,0
5461596,0,0.48807424,0
5461859,0,0.57069564,1
5461911,0,0.45232856,0
5462248,0,0.56194615,1
5462309,0,0.420387,0
5462449,0,0.45335102,0
5462465,0,0.61704636,1
5462538,0,0.2347276,0
5462632,0,0.5670156,1
5462672,0,0.52758116,1
5462694,0,0.2681178,0
5462848,0,0.4636297,0
5462867,0,0.5608039,1
5462895,0,0.64670783,1
5463030,0,0.32285574,0
5463410,0,0.43381843,0
5463764,0,0.41578594,0
5463977,0,0.24663666,0
5463982,1,0.3914065,0
5463983,0,0.4080868,0
5463985,0,0.20203803,0
5464002,0,0.47002724,0
5464071,0,0.2468171,0
5464135,0,0.4781825,0
5464147,0,0.24217828,0
5464379,1,0.41817513,0
5464394,0,0.4007347,0
5464442,0,0.35810348,0
5464632,0,0.25703648,0
5464637,1,0.38965514,0
5464646,0,0.6012431,1
5464683,1,0.571717,1
5464795,0,0.5008738,1
5464798,0,0.3281142,0
5464799,0,0.5705346,1
5464801,1,0.33254415,0
5464831,0,0.5352345,1
5464834,1,0.59775954,1
5464936,1,0.39784086,0
5464981,0,0.387053,0
5464985,0,0.5204173,1
5465225,0,0.6548662,1
5465227,0,0.67263246,1
5465283,1,0.51682174,1
5465340,0,0.57097447,1
5465343,0,0.32081783,0
5465353,0,0.9278433,1
5465630,0,0.48159364,0
5466025,0,0.3805769,0
5466416,0,0.47997507,0
5466783,0,0.42049924,0
5466931,0,0.54691225,1
5467130,1,0.6339811,1
5467573,0,0.32511386,0
5467575,0,0.46158564,0
5467576,1,0.44997796,0
5467605,1,0.61641335,1
5467664,0,0.5299882,1
5467683,1,0.6985808,1
5467686,0,0.70943344,1
5467833,1,0.33995488,0
5468026,0,0.23244092,0
5468237,0,0.5314251,1
5468364,0,0.4756264,0
5468910,0,0.48962787,0
5469233,0,0.3918067,0
5469325,1,0.43263647,0
5469511,0,0.47003302,0
5470413,0,0.37132606,0
5470416,0,0.4715557,0
5470656,1,0.34756747,0
5470683,0,0.4950001,0
5470687,0,0.7061506,1
5470695,0,0.42567694,0
5473055,0,0.4276351,0
5473387,0,0.3955405,0
5473490,1,0.5459374,1
5473522,0,0.66079223,1
5475285,0,0.38184997,0
5478894,0,0.49226388,0
5481020,0,0.8051274,1
5464303,1,0.46336117,0
5467815,0,0.37057963,0
5483939,0,0.38243836,0
5492144,1,0.69699264,1
5472419,0,0.2866519,0
5476121,0,0.71742004,1
5473064,0,0.46293306,0
5473590,0,0.4616708,0
5476245,0,0.5676485,1
5476752,0,0.4402678,0
5478576,0,0.42034036,0
5478991,0,0.48574623,0
5480196,0,0.4119324,0
5468861,0,0.028774891,0
5474588,0,0.1744086,0
5480228,0,0.16081364,0
5481851,0,0.4857899,0
5478699,0,0.6787512,1
5479771,1,0.7236521,1
5474684,0,0.14924401,0
5486031,1,0.70408595,1
5469640,0,0.53081113,1
5496783,1,0.9953465,1
5494878,0,0.56532645,1
5483337,0,0.88729507,1
5505127,1,0.99957556,1
5484273,0,0.7086358,1
5477143,0,0.9849278,1
5479210,1,0.9942808,1
5483075,1,0.9438849,1
5483322,1,0.94075966,1
5463343,0,0.13622625,0
5480095,0,0.28222167,0
5462524,0,0.7123905,1
5482766,0,0.7880342,1
5476958,1,0.982057,1
5467348,1,0.95792955,1
5481663,0,0.36465228,0
5473545,0,0.5017137,1
5468825,1,0.9074727,1
5502963,1,0.96928644,1
5469896,0,0.4378701,0
5503482,1,0.9730315,1
5488139,0,0.53345734,1
5475482,1,0.88763624,1
5504350,0,0.74417853,1
5501618,1,0.7570874,1
5478062,0,0.7655928,1
5478115,0,0.33139822,0
5482289,0,0.17368068,0
5482562,1,0.8200187,1
5484752,0,0.24974497,0
5485630,1,0.69979596,1
5494122,0,0.35067979,0
5477013,0,0.96120477,1
5467634,0,0.76674527,1
5465616,0,0.80244005,1
5465802,0,0.52598226,1
5465829,0,0.88214856,1
5465872,0,0.25432983,0
5465996,0,0.3665276,0
5466274,0,0.18143539,0
5466280,0,0.21113625,0
5466286,0,0.15790975,0
5466317,0,0.23670624,0
5466393,0,0.25117937,0
5466981,0,0.13897991,0
5467008,0,0.14658205,0
5467069,0,0.1662118,0
5467324,0,0.06749627,0
5467330,0,0.13349149,0
5467436,0,0.3307851,0
5467485,0,0.077075884,0
5468926,0,0.34440607,0
5468929,1,0.13839853,0
5469314,0,0.18868037,0
5469407,0,0.5445624,1
5469486,0,0.14139909,0
5470495,0,0.32602656,0
5471234,0,0.2295853,0
5471664,0,0.18152878,0
5472045,0,0.21023166,0
5474857,0,0.21081503,0
5475190,0,0.11009688,0
5475985,0,0.7146032,1
5476390,0,0.5658903,1
5476399,0,0.10846127,0
5476607,1,0.486664,0
5477370,0,0.29337302,0
5477375,0,0.17538042,0
5477489,0,0.15803893,0
5478309,0,0.16968332,0
5478312,0,0.19491795,0
5478790,0,0.34598675,0
5479437,0,0.18504754,0
5479872,0,0.22329243,0
5480055,1,0.24389064,0
5480487,1,0.21174319,0
5480688,0,0.535872,1
5481101,0,0.2822629,0
5481814,0,0.20635761,0
5481821,0,0.10545175,0
5482243,0,0.26871845,0
5482919,0,0.30321538,0
5483279,0,0.19016938,0
5483285,0,0.15575214,0
5483724,0,0.35054356,0
5483726,0,0.28048652,0
5484773,0,0.17703122,0
5485060,0,0.48832795,0
5485062,0,0.3473544,0
5485067,1,0.50277025,1
5485110,0,0.117415845,0
5485652,1,0.17483926,0
5485654,1,0.48869932,0
5485930,1,0.16424508,0
5485936,0,0.305566,0
5486056,0,0.31485957,0
5486283,0,0.16110788,0
5486360,0,0.788308,1
5488203,0,0.23841703,0
5488337,1,0.4257795,0
5488340,0,0.3374479,0
5488345,0,0.30529287,0
5489644,0,0.21854128,0
5489647,0,0.56994927,1
5489648,0,0.34871995,0
5492031,1,0.69220513,1
5492970,0,0.75328493,1
5493244,0,0.43034163,0
5500545,0,0.52396137,1
5500547,1,0.16384244,0
5501383,0,0.2533304,0
5501385,0,0.15051548,0
5505458,1,0.38145843,0
5505459,0,0.42412204,0
5505838,0,0.6298546,1
5506323,0,0.1620343,0
5508364,0,0.26431328,0
5475764,1,0.70918834,1
5472207,0,0.6199917,1
5474881,0,0.4177484,0
5471357,0,0.53331053,1
5474694,0,0.6952859,1
5476754,0,0.38299382,0
5477547,0,0.31686363,0
5484351,0,0.249346,0
5464024,0,0.9807494,1
5500208,0,0.7817323,1
5505986,1,0.702992,1
5476534,0,0.39663833,0
5461469,0,0.44118458,0
5461471,0,0.41545823,0
5469576,0,0.19871482,0
5469583,1,0.29723775,0
5470522,0,0.56131536,1
5477445,0,0.13082866,0
5479271,0,0.62295955,1
5479277,0,0.4189349,0
5479280,0,0.4909742,0
5473918,0,0.48674703,0
5480056,1,0.66005975,1
5469705,1,0.9567352,1
5470587,0,0.40731862,0
5509092,0,0.9836558,1
5485098,1,0.8265378,1
5485099,0,0.9244543,1
5486249,0,0.75344443,1
5469978,0,0.41110575,0
5471403,0,0.21208075,0
5472706,0,0.31507495,0
5479068,0,0.67338985,1
5481119,0,0.3329005,0
5481122,1,0.949212,1
5474299,0,0.87732345,1
5462260,1,0.35151657,0
5461323,0,0.39335054,0
5461324,0,0.5451155,1
5461328,0,0.13928597,0
5461334,0,0.53298897,1
5469348,0,0.3409955,0
5469598,0,0.25243816,0
5471687,0,0.2736028,0
5472683,0,0.29012498,0
5472684,0,0.6297955,1
5473206,1,0.5753614,1
5482573,0,0.6997407,1
5483204,1,0.7543673,1
5483208,0,0.29300362,0
5483607,0,0.41281244,0
5494390,0,0.33448866,0
5465916,0,0.46033704,0
5472407,1,0.48930934,0
5475206,0,0.8358095,1
5476926,1,0.8198481,1
5461672,0,0.10669752,0
5463576,0,0.4667889,0
5463594,0,0.38147599,0
5463624,0,0.4391142,0
5463638,0,0.6335521,1
5464054,0,0.38565788,0
5464062,0,0.17015573,0
5464449,0,0.12951241,0
5467017,0,0.19328526,0
5467039,0,0.32816333,0
5467236,0,0.21026728,0
5469225,0,0.29412198,0
5477405,0,0.17132293,0
5478215,0,0.25546724,0
5478217,0,0.25925708,0
5478218,0,0.24530679,0
5478222,0,0.1557315,0
5478224,0,0.11804635,0
5478251,0,0.37115264,0
5478503,0,0.24431089,0
5478892,0,0.3741116,0
5478893,0,0.16708525,0
5478895,0,0.22725965,0
5478898,0,0.16711678,0
5478899,1,0.2498645,0
5480157,1,0.15840508,0
5480680,1,0.2005651,0
5480683,0,0.39605567,0
5480795,0,0.2827592,0
5481857,0,0.602856,1
5481860,0,0.1809524,0
5481863,0,0.4947937,0
5481869,0,0.26394415,0
5481870,1,0.087050885,0
5482104,0,0.17073828,0
5482106,0,0.18786755,0
5483163,0,0.20281757,0
5484550,0,0.2208446,0
5484561,0,0.13947566,0
5484562,0,0.27441788,0
5484563,0,0.26888397,0
5484569,0,0.18706606,0
5484819,0,0.13501404,0
5484956,0,0.34788665,0
5484965,0,0.20730065,0
5484973,0,0.15499388,0
5485431,0,0.16771181,0
5486164,0,0.27552044,0
5486167,0,0.10096732,0
5468161,0,0.9845449,1
5485017,1,0.9904541,1
5461175,0,0.24177216,0
5461702,0,0.304496,0
5461807,0,0.3617354,0
5509477,0,0.75650066,1
5485219,0,0.84915113,1
5463286,1,0.9407508,1
5491435,1,0.9814548,1
5461649,0,0.41663328,0
5461719,0,0.42081276,0
5461739,1,0.43419278,0
5461814,0,0.3901358,0
5462238,0,0.24915126,0
5462264,1,0.47445214,0
5462357,0,0.25657472,0
5462360,0,0.3466828,0
5462431,0,0.6387545,1
5462446,1,0.58026856,1
5462451,0,0.2900581,0
5462453,1,0.59170693,1
5462553,0,0.2099494,0
5462864,0,0.37954977,0
5463073,0,0.570211,1
5465273,0,0.43232587,0
5465322,0,0.10733137,0
5465631,0,0.37437785,0
5465633,0,0.34485093,0
5466172,0,0.23839581,0
5466182,0,0.5608431,1
5466636,0,0.5207932,1
5467699,0,0.27561408,0
5467704,0,0.5496975,1
5468098,0,0.26699775,0
5468100,0,0.19985972,0
5473489,0,0.80153704,1
5467886,0,0.8295994,1
5463181,0,0.29318115,0
5500412,0,0.9254521,1
5477132,0,0.83795816,1
5480469,0,0.29877803,0
5481094,0,0.4626425,0
5481396,0,0.8753134,1
5478857,1,0.76490694,1
5498954,1,0.98543084,1
5479305,1,0.84380794,1
5479371,1,0.8467001,1
5470942,0,0.42052156,0
5470943,1,0.40154365,0
5470947,0,0.42990807,0
5474779,0,0.4802737,0
5484826,0,0.5608792,1
5465472,0,0.35822147,0
5465491,0,0.48696998,0
5466500,0,0.3320505,0
5476318,0,0.9233305,1
5464571,0,0.41012824,0
5464572,1,0.40196896,0
5484264,0,0.374847,0
5486282,0,0.903092,1
5462634,0,0.68692225,1
5484765,0,0.9274627,1
5485344,0,0.9479496,1
5481256,0,0.27720302,0
5482655,0,0.49405375,0
5486103,0,0.3338052,0
5489480,0,0.29483548,0
5489481,0,0.2681341,0
5491821,0,0.39091492,0
5505830,0,0.37153202,0
5477082,0,0.7091973,1
5483086,1,0.6588785,1
5465354,1,0.33547297,0
5465408,0,0.45358205,0
5465250,0,0.79253364,1
5501731,0,0.61454767,1
5463742,0,0.34076875,0
5466756,1,0.95448166,1
5476691,0,0.21290849,0
5466733,0,0.28571323,0
5468580,0,0.29161307,0
5472977,0,0.6041625,1
5472978,0,0.61818135,1
5463448,0,0.46070892,0
5485318,1,0.7281329,1
5463659,1,0.84670264,1
5474267,1,0.7104383,1
5463135,0,0.668254,1
5463195,0,0.2789605,0
5463516,0,0.20168833,0
5463522,0,0.25980785,0
5463531,0,0.11749696,0
5463636,0,0.516489,1
5463646,0,0.27480352,0
5463647,0,0.11823437,0
5463832,1,0.16852425,0
5463835,0,0.24537426,0
5464239,0,0.22263975,0
5464445,0,0.25635767,0
5464461,0,0.19704771,0
5467678,1,0.20960635,0
5470738,0,0.45803556,0
5467550,0,0.41370064,0
5503839,0,0.112618454,0
5505765,0,0.1432462,0
5505766,0,0.44308186,0
5507154,0,0.5690758,1
5507156,0,0.36018595,0
5464211,0,0.26790422,0
5481409,0,0.85217917,1
5481705,0,0.22349308,0
5482072,0,0.26933247,0
5466629,1,0.93638533,1
5482222,0,0.41006163,0
5476346,0,0.3070952,0
5500842,0,0.5519717,1
5502519,0,0.73301303,1
5509433,0,0.28345996,0
5481378,0,0.26256776,0
5481524,0,0.16658093,0
5462782,0,0.9384808,1
5492091,1,0.9694234,1
5478286,0,0.88022596,1
5461258,0,0.80274534,1
5461260,0,0.39215335,0
5486480,1,0.94488066,1
5468564,1,0.59567666,1
5463064,0,0.75902843,1
5462081,0,0.49608696,0
5462530,0,0.13658778,0
5498527,0,0.37243614,0
5468464,1,0.8216137,1
5465201,0,0.33885813,0
5481937,0,0.72125745,1
5482345,0,0.46703812,0
5483837,0,0.4482937,0
5481601,0,0.45562825,0
5463255,1,0.9924859,1
5463292,0,0.9910495,1
5468305,0,0.43917271,0
5468613,0,0.13789935,0
5469264,0,0.15175033,0
5471857,0,0.45871282,0
5472891,0,0.20727704,0
5472952,0,0.15107512,0
5476977,0,0.12745322,0
5481219,0,0.3595748,0
5481236,0,0.19374664,0
5478952,0,0.7868352,1
5478019,0,0.7096639,1
5477451,0,0.8597832,1
5465319,0,0.13463072,0
5465423,0,0.21034126,0
5467216,1,0.30070722,0
5479816,0,0.5258561,1
5491620,0,0.23051041,0
5473504,0,0.70365065,1
5466706,0,0.8469477,1
5468209,0,0.493552,0
5470796,0,0.36709645,0
5485270,0,0.6195778,1
5482102,0,0.29534104,0
5464872,0,0.45194387,0
5464893,0,0.403992,0
5464894,1,0.53713095,1
5464954,0,0.5475337,1
5464956,0,0.3612344,0
5464962,1,0.26200056,0
5464968,0,0.39140677,0
5464972,1,0.6884856,1
5464974,0,0.75205755,1
5465242,0,0.4148611,0
5465243,0,0.7629569,1
5465247,0,0.58381706,1
5465352,0,0.514307,1
5465365,0,0.5877927,1
5465397,0,0.84400177,1
5465422,1,0.6256958,1
5465425,0,0.7661535,1
5465636,0,0.50238127,1
5465645,0,0.5986961,1
5465665,0,0.6134884,1
5465674,0,0.6029245,1
5466030,0,0.3955094,0
5466031,0,0.5051279,1
5466046,0,0.52201045,1
5466047,0,0.56892645,1
5466048,0,0.52255285,1
5466054,0,0.5553871,1
5466089,0,0.5042078,1
5466112,0,0.51052755,1
5467514,0,0.28060338,0
5467518,0,0.32111317,0
5467551,1,0.4755721,0
5467557,0,0.48138583,0
5467560,0,0.32710314,0
5467589,1,0.48877764,0
5467638,0,0.30368355,0
5467639,0,0.29504263,0
5467670,1,0.46570867,0
5467955,0,0.3962136,0
5468037,0,0.47512272,0
5468039,0,0.70741373,1
5468041,0,0.3861707,0
5468050,0,0.43161765,0
5468082,1,0.34958056,0
5468326,0,0.40534374,0
5468327,0,0.6335298,1
5468328,0,0.4557633,0
5468342,0,0.29730922,0
5468347,0,0.30067074,0
5468350,0,0.46769732,0
5468354,0,0.259365,0
5468357,0,0.19433945,0
5468360,0,0.29314,0
5468431,0,0.4762955,0
5468632,1,0.41538793,0
5468635,0,0.22165285,0
5469026,1,0.30625123,0
5469893,0,0.2698324,0
5470657,0,0.50299186,1
5470659,1,0.5061297,1
5470660,0,0.3086217,0
5470662,1,0.5415283,1
5470663,0,0.42032638,0
5474511,0,0.5089477,1
5474531,1,0.30715883,0
5475657,0,0.47771394,0
5476629,0,0.28360924,0
5477040,0,0.41596806,0
5477042,0,0.51974696,1
5477046,0,0.61174566,1
5477071,0,0.47157246,0
5477138,0,0.4222443,0
5477146,0,0.38972914,0
5477167,0,0.32789946,0
5477525,0,0.44639435,0
5477528,0,0.4289443,0
5477530,0,0.52194,1
5477532,1,0.62230086,1
5477568,0,0.4939381,0
5477569,0,0.44570744,0
5477581,0,0.46585074,0
5477599,0,0.4823242,0
5478482,0,0.25597608,0
5478484,1,0.56757975,1
5478502,0,0.24020489,0
5475685,0,0.65299237,1
5508515,0,0.7441394,1
5472729,0,0.73881704,1
5472113,0,0.4921725,0
5472406,0,0.4240298,0
5479516,0,0.3335704,0
5476343,1,0.7066278,1
5476401,1,0.9256092,1
5476882,0,0.7590798,1
5486235,1,0.7583621,1
5486240,0,0.6612611,1
5462961,0,0.26616353,0
5463253,0,0.38324335,0
5463337,1,0.334655,0
5463587,0,0.46145147,0
5463767,0,0.30245844,0
5464430,0,0.10542278,0
5466240,0,0.71390224,1
5466353,0,0.40067306,0
5466732,0,0.21027803,0
5470285,0,0.42125493,0
5475223,0,0.31818303,0
5481031,0,0.46974024,0
5484892,0,0.33088145,0
5484898,0,0.27107885,0
5461566,0,0.8825811,1
5462315,0,0.6620733,1
5463391,0,0.5540155,1
5463925,0,0.498515,0
5464609,0,0.59519404,1
5464788,0,0.41264653,0
5467156,0,0.35768998,0
5469338,0,0.54577106,1
5469848,0,0.5268628,1
5476047,1,0.6650686,1
5462868,0,0.50648916,1
5462872,0,0.56887776,1
5462888,0,0.27772275,0
5462914,0,0.3527897,0
5462917,0,0.15200947,0
5462926,1,0.37386987,0
5462934,0,0.48811638,0
5462940,0,0.35740468,0
5462978,0,0.22777176,0
5462982,0,0.31375796,0
5462985,0,0.20078127,0
5463005,0,0.3571257,0
5464835,0,0.27166697,0
5464844,0,0.29349166,0
5464847,0,0.3295991,0
5464927,0,0.39579907,0
5464950,0,0.32919362,0
5465301,0,0.3874224,0
5463981,0,0.9506525,1
5464797,0,0.3708527,0
5504240,0,0.66577363,1
5475392,0,0.32507855,0
5502496,1,0.9697148,1
5461264,0,0.6275834,1
5469321,0,0.4295441,0
5472184,1,0.17698443,0
5476156,0,0.4201061,0
5476162,0,0.3146455,0
5476747,0,0.49462736,0
5478839,0,0.27972046,0
5480463,0,0.35479492,0
5480464,0,0.44392812,0
5461880,0,0.831841,1
5466855,1,0.7120105,1
5468045,0,0.69855577,1
5500285,0,0.33130112,0
5462118,0,0.38355502,0
5463110,0,0.41255307,0
5467005,0,0.6038627,1
5461221,1,0.2760796,0
5461229,0,0.16953032,0
5461231,0,0.40429938,0
5461232,0,0.27472615,0
5485767,0,0.19862872,0
5464298,0,0.43373248,0
5464695,0,0.49852937,0
5467029,0,0.81865907,1
5467441,0,0.43601754,0
5467663,0,0.35714892,0
5468522,0,0.77157146,1
5469282,0,0.56086636,1
5469670,1,0.57562995,1
5469783,1,0.0925762,0
5470854,0,0.50213677,1
5470920,0,0.16565157,0
5472164,0,0.6525265,1
5472168,0,0.60135144,1
5473904,0,0.45229644,0
5474449,0,0.37974936,0
5474460,1,0.775076,1
5475001,1,0.5942862,1
5475276,0,0.34165007,0
5475521,0,0.362816,0
5475617,0,0.37140542,0
5475628,0,0.12150418,0
5475636,0,0.4417311,0
5476996,0,0.8635738,1
5477593,0,0.7723038,1
5480276,0,0.6103773,1
5473150,1,0.8469312,1
5477118,0,0.57685995,1
5463201,0,0.35184327,0
5463250,0,0.44793233,0
5463510,1,0.68456405,1
5464231,0,0.37944394,0
5464238,0,0.86822873,1
5464285,0,0.34963337,0
5467368,0,0.43066624,0
5467372,0,0.2474718,0
5474243,0,0.4460583,0
5465661,1,0.9281207,1
5465811,1,0.93527764,1
5473586,0,0.7067054,1
5473647,0,0.81726843,1
5473776,0,0.29326168,0
5473834,0,0.56232935,1
5498960,1,0.5442191,1
5474333,0,0.12808992,0
5477474,0,0.16965885,0
5461233,0,0.25988194,0
5461235,0,0.6032036,1
5461461,0,0.5605694,1
5461463,0,0.6123663,1
5461533,0,0.10605472,0
5463838,0,0.15309869,0
5464370,0,0.4235437,0
5464371,0,0.23793192,0
5464843,0,0.2188011,0
5465598,0,0.3921356,0
5468887,0,0.18387547,0
5468890,0,0.21434006,0
5468932,0,0.17478175,0
5483000,0,0.31193766,0
5465655,0,0.6103439,1
5465660,1,0.6736179,1
5469829,0,0.4193443,0
5488000,0,0.6361848,1
5492247,0,0.60825396,1
5462701,0,0.901663,1
5474885,0,0.84819615,1
5462283,1,0.9940555,1
5477935,1,0.991514,1
5502992,1,0.85756236,1
5461973,0,0.41152152,0
5461975,0,0.2633328,0
5461230,0,0.75994056,1
5475557,0,0.5564663,1
5477416,0,0.35339618,0
5477418,0,0.6757894,1
5482214,1,0.44214147,0
5470670,0,0.4402914,0
5478488,0,0.70002925,1
5478874,0,0.42442536,0
5461564,0,0.7545182,1
5461581,1,0.83207166,1
5477086,1,0.69670445,1
5494298,0,0.40746596,0
5498872,0,0.53490406,1
5461757,0,0.876985,1
5461846,0,0.571247,1
5467816,1,0.5794772,1
5476774,0,0.7723142,1
5476840,0,0.500306,1
5477214,0,0.78725296,1
5465888,1,0.9323528,1
5462102,1,0.7863315,1
5492219,1,0.9492423,1
5462144,0,0.5791785,1
5471827,0,0.9574404,1
5475746,0,0.36008376,0
5477256,0,0.82046974,1
5482094,0,0.45851254,0
5462695,1,0.97357744,1
5466886,0,0.3267929,0
5462779,1,0.93641484,1
5463756,1,0.83281565,1
5463759,0,0.57542425,1
5464202,0,0.46633855,0
5462966,1,0.9465706,1
5462988,0,0.92936414,1
5469430,0,0.8195448,1
5468147,0,0.71783006,1
5465641,0,0.59990954,1
5463222,0,0.88201416,1
5469470,1,0.99004716,1
5471356,1,0.681051,1
5463248,1,0.99165714,1
5463844,0,0.6826,1
5469379,0,0.18510938,0
5463357,0,0.9731748,1
5463412,1,0.8699929,1
5465429,1,0.8084163,1
5472995,1,0.9155108,1
5470034,1,0.9173281,1
5469071,1,0.8060957,1
5475477,0,0.5664575,1
5476034,1,0.8841607,1
5479978,0,0.44179252,0
5464533,0,0.7702482,1
5466026,0,0.57439286,1
5466028,0,0.62612915,1
5466272,0,0.58577746,1
5466278,0,0.22693367,0
5466449,0,0.29147327,0
5466489,1,0.6591179,1
5465367,0,0.7262805,1
5464569,0,0.8396451,1
5464515,1,0.9497689,1
5464518,0,0.87881017,1
5464589,1,0.8884852,1
5464654,1,0.84027296,1
5464682,1,0.9974274,1
5464687,0,0.5686646,1
5466453,0,0.5850717,1
5467161,0,0.24635968,0
5464871,0,0.6960164,1
5472613,0,0.8334006,1
5473045,0,0.8638168,1
5485469,0,0.38358352,0
5486715,1,0.74885195,1
5486716,0,0.7884157,1
5486721,0,0.7083492,1
5487328,0,0.43303365,0
5497321,0,0.21185708,0
5467467,1,0.99469537,1
5467422,0,0.5563014,1
5465554,1,0.9700155,1
5477920,0,0.6481928,1
5479806,1,0.88819534,1
5468277,0,0.61150295,1
5466854,0,0.53346896,1
5503491,0,0.7343858,1
5465262,0,0.24388552,0
5467205,0,0.3464783,0
5466102,0,0.32016805,0
5470958,0,0.39500657,0
5465431,1,0.755658,1
5465462,1,0.77574164,1
5468284,1,0.8178349,1
5469806,1,0.46076548,0
5466194,0,0.16767377,0
5469575,0,0.13336404,0
5471724,0,0.280516,0
5471727,0,0.43707794,0
5477639,0,0.9778722,1
5468304,0,0.6589447,1
5468310,0,0.4888612,0
5475550,0,0.34968397,0
5476652,0,0.37026006,0
5476653,0,0.22829916,0
5467228,1,0.8819478,1
5476553,1,0.93784446,1
5465708,0,0.84410167,1
5497197,1,0.98653096,1
5469174,0,0.5108485,1
5465807,1,0.99273455,1
5467724,0,0.7437135,1
5481145,1,0.910486,1
5484789,0,0.781158,1
5466022,0,0.94866335,1
5466081,0,0.9618958,1
5466171,0,0.81103516,1
5466473,1,0.9889494,1
5466191,1,0.99878985,1
5501961,1,0.8662982,1
5501962,1,0.9286487,1
5466356,1,0.8351968,1
5467555,0,0.81305027,1
5495407,0,0.46489546,0
5466762,0,0.49040723,0
5496461,1,0.9539981,1
5466939,0,0.84598935,1
5469339,0,0.42982414,0
5470184,0,0.2628165,0
5467095,0,0.36042514,0
5477062,0,0.51246893,1
5467257,0,0.5104045,1
5467262,0,0.33715516,0
5467409,0,0.50666034,1
5467412,0,0.26351422,0
5467421,0,0.31225768,0
5467424,0,0.7761932,1
5467425,0,0.5167322,1
5467429,0,0.43667096,0
5467614,0,0.33301598,0
5467617,0,0.53299004,1
5468158,0,0.31206506,0
5469349,0,0.60233724,1
5467336,1,0.85782295,1
5467327,0,0.96229583,1
5480126,0,0.711538,1
5472431,0,0.3873651,0
5473426,0,0.3741261,0
5473460,0,0.08760187,0
5473941,0,0.31124797,0
5473976,0,0.2272994,0
5474042,0,0.19295117,0
5474441,0,0.16625771,0
5475062,0,0.2647765,0
5475625,0,0.2490613,0
5475694,0,0.436462,0
5475704,0,0.13023613,0
5475705,0,0.15978986,0
5476135,0,0.20345587,0
5476136,0,0.12708618,0
5476145,0,0.4709203,0
5476689,0,0.35415915,0
5477008,0,0.11765601,0
5477026,0,0.15817432,0
5477033,0,0.25024304,0
5477145,0,0.4665033,0
5478475,0,0.22396924,0
5478846,0,0.10039327,0
5478905,0,0.14679329,0
5478906,0,0.06244527,0
5478938,0,0.1131994,0
5490587,0,0.19878899,0
5485943,0,0.38979253,0
5487958,0,0.16129652,0
5490774,0,0.56769174,1
5492560,0,0.25959486,0
5492562,0,0.32349423,0
5492563,0,0.4788522,0
5492645,0,0.14797603,0
5497554,0,0.8592509,1
5475497,1,0.7434025,1
5467970,0,0.31276155,0
5469954,0,0.54107827,1
5470245,0,0.5986561,1
5470688,0,0.4984758,0
5470940,0,0.54288465,1
5470965,0,0.81119335,1
5471093,0,0.6537112,1
5471098,0,0.65999293,1
5475786,0,0.59458435,1
5475794,0,0.4409144,0
5477791,0,0.8734184,1
5476033,0,0.9144588,1
5501338,0,0.78057903,1
5468911,0,0.61686313,1
5468918,1,0.5001061,1
5472954,0,0.7875191,1
5473902,0,0.7338741,1
5474240,0,0.41680586,0
5474244,0,0.86866295,1
5467907,0,0.8731772,1
5468550,0,0.6084631,1
5468553,0,0.38021192,0
5468560,0,0.39540258,0
5468565,0,0.4635841,0
5468568,0,0.8061525,1
5468571,0,0.6312671,1
5468579,0,0.27135104,0
5469560,0,0.57026356,1
5469884,0,0.28657928,0
5470260,1,0.41819346,0
5470263,0,0.25016472,0
5470886,0,0.25072443,0
5470889,0,0.48945028,0
5484283,0,0.2667732,0
5477150,0,0.4263178,0
5468027,1,0.99855226,1
5484723,0,0.65775734,1
5491163,0,0.8887853,1
5468490,1,0.9975828,1
5471205,1,0.81334305,1
5468526,0,0.4149733,0
5470222,0,0.29107913,0
5474028,0,0.5439565,1
5468617,1,0.8110412,1
5470794,0,0.45731732,0
5472719,0,0.4536201,0
5472727,0,0.33605865,0
5472728,0,0.6045464,1
5472736,0,0.7806608,1
5473084,0,0.29744652,0
5473707,1,0.8873335,1
5473964,1,0.90580463,1
5468750,0,0.7969677,1
5468751,1,0.9689762,1
5468899,1,0.9629962,1
5482963,0,0.25758308,0
5476144,0,0.8262957,1
5469132,1,0.93399346,1
5470019,1,0.9002228,1
5500221,1,0.8226642,1
5480085,0,0.6817026,1
5482253,0,0.4171559,0
5469342,1,0.9195542,1
5474984,1,0.37226543,0
5469542,1,0.57072735,1
5478652,1,0.7385459,1
5469985,0,0.7629187,1
5469987,1,0.96165454,1
5469717,0,0.22103283,0
5480404,0,0.28552884,0
5473353,0,0.5162315,1
5473398,1,0.9523346,1
5469821,1,0.919214,1
5471108,0,0.83154863,1
5469945,1,0.97864693,1
5491018,0,0.97835654,1
5470136,1,0.7964506,1
5470524,0,0.9172019,1
5470249,1,0.8371073,1
5470267,1,0.88521427,1
5470353,1,0.92095023,1
5470401,1,0.98354614,1
5496941,0,0.6448934,1
5498423,0,0.46239403,0
5471758,0,0.93145704,1
5473948,0,0.58341044,1
5473952,0,0.23046245,0
5501630,0,0.7273316,1
5470946,0,0.96200424,1
5497231,1,0.7055785,1
5472561,0,0.95344764,1
5473442,1,0.9082912,1
5475378,0,0.7384701,1
5476312,1,0.66706246,1
5493737,1,0.8798323,1
5470843,0,0.309092,0
5473787,1,0.52765733,1
5471127,1,0.91123235,1
5485590,0,0.40606445,0
5471208,0,0.46711183,0
5471261,0,0.6077599,1
5471265,0,0.39510164,0
5471266,0,0.21834393,0
5471267,0,0.23129638,0
5471269,1,0.24251953,0
5471572,0,0.16537245,0
5471578,0,0.40586093,0
5471583,0,0.45183083,0
5471591,0,0.5136061,1
5471607,0,0.3131783,0
5471864,0,0.31503695,0
5471865,0,0.34374988,0
5471874,0,0.10291656,0
5472279,0,0.30812678,0
5476945,0,0.5618247,1
5497831,0,0.7461018,1
5471527,1,0.700739,1
5471703,0,0.64210993,1
5471705,0,0.7055471,1
5504092,0,0.39690733,0
5476766,0,0.8667045,1
5471644,0,0.82155514,1
5471677,1,0.9792901,1
5472280,1,0.98451024,1
5471878,1,0.9334739,1
5472145,1,0.83978504,1
5472993,1,0.9183408,1
5480821,0,0.87557644,1
5474818,0,0.48522002,0
5506140,1,0.98287785,1
5474357,0,0.43607476,0
5472847,1,0.86814696,1
5472386,0,0.4151899,0
5472679,1,0.9995065,1
5472695,0,0.73915905,1
5479984,0,0.8226578,1
5473035,1,0.8716381,1
5479622,0,0.68971527,1
5474667,1,0.3658493,0
5483933,0,0.8104746,1
5473312,0,0.91517764,1
5473367,0,0.9411245,1
5473437,1,0.95085853,1
5473752,0,0.8604602,1
5473838,1,0.9710163,1
5504316,0,0.47614703,0
5504317,0,0.49638307,0
5494158,0,0.958815,1
5473974,0,0.9851848,1
5478998,1,0.8326651,1
5479842,1,0.63714385,1
5479736,0,0.41020665,0
5480615,0,0.67986166,1
5482133,0,0.4017652,0
5482144,1,0.6900054,1
5474296,0,0.64129364,1
5485661,1,0.67585975,1
5474838,0,0.90926886,1
5474418,1,0.9094469,1
5474472,0,0.9245771,1
5474535,1,0.99063885,1
5474546,1,0.97952247,1
5479022,1,0.85559225,1
5475772,0,0.30008703,0
5477834,0,0.4188159,0
5474856,1,0.9823888,1
5474883,1,0.9811468,1
5474982,1,0.5452795,1
5474983,0,0.8030592,1
5488197,1,0.8661933,1
5480804,0,0.578918,1
5476122,0,0.9103156,1
5506359,0,0.897053,1
5475173,1,0.93066466,1
5475464,0,0.7727596,1
5484689,1,0.9480534,1
5500330,1,0.7878922,1
5481495,1,0.8717594,1
5476965,1,0.8964785,1
5476073,0,0.14525513,0
5476635,1,0.88438374,1
5481294,0,0.7052849,1
5481475,1,0.38283348,0
5479297,1,0.6084455,1
5475880,1,0.7632271,1
5476051,0,0.9433113,1
5477079,0,0.37951034,0
5494595,1,0.9164235,1
5476341,0,0.5915647,1
5476347,0,0.3072387,0
5476169,0,0.9346036,1
5476189,1,0.942626,1
5484394,0,0.9266693,1
5497457,0,0.5465616,1
5476323,1,0.9270768,1
5478564,0,0.76417744,1
5476824,0,0.46193346,0
5503307,0,0.37795702,0
5489895,0,0.8844516,1
5506415,0,0.8132316,1
5506416,0,0.6286186,1
5506418,0,0.8043185,1
5506419,0,0.3777349,0
5506434,0,0.23345698,0
5476524,0,0.90989417,1
5476867,1,0.9116347,1
5476532,0,0.96822995,1
5477020,0,0.9507192,1
5478347,0,0.7271079,1
5479724,0,0.41948837,0
5476699,1,0.80104876,1
5489869,0,0.53694004,1
5489879,0,0.41579798,0
5499874,0,0.96076244,1
5477531,1,0.8360754,1
5477964,0,0.8667015,1
5477021,1,0.9014481,1
5500738,0,0.90361387,1
5501456,0,0.29381573,0
5505740,0,0.5874296,1
5485841,0,0.6868079,1
5485843,0,0.3732959,0
5485871,0,0.49442148,0
5499170,1,0.96839744,1
5485167,0,0.8822455,1
5470643,0,0.2982704,0
5475542,0,0.7005106,1
5497929,0,0.20605142,0
5477556,1,0.8135609,1
5478319,1,0.9362405,1
5479598,0,0.818171,1
5477988,0,0.9080943,1
5478188,0,0.52486527,1
5478234,1,0.8860911,1
5478375,0,0.9396874,1
5478433,0,0.47413722,0
5479117,0,0.4596001,0
5478486,1,0.9921029,1
5479759,1,0.9501931,1
5482774,1,0.96855295,1
5481541,0,0.78201133,1
5481197,0,0.46709493,0
5478896,1,0.9600697,1
5495949,0,0.5566608,1
5478945,1,0.98746175,1
5482965,0,0.82450306,1
5483375,0,0.54284275,1
5482550,0,0.99209046,1
5479107,0,0.8626152,1
5479075,1,0.99411523,1
5479103,1,0.9382322,1
5480505,0,0.78938454,1
5479166,0,0.8349559,1
5483514,1,0.8673701,1
5491652,1,0.6953546,1
5479253,0,0.89624333,1
5479390,1,0.9813571,1
5479442,1,0.8513292,1
5479595,1,0.9502978,1
5481581,0,0.63331354,1
5479986,0,0.8469021,1
5480735,0,0.40340203,0
5486026,0,0.27923927,0
5479716,0,0.86652976,1
5481298,1,0.43342185,0
5479790,0,0.5580334,1
5491950,1,0.8766727,1
5481301,0,0.41840622,0
5480030,0,0.9479305,1
5482112,0,0.36776212,0
5482476,0,0.4168133,0
5480924,0,0.6867521,1
5480925,0,0.33756697,0
5480279,1,0.97544277,1
5480280,1,0.9262453,1
5480362,1,0.7230275,1
5480377,0,0.48684058,0
5486089,1,0.89112633,1
5483737,0,0.9465035,1
5480496,1,0.7725617,1
5482964,0,0.77003944,1
5483013,0,0.50687903,1
5480602,1,0.83242893,1
5480621,1,0.7699575,1
5485626,1,0.9784468,1
5481841,0,0.4391672,0
5481843,1,0.28349736,0
5481848,0,0.60416085,1
5482314,0,0.24104303,0
5483274,0,0.41179255,0
5483382,0,0.3041951,0
5483386,0,0.5051343,1
5483388,0,0.41781655,0
5483421,0,0.417313,0
5484640,0,0.27099755,0
5484694,0,0.42590982,0
5480794,0,0.9536035,1
5481643,0,0.4574945,0
5481645,0,0.5759713,1
5480806,1,0.9708119,1
5485080,0,0.4565351,0
5485515,0,0.3165464,0
5480809,1,0.83253676,1
5480860,0,0.8855997,1
5480883,0,0.82646286,1
5480876,1,0.7859881,1
5485983,0,0.30537155,0
5485990,0,0.32562372,0
5485992,0,0.39543256,0
5486003,0,0.3317066,0
5481007,1,0.9231351,1
5480999,1,0.9918401,1
5481074,1,0.8966859,1
5483940,0,0.6827709,1
5482824,0,0.32404846,0
5484134,0,0.48109615,0
5483575,0,0.8737334,1
5483585,0,0.70763254,1
5484825,0,0.2395547,0
5485182,0,0.3165551,0
5485183,0,0.1363544,0
5483031,1,0.57402724,1
5500380,0,0.66848636,1
5481625,0,0.7038863,1
5481660,1,0.94604623,1
5482732,1,0.4763923,0
5482735,0,0.7176591,1
5482737,0,0.39087746,0
5482738,0,0.37620157,0
5482760,0,0.3507914,0
5482765,0,0.56848663,1
5495254,1,0.9606719,1
5481875,0,0.9248716,1
5483927,0,0.5080163,1
5483929,0,0.39493296,0
5483930,0,0.6660009,1
5483932,0,0.51258844,1
5483935,0,0.24572128,0
5483937,0,0.24976055,0
5483946,0,0.31175077,0
5482065,1,0.91617996,1
5483645,0,0.5456293,1
5483652,0,0.5858295,1
5482587,0,0.9869466,1
5482759,0,0.60686344,1
5484662,0,0.47970495,0
5493381,0,0.20997709,0
5482404,0,0.9219296,1
5505963,0,0.9237489,1
5485851,0,0.3737989,0
5483091,0,0.9072995,1
5485205,0,0.5948728,1
5486340,1,0.12103795,0
5486346,0,0.61464036,1
5486676,0,0.53189015,1
5487130,0,0.9230322,1
5487632,0,0.3402008,0
5483094,1,0.94126266,1
5483101,0,0.37517732,0
5484046,0,0.970256,1
5500848,1,0.9630061,1
5483413,1,0.96516156,1
5483423,0,0.5463866,1
5484122,1,0.8194515,1
5483539,0,0.79395545,1
5483570,0,0.41017228,0
5483581,0,0.17572668,0
5483936,0,0.6833989,1
5483665,0,0.95254636,1
5484469,1,0.76297987,1
5483925,0,0.9159122,1
5483952,1,0.92294514,1
5491642,0,0.2741622,0
5483978,1,0.8861985,1
5488275,1,0.8989722,1
5493062,1,0.9648051,1
5497602,0,0.90224224,1
5484247,1,0.6881003,1
5493236,1,0.89680326,1
5484224,1,0.99314886,1
5484499,0,0.9245112,1
5491323,1,0.95047873,1
5484591,0,0.69870096,1
5485920,0,0.1644783,0
5486033,0,0.4731697,0
5486064,1,0.5063562,1
5486090,0,0.509547,1
5494875,0,0.85640836,1
5484748,0,0.76977235,1
5484771,1,0.9163308,1
5484928,1,0.9857166,1
5485108,0,0.597523,1
5496606,1,0.90846306,1
5485653,0,0.76128095,1
5485131,1,0.98365676,1
5485144,1,0.9626439,1
5485623,0,0.4373307,0
5485345,0,0.61877996,1
5486469,0,0.28706667,0
5485903,1,0.8466903,1
5487722,0,0.91182834,1
5490264,0,0.2754404,0
5490267,0,0.67214286,1
5494474,0,0.65741235,1
5494676,0,0.5980077,1
5494683,0,0.8267584,1
5494730,0,0.61431324,1
5494737,0,0.35107803,0
5494926,0,0.47612503,0
5494927,0,0.45797426,0
5495898,0,0.44041836,0
5485928,0,0.7084011,1
5486081,0,0.44751424,0
5486217,1,0.9758873,1
5486172,1,0.9805171,1
5486219,1,0.9486432,1
5486348,0,0.8473618,1
5486410,0,0.9852583,1
5490248,1,0.87177104,1
5487803,1,0.9692561,1
5487150,1,0.8985367,1
5495885,0,0.61602795,1
5499777,0,0.97916573,1
5498001,1,0.9340832,1
5487495,1,0.97565174,1
5487604,1,0.93870556,1
5487629,1,0.8910793,1
5492391,0,0.78964424,1
5487755,1,0.9299544,1
5494409,1,0.98636264,1
5492713,0,0.9328961,1
5506461,0,0.37205973,0
5489700,1,0.9957996,1
5497080,0,0.96757674,1
5492104,0,0.51520854,1
5500620,0,0.40025744,0
5500942,0,0.36924788,0
5490081,0,0.9888151,1
5490392,1,0.96347314,1
5492820,0,0.80794185,1
5492823,0,0.8613565,1
5490447,0,0.90368843,1
5507365,1,0.8547248,1
5490679,1,0.9680607,1
5490701,0,0.8899013,1
5490943,1,0.95691,1
5491083,0,0.98096085,1
5491102,1,0.9867035,1
5497810,0,0.82106835,1
5502654,0,0.68874633,1
5503332,1,0.49020404,0
5496860,0,0.8180356,1
5497447,0,0.9035977,1
5492512,0,0.9741047,1
5491856,0,0.7304627,1
5491890,1,0.91430515,1
5491918,1,0.99018806,1
5492246,0,0.45864034,0
5492162,1,0.94116,1
5492195,0,0.95622694,1
5492188,1,0.9317754,1
5492222,1,0.8809577,1
5492298,1,0.95758903,1
5499726,0,0.89843243,1
5492489,1,0.87808025,1
5492485,0,0.9168955,1
5499569,0,0.93304974,1
5506428,1,0.8985334,1
5506439,0,0.84475994,1
5499174,1,0.9775893,1
5493324,0,0.9483201,1
5493834,0,0.8924214,1
5499290,1,0.8456687,1
5493948,0,0.9548402,1
5494084,0,0.4095377,0
5499151,1,0.9031282,1
5496388,1,0.7364345,1
5494182,0,0.77149254,1
5494818,1,0.8214179,1
5494261,0,0.7181094,1
5501235,0,0.8784381,1
5501540,0,0.96478003,1
5501541,0,0.7090579,1
5496450,1,0.5854783,1
5495648,1,0.9746934,1
5498123,0,0.83387744,1
5495014,1,0.91563344,1
5495180,1,0.8704308,1
5505498,0,0.66521096,1
5504737,0,0.7161218,1
5495429,0,0.5668656,1
5495529,1,0.9775031,1
5495675,0,0.8281655,1
5502336,0,0.9497501,1
5503223,0,0.92771244,1
5509117,1,0.93758756,1
5495954,1,0.9405955,1
5496652,0,0.792117,1
5496536,0,0.97617936,1
5504993,0,0.4135703,0
5507802,0,0.50595504,1
5507805,0,0.6202379,1
5507808,0,0.8656301,1
5496662,1,0.5167811,1
5499228,0,0.8695128,1
5500597,0,0.7584148,1
5497167,0,0.7598037,1
5497181,0,0.8607387,1
5497461,1,0.9991316,1
5497472,0,0.90930146,1
5497560,1,0.9935086,1
5497594,1,0.91346675,1
5497656,1,0.84400153,1
5505187,0,0.6288941,1
5498043,1,0.9885067,1
5501730,1,0.82709795,1
5506502,0,0.91553664,1
5498186,1,0.9157587,1
5498394,0,0.8350839,1
5498415,1,0.95625037,1
5498846,0,0.5910913,1
5498891,1,0.8226223,1
5499069,0,0.8667506,1
5499206,1,0.99629325,1
5499267,0,0.9512677,1
5508013,1,0.96823615,1
5500586,0,0.95327884,1
5500731,1,0.8374101,1
5500941,1,0.97595924,1
5500979,1,0.97648627,1
5500997,1,0.92399,1
5501484,0,0.86910385,1
5501538,1,0.998216,1
5501672,0,0.96185213,1
5501938,0,0.97477186,1
5504638,0,0.91307193,1
5502187,1,0.95779216,1
5503717,1,0.99762577,1
5502344,1,0.9614368,1
5502512,1,0.9493807,1
5502582,0,0.93045366,1
5502621,0,0.22368744,0
5503343,0,0.519922,1
5502677,1,0.9337961,1
5502827,0,0.57300115,1
5503681,0,0.8836745,1
5503683,0,0.4192529,0
5503686,0,0.55497754,1
5503687,0,0.19034238,0
5503688,0,0.5643908,1
5502871,1,0.96675247,1
5503001,0,0.9809884,1
5504439,1,0.8944148,1
5503507,1,0.9951799,1
5503566,0,0.9860135,1
5503726,1,0.8905789,1
5504053,1,0.9877702,1
5504101,1,0.93294495,1
5504540,0,0.92146444,1
5504802,1,0.9073002,1
5504997,0,0.9199857,1
5505139,1,0.9907811,1
5508990,0,0.57994944,1
5509029,0,0.54246294,1
5505208,1,0.57849807,1
5506015,1,0.91679126,1
5505499,1,0.96253633,1
5505528,1,0.9758557,1
5509435,0,0.8832614,1
5508280,0,0.68860036,1
5505815,1,0.9477908,1
5505976,1,0.90286684,1
5506189,1,0.99060285,1
5506592,1,0.9501896,1
5506604,1,0.9751694,1
5506727,0,0.96809185,1
5506870,1,0.5043902,1
5507149,1,0.96526295,1
5507150,1,0.9312463,1
5507210,1,0.94693506,1
5507767,0,0.86267227,1
5508740,1,0.7306207,1
5508389,1,0.8999432,1
5508914,1,0.9950517,1
5508897,0,0.9780281,1
5508747,1,0.9804041,1
5509089,0,0.9343816,1
5509093,0,0.86667556,1
