SuggestedId,y_true,Decision,Category,Reasoning,raw_output,parse_error,y_pred_rejected
5495868,Rejected,Accepted,,"The edit provides a generalized solution for URL concatenation, enhancing the original answer.","{""Decision"": ""Accepted"", ""Category"": null, ""Reasoning"": ""The edit provides a generalized solution for URL concatenation, enhancing the original answer.""}",,0
5485096,Accepted,Accepted,,The edit improves conciseness and clarity by directly asking for a solution.,"```json
{""Decision"": ""Accepted"", ""Category"": null, ""Reasoning"": ""The edit improves conciseness and clarity by directly asking for a solution.""}
```",,0
5465192,Rejected,Accepted,,The edit improves the code by addressing warnings and adds a helpful result image.,"```json
{""Decision"": ""Accepted"", ""Category"": null, ""Reasoning"": ""The edit improves the code by addressing warnings and adds a helpful result image.""}
```",,0
5464255,Accepted,Rejected,No Meaningful Improvement,The edit only makes minor formatting changes without improving the content.,"```json
{""Decision"": ""Rejected"", ""Category"": ""No Meaningful Improvement"", ""Reasoning"": ""The edit only makes minor formatting changes without improving the content.""}
```",,1
5475904,Accepted,Accepted,,The edit improves grammar and readability without altering the code functionality.,"```json
{""Decision"": ""Accepted"", ""Category"": null, ""Reasoning"": ""The edit improves grammar and readability without altering the code functionality.""}
```",,0
5462834,Rejected,Accepted,,The edit improves code readability by adding code block formatting.,"```json
{""Decision"": ""Accepted"", ""Category"": null, ""Reasoning"": ""The edit improves code readability by adding code block formatting.""}
```",,0
5509132,Rejected,Rejected,Unnecessary Formatting,The edit only adds unnecessary indentation without improving the content.,"{""Decision"": ""Rejected"", ""Category"": ""Unnecessary Formatting"", ""Reasoning"": ""The edit only adds unnecessary indentation without improving the content.""}",,1
5479418,Accepted,Accepted,,The edit improves grammar and clarity without altering the original meaning.,"```json
{""Decision"": ""Accepted"", ""Category"": null, ""Reasoning"": ""The edit improves grammar and clarity without altering the original meaning.""}
```",,0
5502771,Accepted,Accepted,,"The edit corrects a method name typo, improving code accuracy.","```json
{""Decision"": ""Accepted"", ""Category"": null, ""Reasoning"": ""The edit corrects a method name typo, improving code accuracy.""}
```",,0
5490383,Rejected,Accepted,,The edit improves the code by using protocol-relative URLs and adds a content node for clarity.,"```json
{""Decision"": ""Accepted"", ""Category"": null, ""Reasoning"": ""The edit improves the code by using protocol-relative URLs and adds a content node for clarity.""}
```",,0
5497800,Accepted,Accepted,,"The edit updates a link to the correct reference page, improving accuracy.","```json
{""Decision"": ""Accepted"", ""Category"": null, ""Reasoning"": ""The edit updates a link to the correct reference page, improving accuracy.""}
```",,0
5464997,Accepted,Rejected,No Meaningful Improvement,The edit does not change any code or content related to the editor's comment about using add_filter instead of add_action.,"```json
{""Decision"": ""Rejected"", ""Category"": ""No Meaningful Improvement"", ""Reasoning"": ""The edit does not change any code or content related to the editor's comment about using add_filter instead of add_action.""}
```",,1
5488152,Rejected,Accepted,,"The edit corrects syntax errors by adding missing characters, improving code accuracy.","```json
{""Decision"": ""Accepted"", ""Category"": null, ""Reasoning"": ""The edit corrects syntax errors by adding missing characters, improving code accuracy.""}
```",,0
5496502,Accepted,Accepted,,"The edit adds appropriate syntax highlighting for Python code, improving readability.","```json
{""Decision"": ""Accepted"", ""Category"": null, ""Reasoning"": ""The edit adds appropriate syntax highlighting for Python code, improving readability.""}
```",,0
5470776,Rejected,Accepted,,"The edit removes an unnecessary command that could undo previous changes, improving the solution.","{""Decision"": ""Accepted"", ""Category"": null, ""Reasoning"": ""The edit removes an unnecessary command that could undo previous changes, improving the solution.""}",,0
5477007,Rejected,Accepted,,"The edit adds a useful warning about potential issues with .gitignore and committing, enhancing the original content.","{""Decision"": ""Accepted"", ""Category"": null, ""Reasoning"": ""The edit adds a useful warning about potential issues with .gitignore and committing, enhancing the original content.""}",,0
5500718,Rejected,Accepted,,The edit improves the code by using a context manager to handle file operations safely.,"```json
{""Decision"": ""Accepted"", ""Category"": null, ""Reasoning"": ""The edit improves the code by using a context manager to handle file operations safely.""}
```",,0
5507677,Accepted,Accepted,,The edit provides additional useful information on selectively removing Docker images.,"```json
{""Decision"": ""Accepted"", ""Category"": null, ""Reasoning"": ""The edit provides additional useful information on selectively removing Docker images.""}
```",,0
5495296,Rejected,Accepted,,The edit provides useful information about the maximum recursion limit.,"```json
{""Decision"": ""Accepted"", ""Category"": null, ""Reasoning"": ""The edit provides useful information about the maximum recursion limit.""}
```",,0
5479024,Rejected,Accepted,,The edit provides a safer alternative solution to the problem.,"```json
{""Decision"": ""Accepted"", ""Category"": null, ""Reasoning"": ""The edit provides a safer alternative solution to the problem.""}
```",,0
5481034,Rejected,Rejected,No Meaningful Improvement,The changes made are minimal and do not significantly improve the clarity or quality of the post.,"```json
{""Decision"": ""Rejected"", ""Category"": ""No Meaningful Improvement"", ""Reasoning"": ""The changes made are minimal and do not significantly improve the clarity or quality of the post.""}
```",,1
5489656,Rejected,Accepted,,The edit adds a Kotlin implementation which is a meaningful improvement.,"```json
{""Decision"": ""Accepted"", ""Category"": null, ""Reasoning"": ""The edit adds a Kotlin implementation which is a meaningful improvement.""}
```",,0
5476687,Rejected,Rejected,No Meaningful Improvement,The edit removes context and code necessary for understanding the question.,"```json
{""Decision"": ""Rejected"", ""Category"": ""No Meaningful Improvement"", ""Reasoning"": ""The edit removes context and code necessary for understanding the question.""}
```",,1
5467186,Rejected,Accepted,,The edit improves code readability by correcting indentation and formatting.,"```json
{""Decision"": ""Accepted"", ""Category"": null, ""Reasoning"": ""The edit improves code readability by correcting indentation and formatting.""}
```",,0
5477722,Accepted,Accepted,,The edit improves the post by converting code to a runnable snippet.,"```json
{""Decision"": ""Accepted"", ""Category"": null, ""Reasoning"": ""The edit improves the post by converting code to a runnable snippet.""}
```",,0
5509247,Rejected,Accepted,,The edit adds a necessary property to ensure the code works correctly in UWP.,"```json
{""Decision"": ""Accepted"", ""Category"": null, ""Reasoning"": ""The edit adds a necessary property to ensure the code works correctly in UWP.""}
```",,0
5461833,Rejected,Accepted,,"The edit corrects a common grammatical error, improving the post's clarity.","```json
{""Decision"": ""Accepted"", ""Category"": null, ""Reasoning"": ""The edit corrects a common grammatical error, improving the post's clarity.""}
```",,0
5475596,Accepted,Accepted,,"The edit improves grammar, clarity, and formatting of the code.","```json
{""Decision"": ""Accepted"", ""Category"": null, ""Reasoning"": ""The edit improves grammar, clarity, and formatting of the code.""}
```",,0
5486167,Accepted,Accepted,,The edit improves readability by adding emphasis to module names and error messages.,"```json
{""Decision"": ""Accepted"", ""Category"": null, ""Reasoning"": ""The edit improves readability by adding emphasis to module names and error messages.""}
```",,0
5505670,Rejected,Accepted,,"The edit improves the code by extracting text from tags, which is a meaningful improvement.","```json
{""Decision"": ""Accepted"", ""Category"": null, ""Reasoning"": ""The edit improves the code by extracting text from tags, which is a meaningful improvement.""}
```",,0
5507061,Rejected,Accepted,,"The edit corrects a missing '=' symbol in the HTML form action attribute, which is a necessary fix.","```json
{""Decision"": ""Accepted"", ""Category"": null, ""Reasoning"": ""The edit corrects a missing '=' symbol in the HTML form action attribute, which is a necessary fix.""}
```",,0
5468113,Rejected,Accepted,,"The edit updates deprecated functions to their current alternatives, improving code quality.","```json
{""Decision"": ""Accepted"", ""Category"": null, ""Reasoning"": ""The edit updates deprecated functions to their current alternatives, improving code quality.""}
```",,0
5480691,Rejected,Rejected,No Meaningful Improvement,The edit does not make any significant changes to the content.,"```json
{""Decision"": ""Rejected"", ""Category"": ""No Meaningful Improvement"", ""Reasoning"": ""The edit does not make any significant changes to the content.""}
```",,1
5464131,Accepted,Accepted,,"The edit improves the post by displaying images directly, enhancing clarity.","```json
{""Decision"": ""Accepted"", ""Category"": null, ""Reasoning"": ""The edit improves the post by displaying images directly, enhancing clarity.""}
```",,0
5485607,Accepted,Rejected,No Meaningful Improvement,The edit does not provide any meaningful improvement to the content.,"```json
{""Decision"": ""Rejected"", ""Category"": ""No Meaningful Improvement"", ""Reasoning"": ""The edit does not provide any meaningful improvement to the content.""}
```",,1
5494755,Rejected,Accepted,,The edit provides additional clarity on where the output is stored.,"```json
{""Decision"": ""Accepted"", ""Category"": null, ""Reasoning"": ""The edit provides additional clarity on where the output is stored.""}
```",,0
5469197,Rejected,Accepted,,The edit adds a language identifier to the code block for syntax highlighting.,"```json
{""Decision"": ""Accepted"", ""Category"": null, ""Reasoning"": ""The edit adds a language identifier to the code block for syntax highlighting.""}
```",,0
5478977,Accepted,Rejected,No Meaningful Improvement,The edit removes important context and does not improve the clarity or functionality of the post.,"```json
{""Decision"": ""Rejected"", ""Category"": ""No Meaningful Improvement"", ""Reasoning"": ""The edit removes important context and does not improve the clarity or functionality of the post.""}
```",,1
5482684,Accepted,Accepted,,"The edit correctly adds missing code fences, improving readability.","```json
{""Decision"": ""Accepted"", ""Category"": null, ""Reasoning"": ""The edit correctly adds missing code fences, improving readability.""}
```",,0
5469555,Accepted,Rejected,No Meaningful Improvement,The edit only adds backticks for formatting without improving clarity or content.,"```json
{""Decision"": ""Rejected"", ""Category"": ""No Meaningful Improvement"", ""Reasoning"": ""The edit only adds backticks for formatting without improving clarity or content.""}
```",,1
5464214,Rejected,Accepted,,"The edit correctly adds wildcards to the 'like' condition, making the query functional.","```json
{""Decision"": ""Accepted"", ""Category"": null, ""Reasoning"": ""The edit correctly adds wildcards to the 'like' condition, making the query functional.""}
```",,0
5469407,Accepted,Rejected,Unnecessary Formatting,The edit introduces incorrect formatting with backticks around the code block.,"```json
{""Decision"": ""Rejected"", ""Category"": ""Unnecessary Formatting"", ""Reasoning"": ""The edit introduces incorrect formatting with backticks around the code block.""}
```",,1
5477308,Rejected,Accepted,,The addition of the m2cgen library is a meaningful improvement to the list of resources.,"```json
{""Decision"": ""Accepted"", ""Category"": null, ""Reasoning"": ""The addition of the m2cgen library is a meaningful improvement to the list of resources.""}
```",,0
5501511,Accepted,Accepted,,"The edit adds a missing scope to the Maven dependency, which is a meaningful improvement.","{""Decision"": ""Accepted"", ""Category"": null, ""Reasoning"": ""The edit adds a missing scope to the Maven dependency, which is a meaningful improvement.""}",,0
5478790,Accepted,Accepted,,The edit improves clarity by removing an irrelevant reference.,"```json
{""Decision"": ""Accepted"", ""Category"": null, ""Reasoning"": ""The edit improves clarity by removing an irrelevant reference.""}
```",,0
5473608,Accepted,Accepted,,The edit improves code readability by correcting indentation and formatting.,"```json
{""Decision"": ""Accepted"", ""Category"": null, ""Reasoning"": ""The edit improves code readability by correcting indentation and formatting.""}
```",,0
5483173,Accepted,Rejected,No Meaningful Improvement,The edit does not significantly improve the clarity or correctness of the post.,"```json
{""Decision"": ""Rejected"", ""Category"": ""No Meaningful Improvement"", ""Reasoning"": ""The edit does not significantly improve the clarity or correctness of the post.""}
```",,1
5479030,Accepted,Accepted,,The edit improves code readability and correctness by adding a missing decorator and proper formatting.,"```json
{""Decision"": ""Accepted"", ""Category"": null, ""Reasoning"": ""The edit improves code readability and correctness by adding a missing decorator and proper formatting.""}
```",,0
5464207,Rejected,Rejected,No Meaningful Improvement,The edit only changes indentation without improving clarity or correctness.,"```json
{""Decision"": ""Rejected"", ""Category"": ""No Meaningful Improvement"", ""Reasoning"": ""The edit only changes indentation without improving clarity or correctness.""}
```",,1
5485901,Accepted,Accepted,,The edit improves readability by adding formatting and code blocks.,"```json
{""Decision"": ""Accepted"", ""Category"": null, ""Reasoning"": ""The edit improves readability by adding formatting and code blocks.""}
```",,0
5471907,Accepted,Rejected,Unnecessary Formatting,The edit only changes the formatting of error messages without improving clarity or content.,"```json
{""Decision"": ""Rejected"", ""Category"": ""Unnecessary Formatting"", ""Reasoning"": ""The edit only changes the formatting of error messages without improving clarity or content.""}
```",,1
5486556,Accepted,Accepted,,The edit improves code readability and formatting.,"```json
{""Decision"": ""Accepted"", ""Category"": null, ""Reasoning"": ""The edit improves code readability and formatting.""}
```",,0
5463338,Accepted,Accepted,,The edit improves readability by formatting the code block correctly.,"```json
{""Decision"": ""Accepted"", ""Category"": null, ""Reasoning"": ""The edit improves readability by formatting the code block correctly.""}
```",,0
5487263,Rejected,Accepted,,"The edit provides useful commands to manage RAM, enhancing the original post.","```json
{""Decision"": ""Accepted"", ""Category"": null, ""Reasoning"": ""The edit provides useful commands to manage RAM, enhancing the original post.""}
```",,0
5468238,Accepted,Accepted,,The edit improves readability by properly formatting the link as a markdown link.,"```json
{""Decision"": ""Accepted"", ""Category"": null, ""Reasoning"": ""The edit improves readability by properly formatting the link as a markdown link.""}
```",,0
5462428,Accepted,Accepted,,The edit improves formatting and readability without altering the content.,"```json
{""Decision"": ""Accepted"", ""Category"": null, ""Reasoning"": ""The edit improves formatting and readability without altering the content.""}
```",,0
5477357,Accepted,Accepted,,"The edit improves code clarity by explicitly assigning the token variable, removing reliance on the underscore.","```json
{""Decision"": ""Accepted"", ""Category"": null, ""Reasoning"": ""The edit improves code clarity by explicitly assigning the token variable, removing reliance on the underscore.""}
```",,0
5481725,Accepted,Accepted,,"The edit updates the documentation link to the latest version and uses HTTPS, which is a meaningful improvement.","```json
{""Decision"": ""Accepted"", ""Category"": null, ""Reasoning"": ""The edit updates the documentation link to the latest version and uses HTTPS, which is a meaningful improvement.""}
```",,0
5487522,Accepted,Accepted,,"The edit corrects a typo in the XML tag, improving the code's correctness.","{""Decision"": ""Accepted"", ""Category"": null, ""Reasoning"": ""The edit corrects a typo in the XML tag, improving the code's correctness.""}",,0
5500107,Accepted,Accepted,,"The edit corrects typos and improves grammar, enhancing readability.","```json
{""Decision"": ""Accepted"", ""Category"": null, ""Reasoning"": ""The edit corrects typos and improves grammar, enhancing readability.""}
```",,0
5478280,Rejected,Accepted,,The edit improves code readability by fixing indentation issues.,"```json
{""Decision"": ""Accepted"", ""Category"": null, ""Reasoning"": ""The edit improves code readability by fixing indentation issues.""}
```",,0
5491026,Rejected,Accepted,,"The edit simplifies the example by removing unnecessary parameters, aligning with the editor's comment.","```json
{""Decision"": ""Accepted"", ""Category"": null, ""Reasoning"": ""The edit simplifies the example by removing unnecessary parameters, aligning with the editor's comment.""}
```",,0
5481099,Rejected,Accepted,,The edit improves code formatting and readability.,"```json
{""Decision"": ""Accepted"", ""Category"": null, ""Reasoning"": ""The edit improves code formatting and readability.""}
```",,0
5487508,Rejected,Accepted,,The edit adds useful information about using variables with xp_cmdshell.,"```json
{""Decision"": ""Accepted"", ""Category"": null, ""Reasoning"": ""The edit adds useful information about using variables with xp_cmdshell.""}
```",,0
5465681,Accepted,Accepted,,"The edit improves code formatting and corrects grammar, enhancing readability.","```json
{""Decision"": ""Accepted"", ""Category"": null, ""Reasoning"": ""The edit improves code formatting and corrects grammar, enhancing readability.""}
```",,0
5483408,Accepted,Accepted,,The edit corrects a typo and improves readability with formatting.,"```json
{""Decision"": ""Accepted"", ""Category"": null, ""Reasoning"": ""The edit corrects a typo and improves readability with formatting.""}
```",,0
5492464,Rejected,Accepted,,The edit improves code readability by adding spaces after commas.,"{""Decision"": ""Accepted"", ""Category"": null, ""Reasoning"": ""The edit improves code readability by adding spaces after commas.""}",,0
5486356,Accepted,Accepted,,The edit improves readability by properly formatting the code block.,"{""Decision"": ""Accepted"", ""Category"": null, ""Reasoning"": ""The edit improves readability by properly formatting the code block.""}",,0
5484192,Accepted,Accepted,,"The edit adds proper code formatting, improving readability.","```json
{""Decision"": ""Accepted"", ""Category"": null, ""Reasoning"": ""The edit adds proper code formatting, improving readability.""}
```",,0
5477862,Rejected,Accepted,,The edit improves readability by converting the URL to a markdown link.,"```json
{""Decision"": ""Accepted"", ""Category"": null, ""Reasoning"": ""The edit improves readability by converting the URL to a markdown link.""}
```",,0
5479488,Rejected,Accepted,,The edit improves readability by adding code blocks.,"```json
{""Decision"": ""Accepted"", ""Category"": null, ""Reasoning"": ""The edit improves readability by adding code blocks.""}
```",,0
5476429,Rejected,Rejected,No Meaningful Improvement,The edit only changes image links without improving the content or fixing grammar.,"{""Decision"": ""Rejected"", ""Category"": ""No Meaningful Improvement"", ""Reasoning"": ""The edit only changes image links without improving the content or fixing grammar.""}",,1
5490625,Rejected,Accepted,,"The edit corrects spelling and grammar errors, improving readability.","```json
{""Decision"": ""Accepted"", ""Category"": null, ""Reasoning"": ""The edit corrects spelling and grammar errors, improving readability.""}
```",,0
5506878,Rejected,Rejected,No Meaningful Improvement,The edit does not make any meaningful changes to the content.,"```json
{""Decision"": ""Rejected"", ""Category"": ""No Meaningful Improvement"", ""Reasoning"": ""The edit does not make any meaningful changes to the content.""}
```",,1
5469112,Rejected,Accepted,,The edit improves clarity and grammar.,"```json
{""Decision"": ""Accepted"", ""Category"": null, ""Reasoning"": ""The edit improves clarity and grammar.""}
```",,0
5468585,Rejected,Accepted,,The edit improves the code by using padStart for cleaner and more readable code.,"```json
{""Decision"": ""Accepted"", ""Category"": null, ""Reasoning"": ""The edit improves the code by using padStart for cleaner and more readable code.""}
```",,0
5462339,Rejected,Accepted,,The edit improves code readability by formatting it properly.,"```json
{""Decision"": ""Accepted"", ""Category"": null, ""Reasoning"": ""The edit improves code readability by formatting it properly.""}
```",,0
5472852,Accepted,Rejected,No Meaningful Improvement,The edit does not change any content or fix any issues in the code.,"```json
{""Decision"": ""Rejected"", ""Category"": ""No Meaningful Improvement"", ""Reasoning"": ""The edit does not change any content or fix any issues in the code.""}
```",,1
5466424,Rejected,Rejected,Unnecessary Formatting,The edit only changes indentation and spacing without improving the content.,"```json
{""Decision"": ""Rejected"", ""Category"": ""Unnecessary Formatting"", ""Reasoning"": ""The edit only changes indentation and spacing without improving the content.""}
```",,1
5498544,Rejected,Accepted,,Corrected parameter name from 'estimator' to 'regressor' in TransformedTargetRegressor.,"```json
{""Decision"": ""Accepted"", ""Category"": null, ""Reasoning"": ""Corrected parameter name from 'estimator' to 'regressor' in TransformedTargetRegressor.""}
```",,0
5493683,Accepted,Accepted,,The edit improves clarity and corrects a minor typo.,"```json
{""Decision"": ""Accepted"", ""Category"": null, ""Reasoning"": ""The edit improves clarity and corrects a minor typo.""}
```",,0
5481046,Accepted,Accepted,,The edit provides important context about the obsolescence of the answer for newer versions.,"```json
{""Decision"": ""Accepted"", ""Category"": null, ""Reasoning"": ""The edit provides important context about the obsolescence of the answer for newer versions.""}
```",,0
5478171,Rejected,Accepted,,The edit improves clarity by removing redundant text and correcting terminology.,"```json
{""Decision"": ""Accepted"", ""Category"": null, ""Reasoning"": ""The edit improves clarity by removing redundant text and correcting terminology.""}
```",,0
5464220,Accepted,Accepted,,The edit improves readability by adding bullet points and correcting a minor grammatical error.,"{""Decision"": ""Accepted"", ""Category"": null, ""Reasoning"": ""The edit improves readability by adding bullet points and correcting a minor grammatical error.""}",,0
5471545,Rejected,Accepted,,The edit improves code readability by formatting it properly.,"```json
{""Decision"": ""Accepted"", ""Category"": null, ""Reasoning"": ""The edit improves code readability by formatting it properly.""}
```",,0
5463194,Accepted,Accepted,,"The edit removes unnecessary semicolons, improving code correctness.","```json
{""Decision"": ""Accepted"", ""Category"": null, ""Reasoning"": ""The edit removes unnecessary semicolons, improving code correctness.""}
```",,0
5504574,Accepted,Accepted,,The edit updates a deprecated link to the current documentation.,"```json
{""Decision"": ""Accepted"", ""Category"": null, ""Reasoning"": ""The edit updates a deprecated link to the current documentation.""}
```",,0
5479489,Rejected,Rejected,Incorrect/Risky,The addition of -Iname {} is incorrect and unnecessary for the described purpose.,"```json
{""Decision"": ""Rejected"", ""Category"": ""Incorrect/Risky"", ""Reasoning"": ""The addition of -Iname {} is incorrect and unnecessary for the described purpose.""}
```",,1
5494954,Rejected,Accepted,,The edit improves cross-platform compatibility by using os.path.sep.,"```json
{""Decision"": ""Accepted"", ""Category"": null, ""Reasoning"": ""The edit improves cross-platform compatibility by using os.path.sep.""}
```",,0
5505542,Rejected,Rejected,No Meaningful Improvement,The edit does not introduce any meaningful changes to the content.,"```json
{""Decision"": ""Rejected"", ""Category"": ""No Meaningful Improvement"", ""Reasoning"": ""The edit does not introduce any meaningful changes to the content.""}
```",,1
5490988,Rejected,Accepted,,"The edit adds a non-recursive example, enhancing the answer with a practical alternative.","{""Decision"": ""Accepted"", ""Category"": null, ""Reasoning"": ""The edit adds a non-recursive example, enhancing the answer with a practical alternative.""}",,0
5463510,Rejected,Rejected,Unnecessary Content,The edit changes the content of the code without improving formatting or addressing the issue described.,"```json
{""Decision"": ""Rejected"", ""Category"": ""Unnecessary Content"", ""Reasoning"": ""The edit changes the content of the code without improving formatting or addressing the issue described.""}
```",,1
5467568,Rejected,Accepted,,The edit fixes a syntax error by removing an unnecessary comma.,"```json
{""Decision"": ""Accepted"", ""Category"": null, ""Reasoning"": ""The edit fixes a syntax error by removing an unnecessary comma.""}
```",,0
5497382,Rejected,Accepted,,The edit adds necessary getters and setters for the project field in the Task entity.,"```json
{""Decision"": ""Accepted"", ""Category"": null, ""Reasoning"": ""The edit adds necessary getters and setters for the project field in the Task entity.""}
```",,0
5498102,Rejected,Accepted,,The edit adds a useful official documentation link for further guidance.,"```json
{""Decision"": ""Accepted"", ""Category"": null, ""Reasoning"": ""The edit adds a useful official documentation link for further guidance.""}
```",,0
5499130,Rejected,Accepted,,The edit provides a meaningful improvement by suggesting a method to close the previous infoWindow before opening a new one.,"```json
{""Decision"": ""Accepted"", ""Category"": null, ""Reasoning"": ""The edit provides a meaningful improvement by suggesting a method to close the previous infoWindow before opening a new one.""}
```",,0
5473212,Accepted,Accepted,,The edit improves readability by adding code formatting.,"```json
{""Decision"": ""Accepted"", ""Category"": null, ""Reasoning"": ""The edit improves readability by adding code formatting.""}
```",,0
5472972,Accepted,Accepted,,"The edit properly formats the image link using markdown, improving readability.","```json
{""Decision"": ""Accepted"", ""Category"": null, ""Reasoning"": ""The edit properly formats the image link using markdown, improving readability.""}
```",,0
5473440,Rejected,Rejected,No Meaningful Improvement,The edit removes context necessary for understanding the question.,"```json
{""Decision"": ""Rejected"", ""Category"": ""No Meaningful Improvement"", ""Reasoning"": ""The edit removes context necessary for understanding the question.""}
```",,1
5502646,Accepted,Accepted,,The edit improves clarity by unpacking the abbreviation 'RC' to 'race condition'.,"```json
{""Decision"": ""Accepted"", ""Category"": null, ""Reasoning"": ""The edit improves clarity by unpacking the abbreviation 'RC' to 'race condition'.""}
```",,0
5480824,Accepted,Accepted,,The edit improves readability and clarity by providing a more detailed explanation.,"```json
{""Decision"": ""Accepted"", ""Category"": null, ""Reasoning"": ""The edit improves readability and clarity by providing a more detailed explanation.""}
```",,0
5490036,Rejected,Accepted,,The edit corrects the factual inaccuracy regarding the availability of boolean types in C.,"```json
{""Decision"": ""Accepted"", ""Category"": null, ""Reasoning"": ""The edit corrects the factual inaccuracy regarding the availability of boolean types in C.""}
```",,0
5482256,Accepted,Accepted,,The edit replaces a dead link with a working one and adds relevant information.,"```json
{""Decision"": ""Accepted"", ""Category"": null, ""Reasoning"": ""The edit replaces a dead link with a working one and adds relevant information.""}
```",,0
5471439,Rejected,Rejected,No Meaningful Improvement,The edit does not change any content or improve the post.,"```json
{""Decision"": ""Rejected"", ""Category"": ""No Meaningful Improvement"", ""Reasoning"": ""The edit does not change any content or improve the post.""}
```",,1
5462994,Rejected,Accepted,,"The edit removes redundant text, improving clarity.","```json
{""Decision"": ""Accepted"", ""Category"": null, ""Reasoning"": ""The edit removes redundant text, improving clarity.""}
```",,0
5468810,Accepted,Accepted,,The edit improves code readability by formatting it properly.,"```json
{""Decision"": ""Accepted"", ""Category"": null, ""Reasoning"": ""The edit improves code readability by formatting it properly.""}
```",,0
5486143,Rejected,Accepted,,The edit corrects a CSS selector error and adds useful comments for clarity.,"```json
{""Decision"": ""Accepted"", ""Category"": null, ""Reasoning"": ""The edit corrects a CSS selector error and adds useful comments for clarity.""}
```",,0
5479579,Accepted,Rejected,No Meaningful Improvement,The edit only changes minor formatting without improving clarity or content.,"```json
{""Decision"": ""Rejected"", ""Category"": ""No Meaningful Improvement"", ""Reasoning"": ""The edit only changes minor formatting without improving clarity or content.""}
```",,1
5472422,Rejected,Rejected,No Meaningful Improvement,The edit only changes the label to 'Windows PowerShell' without altering the actual content or functionality.,"```json
{""Decision"": ""Rejected"", ""Category"": ""No Meaningful Improvement"", ""Reasoning"": ""The edit only changes the label to 'Windows PowerShell' without altering the actual content or functionality.""}
```",,1
5465312,Accepted,Rejected,No Meaningful Improvement,The edit only changes indentation slightly without improving clarity or functionality.,"{""Decision"": ""Rejected"", ""Category"": ""No Meaningful Improvement"", ""Reasoning"": ""The edit only changes indentation slightly without improving clarity or functionality.""}",,1
5480196,Accepted,Rejected,No Meaningful Improvement,The edit only added line breaks without improving the content.,"```json
{""Decision"": ""Rejected"", ""Category"": ""No Meaningful Improvement"", ""Reasoning"": ""The edit only added line breaks without improving the content.""}
```",,1
5503040,Rejected,Accepted,,The edit improves readability by avoiding horizontal scrolling.,"```json
{""Decision"": ""Accepted"", ""Category"": null, ""Reasoning"": ""The edit improves readability by avoiding horizontal scrolling.""}
```",,0
5481189,Rejected,Accepted,,"The edit provides a useful example of using enumerate with the iterator, enhancing the original content.","```json
{""Decision"": ""Accepted"", ""Category"": null, ""Reasoning"": ""The edit provides a useful example of using enumerate with the iterator, enhancing the original content.""}
```",,0
5502027,Accepted,Accepted,,"The edit provides a useful explanation of the -v flag, enhancing clarity.","```json
{""Decision"": ""Accepted"", ""Category"": null, ""Reasoning"": ""The edit provides a useful explanation of the -v flag, enhancing clarity.""}
```",,0
5471930,Rejected,Rejected,Unnecessary Formatting,The edit only changes indentation and spacing without improving clarity or content.,"```json
{""Decision"": ""Rejected"", ""Category"": ""Unnecessary Formatting"", ""Reasoning"": ""The edit only changes indentation and spacing without improving clarity or content.""}
```",,1
5481512,Rejected,Accepted,,The edit adds a relevant code sample that enhances the clarity of the question.,"```json
{""Decision"": ""Accepted"", ""Category"": null, ""Reasoning"": ""The edit adds a relevant code sample that enhances the clarity of the question.""}
```",,0
5501949,Accepted,Accepted,,The edit improves code readability by enhancing comment clarity and formatting.,"```json
{""Decision"": ""Accepted"", ""Category"": null, ""Reasoning"": ""The edit improves code readability by enhancing comment clarity and formatting.""}
```",,0
5479033,Accepted,Rejected,No Meaningful Improvement,The edit does not provide any meaningful improvement to the original content.,"```json
{""Decision"": ""Rejected"", ""Category"": ""No Meaningful Improvement"", ""Reasoning"": ""The edit does not provide any meaningful improvement to the original content.""}
```",,1
5474859,Accepted,Accepted,,The edit improves clarity and readability of the question.,"```json
{""Decision"": ""Accepted"", ""Category"": null, ""Reasoning"": ""The edit improves clarity and readability of the question.""}
```",,0
5484327,Accepted,Rejected,No Meaningful Improvement,The edit does not change any content or improve the clarity of the post.,"{""Decision"": ""Rejected"", ""Category"": ""No Meaningful Improvement"", ""Reasoning"": ""The edit does not change any content or improve the clarity of the post.""}",,1
5505912,Accepted,Accepted,,"The edit properly formats the code for syntax highlighting, improving readability.","```json
{""Decision"": ""Accepted"", ""Category"": null, ""Reasoning"": ""The edit properly formats the code for syntax highlighting, improving readability.""}
```",,0
5483048,Accepted,Accepted,,The edit improves grammar and readability.,"```json
{""Decision"": ""Accepted"", ""Category"": null, ""Reasoning"": ""The edit improves grammar and readability.""}
```",,0
5474883,Rejected,Accepted,,The edit adds a relevant code example that clarifies the explanation.,"```json
{""Decision"": ""Accepted"", ""Category"": null, ""Reasoning"": ""The edit adds a relevant code example that clarifies the explanation.""}
```",,0
5466069,Accepted,Accepted,,The edit improves readability by correcting a typo.,"```json
{""Decision"": ""Accepted"", ""Category"": null, ""Reasoning"": ""The edit improves readability by correcting a typo.""}
```",,0
5464151,Accepted,Accepted,,"The edit updates the link to a more specific section, improving the reference.","{""Decision"": ""Accepted"", ""Category"": null, ""Reasoning"": ""The edit updates the link to a more specific section, improving the reference.""}",,0
5474133,Accepted,Accepted,,The edit improves readability by adding code blocks and formatting.,"```json
{""Decision"": ""Accepted"", ""Category"": null, ""Reasoning"": ""The edit improves readability by adding code blocks and formatting.""}
```",,0
5484603,Rejected,Accepted,,"The edit improves grammar and formatting, making the post clearer and more readable.","{""Decision"": ""Accepted"", ""Category"": null, ""Reasoning"": ""The edit improves grammar and formatting, making the post clearer and more readable.""}",,0
5473992,Accepted,Accepted,,"The edit improves grammar and formatting, enhancing readability.","```json
{""Decision"": ""Accepted"", ""Category"": null, ""Reasoning"": ""The edit improves grammar and formatting, enhancing readability.""}
```",,0
5492707,Accepted,Accepted,,The edit improves readability by removing unnecessary code formatting.,"```json
{""Decision"": ""Accepted"", ""Category"": null, ""Reasoning"": ""The edit improves readability by removing unnecessary code formatting.""}
```",,0
5467847,Rejected,Accepted,,The edit improves code readability by fixing formatting issues.,"```json
{""Decision"": ""Accepted"", ""Category"": null, ""Reasoning"": ""The edit improves code readability by fixing formatting issues.""}
```",,0
5464730,Accepted,Rejected,No Meaningful Improvement,The edit does not improve the clarity or functionality of the original post.,"```json
{""Decision"": ""Rejected"", ""Category"": ""No Meaningful Improvement"", ""Reasoning"": ""The edit does not improve the clarity or functionality of the original post.""}
```",,1
5480193,Accepted,Accepted,,The edit improves readability by formatting code elements correctly.,"```json
{""Decision"": ""Accepted"", ""Category"": null, ""Reasoning"": ""The edit improves readability by formatting code elements correctly.""}
```",,0
5508727,Rejected,Rejected,Unnecessary Formatting,The edit introduces incorrect formatting by removing necessary code context and adding misplaced code blocks.,"```json
{""Decision"": ""Rejected"", ""Category"": ""Unnecessary Formatting"", ""Reasoning"": ""The edit introduces incorrect formatting by removing necessary code context and adding misplaced code blocks.""}
```",,1
5477196,Rejected,Rejected,Incorrect/Risky,The edit removes important context from the text.,"```json
{""Decision"": ""Rejected"", ""Category"": ""Incorrect/Risky"", ""Reasoning"": ""The edit removes important context from the text.""}
```",,1
5462661,Accepted,Rejected,Unnecessary Formatting,"The edit only adds language tags to code blocks, which is not necessary for readability or functionality.","```json
{""Decision"": ""Rejected"", ""Category"": ""Unnecessary Formatting"", ""Reasoning"": ""The edit only adds language tags to code blocks, which is not necessary for readability or functionality.""}
```",,1
5482456,Accepted,Accepted,,The edit provides a useful explanation that enhances understanding.,"{""Decision"": ""Accepted"", ""Category"": null, ""Reasoning"": ""The edit provides a useful explanation that enhances understanding.""}",,0
5480386,Accepted,Accepted,,"The edit updates an outdated URL to a current one, improving the post's accuracy.","```json
{""Decision"": ""Accepted"", ""Category"": null, ""Reasoning"": ""The edit updates an outdated URL to a current one, improving the post's accuracy.""}
```",,0
5493084,Accepted,Accepted,,The edit improves readability by formatting the table correctly.,"```json
{""Decision"": ""Accepted"", ""Category"": null, ""Reasoning"": ""The edit improves readability by formatting the table correctly.""}
```",,0
5482498,Accepted,Accepted,,The edit improves readability by properly formatting the dictionary.,"```json
{""Decision"": ""Accepted"", ""Category"": null, ""Reasoning"": ""The edit improves readability by properly formatting the dictionary.""}
```",,0
5478302,Rejected,Rejected,No Meaningful Improvement,The edit does not change any content or improve the post.,"```json
{""Decision"": ""Rejected"", ""Category"": ""No Meaningful Improvement"", ""Reasoning"": ""The edit does not change any content or improve the post.""}
```",,1
5509422,Accepted,Accepted,,The edit makes the code runnable by adding necessary script tags and snippet formatting.,"```json
{""Decision"": ""Accepted"", ""Category"": null, ""Reasoning"": ""The edit makes the code runnable by adding necessary script tags and snippet formatting.""}
```",,0
5461632,Accepted,Accepted,,The edit improves code readability by formatting it correctly.,"```json
{""Decision"": ""Accepted"", ""Category"": null, ""Reasoning"": ""The edit improves code readability by formatting it correctly.""}
```",,0
5507988,Rejected,Accepted,,The edit provides a correct and useful alternative solution for using string interpolation with raw strings.,"```json
{""Decision"": ""Accepted"", ""Category"": null, ""Reasoning"": ""The edit provides a correct and useful alternative solution for using string interpolation with raw strings.""}
```",,0
5473180,Accepted,Rejected,Unnecessary Formatting,The edit only reformats the code without improving readability or functionality.,"```json
{""Decision"": ""Rejected"", ""Category"": ""Unnecessary Formatting"", ""Reasoning"": ""The edit only reformats the code without improving readability or functionality.""}
```",,1
5478828,Rejected,Accepted,,"The edit corrects minor spelling errors, improving clarity.","{""Decision"": ""Accepted"", ""Category"": null, ""Reasoning"": ""The edit corrects minor spelling errors, improving clarity.""}",,0
5465755,Rejected,Rejected,No Meaningful Improvement,The edit only changes the image tag to a markdown link without improving the post's clarity or content.,"{""Decision"": ""Rejected"", ""Category"": ""No Meaningful Improvement"", ""Reasoning"": ""The edit only changes the image tag to a markdown link without improving the post's clarity or content.""}",,1
5483337,Accepted,Accepted,,"The edit removes an incorrect return statement from a void function, improving code correctness.","```json
{""Decision"": ""Accepted"", ""Category"": null, ""Reasoning"": ""The edit removes an incorrect return statement from a void function, improving code correctness.""}
```",,0
5462530,Accepted,Accepted,,"The edit improves grammar, clarity, and readability of the question.","```json
{""Decision"": ""Accepted"", ""Category"": null, ""Reasoning"": ""The edit improves grammar, clarity, and readability of the question.""}
```",,0
5464666,Rejected,Rejected,Incorrect/Risky,The edit incorrectly adds a code block around non-code text and does not fix the actual code issue.,"```json
{""Decision"": ""Rejected"", ""Category"": ""Incorrect/Risky"", ""Reasoning"": ""The edit incorrectly adds a code block around non-code text and does not fix the actual code issue.""}
```",,1
5487705,Rejected,Accepted,,"The edit improves the code by removing microseconds and rounding seconds, enhancing clarity and precision.","```json
{""Decision"": ""Accepted"", ""Category"": null, ""Reasoning"": ""The edit improves the code by removing microseconds and rounding seconds, enhancing clarity and precision.""}
```",,0
5470991,Accepted,Accepted,,Corrected a spelling mistake and improved readability.,"```json
{""Decision"": ""Accepted"", ""Category"": null, ""Reasoning"": ""Corrected a spelling mistake and improved readability.""}
```",,0
5467974,Accepted,Rejected,Unnecessary Formatting,The edit only adds unnecessary formatting without improving the content.,"```json
{""Decision"": ""Rejected"", ""Category"": ""Unnecessary Formatting"", ""Reasoning"": ""The edit only adds unnecessary formatting without improving the content.""}
```",,1
5469215,Accepted,Accepted,,The edit improves readability by formatting the commands as code blocks.,"```json
{""Decision"": ""Accepted"", ""Category"": null, ""Reasoning"": ""The edit improves readability by formatting the commands as code blocks.""}
```",,0
5485194,Accepted,Accepted,,"The edit replaces an image with a sample DataFrame, improving clarity and understanding.","```json
{""Decision"": ""Accepted"", ""Category"": null, ""Reasoning"": ""The edit replaces an image with a sample DataFrame, improving clarity and understanding.""}
```",,0
5465429,Rejected,Rejected,No Meaningful Improvement,The edit does not change any content or improve the post.,"```json
{""Decision"": ""Rejected"", ""Category"": ""No Meaningful Improvement"", ""Reasoning"": ""The edit does not change any content or improve the post.""}
```",,1
5499381,Rejected,Rejected,No Meaningful Improvement,The changes made are minor and do not significantly improve the clarity or correctness of the post.,"```json
{""Decision"": ""Rejected"", ""Category"": ""No Meaningful Improvement"", ""Reasoning"": ""The changes made are minor and do not significantly improve the clarity or correctness of the post.""}
```",,1
5507154,Accepted,Accepted,,"The edit improves grammar and punctuation, enhancing readability.","{""Decision"": ""Accepted"", ""Category"": null, ""Reasoning"": ""The edit improves grammar and punctuation, enhancing readability.""}",,0
5496717,Accepted,Accepted,,"The edit corrects a syntax error in the code, making it functional.","```json
{""Decision"": ""Accepted"", ""Category"": null, ""Reasoning"": ""The edit corrects a syntax error in the code, making it functional.""}
```",,0
5468611,Rejected,Accepted,,The edit adds a time zone setting which is a meaningful improvement.,"```json
{""Decision"": ""Accepted"", ""Category"": null, ""Reasoning"": ""The edit adds a time zone setting which is a meaningful improvement.""}
```",,0
5465369,Accepted,Accepted,,The edit improves code readability by fixing indentation and adding structure.,"```json
{""Decision"": ""Accepted"", ""Category"": null, ""Reasoning"": ""The edit improves code readability by fixing indentation and adding structure.""}
```",,0
5501987,Accepted,Accepted,,Corrects a typographical error in the code.,"```json
{""Decision"": ""Accepted"", ""Category"": null, ""Reasoning"": ""Corrects a typographical error in the code.""}
```",,0
5499332,Rejected,Accepted,,The edit improves grammar and syntax by adding a missing semicolon and clarifying the text.,"{""Decision"": ""Accepted"", ""Category"": null, ""Reasoning"": ""The edit improves grammar and syntax by adding a missing semicolon and clarifying the text.""}",,0
5486031,Rejected,Accepted,,The edit improves the code by fixing the logic and ensuring the canvas updates correctly on mouse events.,"```json
{""Decision"": ""Accepted"", ""Category"": null, ""Reasoning"": ""The edit improves the code by fixing the logic and ensuring the canvas updates correctly on mouse events.""}
```",,0
5472689,Accepted,Rejected,No Meaningful Improvement,The edit removes important context and does not improve the clarity or quality of the post.,"```json
{""Decision"": ""Rejected"", ""Category"": ""No Meaningful Improvement"", ""Reasoning"": ""The edit removes important context and does not improve the clarity or quality of the post.""}
```",,1
5465692,Rejected,Accepted,,"The edit provides additional detail and a reference link, improving the clarity and usefulness of the answer.","```json
{""Decision"": ""Accepted"", ""Category"": null, ""Reasoning"": ""The edit provides additional detail and a reference link, improving the clarity and usefulness of the answer.""}
```",,0
5468292,Rejected,Accepted,,The edit improves code readability and clarity by using a boolean for the 'scrolled' state.,"```json
{""Decision"": ""Accepted"", ""Category"": null, ""Reasoning"": ""The edit improves code readability and clarity by using a boolean for the 'scrolled' state.""}
```",,0
5486267,Accepted,Accepted,,"The edit improves spelling and grammar, enhancing readability.","{""Decision"": ""Accepted"", ""Category"": null, ""Reasoning"": ""The edit improves spelling and grammar, enhancing readability.""}",,0
5469201,Accepted,Rejected,No Meaningful Improvement,The removal of 'Selenium' from the text does not improve clarity or relevance.,"```json
{""Decision"": ""Rejected"", ""Category"": ""No Meaningful Improvement"", ""Reasoning"": ""The removal of 'Selenium' from the text does not improve clarity or relevance.""}
```",,1
5467816,Rejected,Accepted,,The edit improves grammar and readability.,"```json
{""Decision"": ""Accepted"", ""Category"": null, ""Reasoning"": ""The edit improves grammar and readability.""}
```",,0
5464281,Accepted,Accepted,,"The edit corrects a link and adds a relevant tag, improving the post's accuracy and discoverability.","```json
{""Decision"": ""Accepted"", ""Category"": null, ""Reasoning"": ""The edit corrects a link and adds a relevant tag, improving the post's accuracy and discoverability.""}
```",,0
5463439,Accepted,Accepted,,The edit improves grammar and readability without altering the original meaning.,"```json
{""Decision"": ""Accepted"", ""Category"": null, ""Reasoning"": ""The edit improves grammar and readability without altering the original meaning.""}
```",,0
5468216,Accepted,Rejected,No Meaningful Improvement,The edit only corrected a minor grammatical error without significantly improving the post.,"{""Decision"": ""Rejected"", ""Category"": ""No Meaningful Improvement"", ""Reasoning"": ""The edit only corrected a minor grammatical error without significantly improving the post.""}",,1
5474702,Rejected,Rejected,No Meaningful Improvement,The edit only adds bold formatting to existing text without improving clarity or content.,"```json
{""Decision"": ""Rejected"", ""Category"": ""No Meaningful Improvement"", ""Reasoning"": ""The edit only adds bold formatting to existing text without improving clarity or content.""}
```",,1
5492633,Accepted,Accepted,,The edit improves code readability by enhancing indentation and formatting.,"{""Decision"": ""Accepted"", ""Category"": null, ""Reasoning"": ""The edit improves code readability by enhancing indentation and formatting.""}",,0
5474700,Accepted,Accepted,,The edit improves readability by formatting the code block correctly.,"```json
{""Decision"": ""Accepted"", ""Category"": null, ""Reasoning"": ""The edit improves readability by formatting the code block correctly.""}
```",,0
5489869,Accepted,Accepted,,The edit improves grammar and readability without altering the technical content.,"```json
{""Decision"": ""Accepted"", ""Category"": null, ""Reasoning"": ""The edit improves grammar and readability without altering the technical content.""}
```",,0
5500523,Rejected,Rejected,No Meaningful Improvement,The edit does not add any new information or clarity to the original content.,"```json
{""Decision"": ""Rejected"", ""Category"": ""No Meaningful Improvement"", ""Reasoning"": ""The edit does not add any new information or clarity to the original content.""}
```",,1
5477686,Accepted,Accepted,,The edit corrects a typo and improves clarity.,"```json
{""Decision"": ""Accepted"", ""Category"": null, ""Reasoning"": ""The edit corrects a typo and improves clarity.""}
```",,0
5471748,Accepted,Accepted,,"Corrected a spelling mistake, improving clarity.","{""Decision"": ""Accepted"", ""Category"": null, ""Reasoning"": ""Corrected a spelling mistake, improving clarity.""}",,0
5508914,Rejected,Rejected,Misuse (Reply/Question),"The edit replaces the original content with a question and unrelated code, which is not a valid edit.","```json
{""Decision"": ""Rejected"", ""Category"": ""Misuse (Reply/Question)"", ""Reasoning"": ""The edit replaces the original content with a question and unrelated code, which is not a valid edit.""}
```",,1
5466164,Rejected,Accepted,,The edit adds a useful example to clarify the explanation.,"```json
{""Decision"": ""Accepted"", ""Category"": null, ""Reasoning"": ""The edit adds a useful example to clarify the explanation.""}
```",,0
5480093,Accepted,Rejected,No Meaningful Improvement,The edit does not make any significant changes to the content or formatting.,"```json
{""Decision"": ""Rejected"", ""Category"": ""No Meaningful Improvement"", ""Reasoning"": ""The edit does not make any significant changes to the content or formatting.""}
```",,1
5476551,Rejected,Accepted,,The edit fixes syntax errors in the code by correcting missing quotes and parentheses.,"```json
{""Decision"": ""Accepted"", ""Category"": null, ""Reasoning"": ""The edit fixes syntax errors in the code by correcting missing quotes and parentheses.""}
```",,0
5478265,Rejected,Accepted,,The edit improves code readability by formatting it properly and adding a relevant tag.,"{""Decision"": ""Accepted"", ""Category"": null, ""Reasoning"": ""The edit improves code readability by formatting it properly and adding a relevant tag.""}",,0
5504024,Rejected,Accepted,,"The edit fixes a typo by ensuring the heredoc delimiter matches, which is necessary for correct code execution.","```json
{""Decision"": ""Accepted"", ""Category"": null, ""Reasoning"": ""The edit fixes a typo by ensuring the heredoc delimiter matches, which is necessary for correct code execution.""}
```",,0
5506039,Accepted,Accepted,,The edit improves clarity by fixing grammar in the question.,"```json
{""Decision"": ""Accepted"", ""Category"": null, ""Reasoning"": ""The edit improves clarity by fixing grammar in the question.""}
```",,0
5464820,Rejected,Accepted,,The edit corrects the command order and uses the preferred package manager for termux.,"```json
{""Decision"": ""Accepted"", ""Category"": null, ""Reasoning"": ""The edit corrects the command order and uses the preferred package manager for termux.""}
```",,0
5472476,Accepted,Accepted,,"The edit properly formats the code as a snippet, improving readability and functionality.","```json
{""Decision"": ""Accepted"", ""Category"": null, ""Reasoning"": ""The edit properly formats the code as a snippet, improving readability and functionality.""}
```",,0
5467115,Accepted,Accepted,,The edit improves grammar and clarity without altering the original meaning.,"```json
{""Decision"": ""Accepted"", ""Category"": null, ""Reasoning"": ""The edit improves grammar and clarity without altering the original meaning.""}
```",,0
5465925,Accepted,Accepted,,"The edit corrects spelling and grammar, improving clarity.","```json
{""Decision"": ""Accepted"", ""Category"": null, ""Reasoning"": ""The edit corrects spelling and grammar, improving clarity.""}
```",,0
5465436,Rejected,Accepted,,The edit corrects the logic and modernizes the syntax with arrow functions.,"```json
{""Decision"": ""Accepted"", ""Category"": null, ""Reasoning"": ""The edit corrects the logic and modernizes the syntax with arrow functions.""}
```",,0
5506901,Rejected,Rejected,Unnecessary Content,The edit adds an external link that is not necessary for understanding the original content.,"```json
{""Decision"": ""Rejected"", ""Category"": ""Unnecessary Content"", ""Reasoning"": ""The edit adds an external link that is not necessary for understanding the original content.""}
```",,1
5499363,Rejected,Rejected,Incorrect/Risky,The edit introduces a syntax error by missing a closing parenthesis in the if statement.,"```json
{""Decision"": ""Rejected"", ""Category"": ""Incorrect/Risky"", ""Reasoning"": ""The edit introduces a syntax error by missing a closing parenthesis in the if statement.""}
```",,1
5467264,Rejected,Rejected,Unnecessary Formatting,The edit only changes code block formatting without meaningful improvement.,"```json
{""Decision"": ""Rejected"", ""Category"": ""Unnecessary Formatting"", ""Reasoning"": ""The edit only changes code block formatting without meaningful improvement.""}
```",,1
5461582,Accepted,Rejected,Unnecessary Content,The edit adds unnecessary image links without improving the post's clarity or content.,"```json
{""Decision"": ""Rejected"", ""Category"": ""Unnecessary Content"", ""Reasoning"": ""The edit adds unnecessary image links without improving the post's clarity or content.""}
```",,1
5476164,Accepted,Rejected,Unnecessary Formatting,The edit changes the code block language to 'java' which is incorrect for Dart code.,"```json
{""Decision"": ""Rejected"", ""Category"": ""Unnecessary Formatting"", ""Reasoning"": ""The edit changes the code block language to 'java' which is incorrect for Dart code.""}
```",,1
5496664,Accepted,Rejected,No Meaningful Improvement,The edit does not make any significant changes to the text or code.,"```json
{""Decision"": ""Rejected"", ""Category"": ""No Meaningful Improvement"", ""Reasoning"": ""The edit does not make any significant changes to the text or code.""}
```",,1
5482851,Accepted,Rejected,No Meaningful Improvement,The edit does not correct the typo in the function name or add the requested test cases.,"```json
{""Decision"": ""Rejected"", ""Category"": ""No Meaningful Improvement"", ""Reasoning"": ""The edit does not correct the typo in the function name or add the requested test cases.""}
```",,1
5462394,Accepted,Accepted,,The edit improves code formatting and corrects grammar errors.,"```json
{""Decision"": ""Accepted"", ""Category"": null, ""Reasoning"": ""The edit improves code formatting and corrects grammar errors.""}
```",,0
5467603,Rejected,Rejected,No Meaningful Improvement,The edit does not significantly improve the formatting or clarity of the post.,"```json
{""Decision"": ""Rejected"", ""Category"": ""No Meaningful Improvement"", ""Reasoning"": ""The edit does not significantly improve the formatting or clarity of the post.""}
```",,1
5474137,Rejected,Accepted,,The edit provides necessary information to avoid a runtime exception.,"```json
{""Decision"": ""Accepted"", ""Category"": null, ""Reasoning"": ""The edit provides necessary information to avoid a runtime exception.""}
```",,0
5464083,Accepted,Accepted,,"The edit adds relevant code from a comment to the main post, improving clarity.","```json
{""Decision"": ""Accepted"", ""Category"": null, ""Reasoning"": ""The edit adds relevant code from a comment to the main post, improving clarity.""}
```",,0
5461478,Accepted,Accepted,,The edit improves code readability by properly formatting the HTML and CSS.,"```json
{""Decision"": ""Accepted"", ""Category"": null, ""Reasoning"": ""The edit improves code readability by properly formatting the HTML and CSS.""}
```",,0
5484385,Accepted,Accepted,,The edit improves the formatting and readability of the code.,"```json
{""Decision"": ""Accepted"", ""Category"": null, ""Reasoning"": ""The edit improves the formatting and readability of the code.""}
```",,0
5480618,Accepted,Accepted,,"The edit improves spelling and grammar, enhancing clarity.","```json
{""Decision"": ""Accepted"", ""Category"": null, ""Reasoning"": ""The edit improves spelling and grammar, enhancing clarity.""}
```",,0
5473809,Accepted,Accepted,,"The edit correctly changes the image link to display the image inline, improving post readability.","```json
{""Decision"": ""Accepted"", ""Category"": null, ""Reasoning"": ""The edit correctly changes the image link to display the image inline, improving post readability.""}
```",,0
5473005,Accepted,Rejected,Unnecessary Formatting,The edit only adds unnecessary blockquote formatting without improving grammar or clarity.,"```json
{""Decision"": ""Rejected"", ""Category"": ""Unnecessary Formatting"", ""Reasoning"": ""The edit only adds unnecessary blockquote formatting without improving grammar or clarity.""}
```",,1
5466227,Accepted,Rejected,No Meaningful Improvement,The edit only added tags without improving the content or clarity of the post.,"```json
{""Decision"": ""Rejected"", ""Category"": ""No Meaningful Improvement"", ""Reasoning"": ""The edit only added tags without improving the content or clarity of the post.""}
```",,1
5509163,Rejected,Accepted,,The edit adds syntax highlighting which improves code readability.,"```json
{""Decision"": ""Accepted"", ""Category"": null, ""Reasoning"": ""The edit adds syntax highlighting which improves code readability.""}
```",,0
5471529,Rejected,Accepted,,The edit simplifies the code by removing unnecessary widget nesting.,"```json
{""Decision"": ""Accepted"", ""Category"": null, ""Reasoning"": ""The edit simplifies the code by removing unnecessary widget nesting.""}
```",,0
5500848,Rejected,Rejected,No Meaningful Improvement,The edit removes useful examples and explanations without adding significant value.,"```json
{""Decision"": ""Rejected"", ""Category"": ""No Meaningful Improvement"", ""Reasoning"": ""The edit removes useful examples and explanations without adding significant value.""}
```",,1
5471697,Accepted,Accepted,,The edit improves clarity and formatting of the code and explanation.,"```json
{""Decision"": ""Accepted"", ""Category"": null, ""Reasoning"": ""The edit improves clarity and formatting of the code and explanation.""}
```",,0
5462066,Rejected,Accepted,,The edit improves readability by adding code formatting.,"```json
{""Decision"": ""Accepted"", ""Category"": null, ""Reasoning"": ""The edit improves readability by adding code formatting.""}
```",,0
5492398,Rejected,Accepted,,The edit improves clarity by ensuring the save step is clearly indicated for both methods.,"```json
{""Decision"": ""Accepted"", ""Category"": null, ""Reasoning"": ""The edit improves clarity by ensuring the save step is clearly indicated for both methods.""}
```",,0
5507530,Rejected,Accepted,,The edit improves code readability by using pattern matching.,"```json
{""Decision"": ""Accepted"", ""Category"": null, ""Reasoning"": ""The edit improves code readability by using pattern matching.""}
```",,0
5488344,Rejected,Rejected,Unnecessary Content,The edit adds irrelevant text 'test abkdTECH' which does not improve the post.,"{""Decision"": ""Rejected"", ""Category"": ""Unnecessary Content"", ""Reasoning"": ""The edit adds irrelevant text 'test abkdTECH' which does not improve the post.""}",,1
5506296,Rejected,Rejected,No Meaningful Improvement,The edit only adds a single word that does not significantly improve the clarity or quality of the post.,"```json
{""Decision"": ""Rejected"", ""Category"": ""No Meaningful Improvement"", ""Reasoning"": ""The edit only adds a single word that does not significantly improve the clarity or quality of the post.""}
```",,1
5468250,Accepted,Accepted,,The edit improves code readability by adding code formatting and snippet tags.,"```json
{""Decision"": ""Accepted"", ""Category"": null, ""Reasoning"": ""The edit improves code readability by adding code formatting and snippet tags.""}
```",,0
5475835,Rejected,Accepted,,The edit improves readability by adding code formatting.,"```json
{""Decision"": ""Accepted"", ""Category"": null, ""Reasoning"": ""The edit improves readability by adding code formatting.""}
```",,0
5470505,Accepted,Rejected,No Meaningful Improvement,The edit only adds unnecessary code formatting without improving the content.,"```json
{""Decision"": ""Rejected"", ""Category"": ""No Meaningful Improvement"", ""Reasoning"": ""The edit only adds unnecessary code formatting without improving the content.""}
```",,1
5464417,Rejected,Rejected,Incorrect/Risky,The edit changes the original question's context and introduces incorrect code.,"```json
{""Decision"": ""Rejected"", ""Category"": ""Incorrect/Risky"", ""Reasoning"": ""The edit changes the original question's context and introduces incorrect code.""}
```",,1
5464654,Rejected,Rejected,Unnecessary Content,The added line does not improve the original content and is unrelated to the existing code example.,"```json
{""Decision"": ""Rejected"", ""Category"": ""Unnecessary Content"", ""Reasoning"": ""The added line does not improve the original content and is unrelated to the existing code example.""}
```",,1
5480541,Accepted,Accepted,,"The edit corrects the terminology from 'substring' to 'subsequence', which is more accurate in this context.","{""Decision"": ""Accepted"", ""Category"": null, ""Reasoning"": ""The edit corrects the terminology from 'substring' to 'subsequence', which is more accurate in this context.""}",,0
5485641,Accepted,Accepted,,The edit improves readability by fixing typos and reducing redundancies.,"```json
{""Decision"": ""Accepted"", ""Category"": null, ""Reasoning"": ""The edit improves readability by fixing typos and reducing redundancies.""}
```",,0
5480597,Accepted,Rejected,No Meaningful Improvement,The edit only changes the image markdown format without improving the post.,"```json
{""Decision"": ""Rejected"", ""Category"": ""No Meaningful Improvement"", ""Reasoning"": ""The edit only changes the image markdown format without improving the post.""}
```",,1
5470723,Rejected,Accepted,,"The edit adds the 'fields' attribute to the Meta class, which is necessary to avoid an error.","```json
{""Decision"": ""Accepted"", ""Category"": null, ""Reasoning"": ""The edit adds the 'fields' attribute to the Meta class, which is necessary to avoid an error.""}
```",,0
5501110,Accepted,Accepted,,"The edit correctly fixes the missing closing tag, improving code accuracy.","```json
{""Decision"": ""Accepted"", ""Category"": null, ""Reasoning"": ""The edit correctly fixes the missing closing tag, improving code accuracy.""}
```",,0
5471382,Rejected,Rejected,No Meaningful Improvement,The edit does not change any content or improve clarity.,"```json
{""Decision"": ""Rejected"", ""Category"": ""No Meaningful Improvement"", ""Reasoning"": ""The edit does not change any content or improve clarity.""}
```",,1
5472529,Rejected,Accepted,,The edit improves the code by ensuring consistent zero-padding for invoice numbers.,"```json
{""Decision"": ""Accepted"", ""Category"": null, ""Reasoning"": ""The edit improves the code by ensuring consistent zero-padding for invoice numbers.""}
```",,0
5490393,Accepted,Rejected,No Meaningful Improvement,The edit only corrected a minor grammatical issue without significantly improving the post.,"{""Decision"": ""Rejected"", ""Category"": ""No Meaningful Improvement"", ""Reasoning"": ""The edit only corrected a minor grammatical issue without significantly improving the post.""}",,1
5481044,Accepted,Accepted,,The edit improves formatting and correctly renders the image link.,"{""Decision"": ""Accepted"", ""Category"": null, ""Reasoning"": ""The edit improves formatting and correctly renders the image link.""}",,0
5484332,Accepted,Accepted,,The edit corrects the misleading code highlighting in the path to settings.,"```json
{""Decision"": ""Accepted"", ""Category"": null, ""Reasoning"": ""The edit corrects the misleading code highlighting in the path to settings.""}
```",,0
5486129,Rejected,Rejected,Unnecessary Formatting,The edit introduces unnecessary line breaks and does not improve readability.,"```json
{""Decision"": ""Rejected"", ""Category"": ""Unnecessary Formatting"", ""Reasoning"": ""The edit introduces unnecessary line breaks and does not improve readability.""}
```",,1
5473369,Accepted,Rejected,No Meaningful Improvement,The edit does not significantly improve grammar or code formatting.,"```json
{""Decision"": ""Rejected"", ""Category"": ""No Meaningful Improvement"", ""Reasoning"": ""The edit does not significantly improve grammar or code formatting.""}
```",,1
5462493,Rejected,Rejected,Unnecessary Formatting,The edit introduces unnecessary formatting changes without improving clarity.,"```json
{""Decision"": ""Rejected"", ""Category"": ""Unnecessary Formatting"", ""Reasoning"": ""The edit introduces unnecessary formatting changes without improving clarity.""}
```",,1
5506092,Rejected,Rejected,No Meaningful Improvement,The edit does not improve the clarity or formatting of the original post.,"```json
{""Decision"": ""Rejected"", ""Category"": ""No Meaningful Improvement"", ""Reasoning"": ""The edit does not improve the clarity or formatting of the original post.""}
```",,1
5461500,Rejected,Accepted,,The edit provides valuable additional information about the limitations of clippy::all.,"```json
{""Decision"": ""Accepted"", ""Category"": null, ""Reasoning"": ""The edit provides valuable additional information about the limitations of clippy::all.""}
```",,0
5484154,Accepted,Accepted,,"The edit improves table formatting by adding a missing row, enhancing clarity.","```json
{""Decision"": ""Accepted"", ""Category"": null, ""Reasoning"": ""The edit improves table formatting by adding a missing row, enhancing clarity.""}
```",,0
5473450,Accepted,Accepted,,The edit adds a useful link to the documentation for reduce().,"```json
{""Decision"": ""Accepted"", ""Category"": null, ""Reasoning"": ""The edit adds a useful link to the documentation for reduce().""}
```",,0
5465528,Accepted,Rejected,No Meaningful Improvement,The edit does not provide any meaningful improvement to the original content.,"```json
{""Decision"": ""Rejected"", ""Category"": ""No Meaningful Improvement"", ""Reasoning"": ""The edit does not provide any meaningful improvement to the original content.""}
```",,1
5469654,Rejected,Rejected,Incorrect/Risky,"The edit changes variable names and adds a print statement without context, potentially introducing errors.","```json
{""Decision"": ""Rejected"", ""Category"": ""Incorrect/Risky"", ""Reasoning"": ""The edit changes variable names and adds a print statement without context, potentially introducing errors.""}
```",,1
5479675,Accepted,Accepted,,The edit improves code readability by adding proper code formatting.,"```json
{""Decision"": ""Accepted"", ""Category"": null, ""Reasoning"": ""The edit improves code readability by adding proper code formatting.""}
```",,0
5473784,Rejected,Accepted,,The edit improves readability by converting a naked link into a descriptive hyperlink.,"```json
{""Decision"": ""Accepted"", ""Category"": null, ""Reasoning"": ""The edit improves readability by converting a naked link into a descriptive hyperlink.""}
```",,0
5487573,Accepted,Accepted,,"The edit improves spelling, grammar, and code formatting.","```json
{""Decision"": ""Accepted"", ""Category"": null, ""Reasoning"": ""The edit improves spelling, grammar, and code formatting.""}
```",,0
5490619,Rejected,Accepted,,"The edit updates the code to match the modified question, ensuring consistency.","```json
{""Decision"": ""Accepted"", ""Category"": null, ""Reasoning"": ""The edit updates the code to match the modified question, ensuring consistency.""}
```",,0
5464018,Accepted,Accepted,,The edit improves code formatting and corrects minor grammatical issues.,"```json
{""Decision"": ""Accepted"", ""Category"": null, ""Reasoning"": ""The edit improves code formatting and corrects minor grammatical issues.""}
```",,0
5468298,Accepted,Rejected,No Meaningful Improvement,The edit does not make any visible changes to the text or code.,"```json
{""Decision"": ""Rejected"", ""Category"": ""No Meaningful Improvement"", ""Reasoning"": ""The edit does not make any visible changes to the text or code.""}
```",,1
5503657,Accepted,Accepted,,"The edit adds clear steps and improves grammar, enhancing the post's clarity.","```json
{""Decision"": ""Accepted"", ""Category"": null, ""Reasoning"": ""The edit adds clear steps and improves grammar, enhancing the post's clarity.""}
```",,0
5473295,Rejected,Accepted,,The edit improves readability by formatting the command correctly.,"```json
{""Decision"": ""Accepted"", ""Category"": null, ""Reasoning"": ""The edit improves readability by formatting the command correctly.""}
```",,0
5495546,Accepted,Accepted,,The edit improves readability by properly formatting the SQL code.,"```json
{""Decision"": ""Accepted"", ""Category"": null, ""Reasoning"": ""The edit improves readability by properly formatting the SQL code.""}
```",,0
5498364,Rejected,Accepted,,The edit improves code readability and adds a useful reference link.,"```json
{""Decision"": ""Accepted"", ""Category"": null, ""Reasoning"": ""The edit improves code readability and adds a useful reference link.""}
```",,0
5461396,Rejected,Accepted,,The edit fixes the syntax error by removing the misplaced 'await' and adds ellipsis to indicate continuation of the array.,"{""Decision"": ""Accepted"", ""Category"": null, ""Reasoning"": ""The edit fixes the syntax error by removing the misplaced 'await' and adds ellipsis to indicate continuation of the array.""}",,0
5505986,Rejected,Accepted,,The edit correctly updates the print statement syntax from Python 2 to Python 3.,"```json
{""Decision"": ""Accepted"", ""Category"": null, ""Reasoning"": ""The edit correctly updates the print statement syntax from Python 2 to Python 3.""}
```",,0
5468328,Accepted,Accepted,,The edit improves readability by adding emphasis to section headers and correcting a grammatical error.,"```json
{""Decision"": ""Accepted"", ""Category"": null, ""Reasoning"": ""The edit improves readability by adding emphasis to section headers and correcting a grammatical error.""}
```",,0
5465357,Rejected,Accepted,,"The edit adds a relevant example of using Go generics, enhancing the post's content.","```json
{""Decision"": ""Accepted"", ""Category"": null, ""Reasoning"": ""The edit adds a relevant example of using Go generics, enhancing the post's content.""}
```",,0
5479183,Rejected,Accepted,,The edit corrects the terminology to accurately reflect the functionality of the command.,"{""Decision"": ""Accepted"", ""Category"": null, ""Reasoning"": ""The edit corrects the terminology to accurately reflect the functionality of the command.""}",,0
5468463,Accepted,Accepted,,The edit improves grammar and clarity of the original text.,"```json
{""Decision"": ""Accepted"", ""Category"": null, ""Reasoning"": ""The edit improves grammar and clarity of the original text.""}
```",,0
5480932,Rejected,Accepted,,The edit provides additional useful information about compatibility with GNU grep 3.4.,"```json
{""Decision"": ""Accepted"", ""Category"": null, ""Reasoning"": ""The edit provides additional useful information about compatibility with GNU grep 3.4.""}
```",,0
5482936,Accepted,Accepted,,The edit improves readability by formatting the error message as code.,"```json
{""Decision"": ""Accepted"", ""Category"": null, ""Reasoning"": ""The edit improves readability by formatting the error message as code.""}
```",,0
5500348,Rejected,Accepted,,The edit corrects an ambiguity in the SQL query and improves accuracy.,"```json
{""Decision"": ""Accepted"", ""Category"": null, ""Reasoning"": ""The edit corrects an ambiguity in the SQL query and improves accuracy.""}
```",,0
5507868,Rejected,Rejected,Incorrect/Risky,"The edit removes the try! macro without replacing it with the correct ? operator, potentially causing a compilation error.","```json
{""Decision"": ""Rejected"", ""Category"": ""Incorrect/Risky"", ""Reasoning"": ""The edit removes the try! macro without replacing it with the correct ? operator, potentially causing a compilation error.""}
```",,1
5469133,Accepted,Accepted,,The edit correctly formats the code block for better readability.,"```json
{""Decision"": ""Accepted"", ""Category"": null, ""Reasoning"": ""The edit correctly formats the code block for better readability.""}
```",,0
5463124,Rejected,Accepted,,"The edit makes the code gender-neutral by adding an 'Other' option, which is a meaningful improvement.","```json
{""Decision"": ""Accepted"", ""Category"": null, ""Reasoning"": ""The edit makes the code gender-neutral by adding an 'Other' option, which is a meaningful improvement.""}
```",,0
5474789,Accepted,Accepted,,"The edit improves grammar and clarifies the file structure, enhancing readability.","```json
{""Decision"": ""Accepted"", ""Category"": null, ""Reasoning"": ""The edit improves grammar and clarifies the file structure, enhancing readability.""}
```",,0
5478451,Accepted,Rejected,No Meaningful Improvement,The edit only changes minor spelling and formatting without improving the content.,"```json
{""Decision"": ""Rejected"", ""Category"": ""No Meaningful Improvement"", ""Reasoning"": ""The edit only changes minor spelling and formatting without improving the content.""}
```",,1
5466963,Accepted,Accepted,,"The edit improves grammar and formatting, making the question clearer.","```json
{""Decision"": ""Accepted"", ""Category"": null, ""Reasoning"": ""The edit improves grammar and formatting, making the question clearer.""}
```",,0
5488103,Rejected,Accepted,,The edit improves readability and clarity by adding code formatting and punctuation.,"```json
{""Decision"": ""Accepted"", ""Category"": null, ""Reasoning"": ""The edit improves readability and clarity by adding code formatting and punctuation.""}
```",,0
5468015,Accepted,Accepted,,The edit improves formatting by adding code block syntax and fixing minor punctuation issues.,"```json
{""Decision"": ""Accepted"", ""Category"": null, ""Reasoning"": ""The edit improves formatting by adding code block syntax and fixing minor punctuation issues.""}
```",,0
5502854,Rejected,Accepted,,The edit updates the information to be more accurate and relevant for 2023.,"```json
{""Decision"": ""Accepted"", ""Category"": null, ""Reasoning"": ""The edit updates the information to be more accurate and relevant for 2023.""}
```",,0
5484987,Accepted,Accepted,,The edit correctly formats the code block for better readability.,"```json
{""Decision"": ""Accepted"", ""Category"": null, ""Reasoning"": ""The edit correctly formats the code block for better readability.""}
```",,0
5506128,Accepted,Accepted,,"The edit improves formatting by adding code formatting to keywords and tool names, enhancing readability.","```json
{""Decision"": ""Accepted"", ""Category"": null, ""Reasoning"": ""The edit improves formatting by adding code formatting to keywords and tool names, enhancing readability.""}
```",,0
5491953,Accepted,Accepted,,The edit corrects grammar and improves clarity.,"```json
{""Decision"": ""Accepted"", ""Category"": null, ""Reasoning"": ""The edit corrects grammar and improves clarity.""}
```",,0
5475012,Accepted,Accepted,,"The edit initializes the loop variable 'i', which is a necessary improvement.","```json
{""Decision"": ""Accepted"", ""Category"": null, ""Reasoning"": ""The edit initializes the loop variable 'i', which is a necessary improvement.""}
```",,0
5463145,Rejected,Accepted,,The edit adds a useful Docker Compose example relevant to the context.,"```json
{""Decision"": ""Accepted"", ""Category"": null, ""Reasoning"": ""The edit adds a useful Docker Compose example relevant to the context.""}
```",,0
5486692,Rejected,Rejected,No Meaningful Improvement,The edit does not change any content or improve the post.,"```json
{""Decision"": ""Rejected"", ""Category"": ""No Meaningful Improvement"", ""Reasoning"": ""The edit does not change any content or improve the post.""}
```",,1
5471005,Rejected,Accepted,,"The edit removes unnecessary gratitude, improving the post's professionalism.","```json
{""Decision"": ""Accepted"", ""Category"": null, ""Reasoning"": ""The edit removes unnecessary gratitude, improving the post's professionalism.""}
```",,0
5501844,Rejected,Rejected,No Meaningful Improvement,The edit does not change any content or improve clarity.,"```json
{""Decision"": ""Rejected"", ""Category"": ""No Meaningful Improvement"", ""Reasoning"": ""The edit does not change any content or improve clarity.""}
```",,1
5489472,Rejected,Accepted,,The edit improves readability by formatting the code and text properly.,"```json
{""Decision"": ""Accepted"", ""Category"": null, ""Reasoning"": ""The edit improves readability by formatting the code and text properly.""}
```",,0
5477330,Rejected,Accepted,,The edit improves clarity and readability by rephrasing the question and providing context.,"```json
{""Decision"": ""Accepted"", ""Category"": null, ""Reasoning"": ""The edit improves clarity and readability by rephrasing the question and providing context.""}
```",,0
5485326,Accepted,Accepted,,The edit improves readability by formatting the code block correctly.,"```json
{""Decision"": ""Accepted"", ""Category"": null, ""Reasoning"": ""The edit improves readability by formatting the code block correctly.""}
```",,0
5479949,Rejected,Accepted,,The edit corrects a spelling error and improves readability.,"{""Decision"": ""Accepted"", ""Category"": null, ""Reasoning"": ""The edit corrects a spelling error and improves readability.""}",,0
5490418,Accepted,Accepted,,"The edit updates a broken link to a valid one, improving the post's usefulness.","```json
{""Decision"": ""Accepted"", ""Category"": null, ""Reasoning"": ""The edit updates a broken link to a valid one, improving the post's usefulness.""}
```",,0
5461739,Rejected,Accepted,,The edit improves grammar and readability without altering the code functionality.,"```json
{""Decision"": ""Accepted"", ""Category"": null, ""Reasoning"": ""The edit improves grammar and readability without altering the code functionality.""}
```",,0
5467108,Accepted,Accepted,,"The edit corrects a common language mistake, improving clarity.","```json
{""Decision"": ""Accepted"", ""Category"": null, ""Reasoning"": ""The edit corrects a common language mistake, improving clarity.""}
```",,0
5474682,Accepted,Accepted,,The edit improves readability by formatting code and clarifying image descriptions.,"```json
{""Decision"": ""Accepted"", ""Category"": null, ""Reasoning"": ""The edit improves readability by formatting code and clarifying image descriptions.""}
```",,0
5473415,Rejected,Accepted,,"The edit removes unnecessary REPL indicators, improving code readability and copyability.","```json
{""Decision"": ""Accepted"", ""Category"": null, ""Reasoning"": ""The edit removes unnecessary REPL indicators, improving code readability and copyability.""}
```",,0
5486584,Rejected,Accepted,,"The edit corrects a minor grammatical error, improving clarity.","```json
{""Decision"": ""Accepted"", ""Category"": null, ""Reasoning"": ""The edit corrects a minor grammatical error, improving clarity.""}
```",,0
5471127,Rejected,Accepted,,The edit correctly changes 'relname' to 'tbl' to match the intended column name.,"```json
{""Decision"": ""Accepted"", ""Category"": null, ""Reasoning"": ""The edit correctly changes 'relname' to 'tbl' to match the intended column name.""}
```",,0
5482955,Rejected,Rejected,No Meaningful Improvement,The edit removes important information about the square brackets and commas.,"```json
{""Decision"": ""Rejected"", ""Category"": ""No Meaningful Improvement"", ""Reasoning"": ""The edit removes important information about the square brackets and commas.""}
```",,1
5505450,Rejected,Accepted,,The edit provides a necessary correction to the code example.,"```json
{""Decision"": ""Accepted"", ""Category"": null, ""Reasoning"": ""The edit provides a necessary correction to the code example.""}
```",,0
5469292,Rejected,Accepted,,The edit improves readability by adding code formatting and correcting minor grammatical issues.,"```json
{""Decision"": ""Accepted"", ""Category"": null, ""Reasoning"": ""The edit improves readability by adding code formatting and correcting minor grammatical issues.""}
```",,0
5473157,Rejected,Rejected,No Meaningful Improvement,"The edit removes backticks from the code block, breaking the formatting.","```json
{""Decision"": ""Rejected"", ""Category"": ""No Meaningful Improvement"", ""Reasoning"": ""The edit removes backticks from the code block, breaking the formatting.""}
```",,1
5473783,Rejected,Rejected,Unnecessary Formatting,The edit adds unnecessary formatting that does not improve clarity or readability.,"```json
{""Decision"": ""Rejected"", ""Category"": ""Unnecessary Formatting"", ""Reasoning"": ""The edit adds unnecessary formatting that does not improve clarity or readability.""}
```",,1
5477432,Rejected,Accepted,,The edit improves the code by adding error handling and clarifying comments.,"{""Decision"": ""Accepted"", ""Category"": null, ""Reasoning"": ""The edit improves the code by adding error handling and clarifying comments.""}",,0
5495843,Accepted,Accepted,,"The edit corrects a spelling mistake, improving clarity.","```json
{""Decision"": ""Accepted"", ""Category"": null, ""Reasoning"": ""The edit corrects a spelling mistake, improving clarity.""}
```",,0
5476630,Accepted,Accepted,,"The edit improves spelling, grammar, and formatting for clarity.","```json
{""Decision"": ""Accepted"", ""Category"": null, ""Reasoning"": ""The edit improves spelling, grammar, and formatting for clarity.""}
```",,0
5472471,Rejected,Accepted,,The edit correctly formats the code block using markdown syntax for better readability.,"```json
{""Decision"": ""Accepted"", ""Category"": null, ""Reasoning"": ""The edit correctly formats the code block using markdown syntax for better readability.""}
```",,0
5472055,Rejected,Accepted,,"The edit corrects typos and removes unnecessary text, improving clarity.","```json
{""Decision"": ""Accepted"", ""Category"": null, ""Reasoning"": ""The edit corrects typos and removes unnecessary text, improving clarity.""}
```",,0
5493650,Rejected,Accepted,,The edit improves code readability by adding spaces around operators and correcting a syntax error in scanf.,"```json
{""Decision"": ""Accepted"", ""Category"": null, ""Reasoning"": ""The edit improves code readability by adding spaces around operators and correcting a syntax error in scanf.""}
```",,0
5465390,Rejected,Rejected,No Meaningful Improvement,The edit does not improve the clarity or functionality of the original content.,"```json
{""Decision"": ""Rejected"", ""Category"": ""No Meaningful Improvement"", ""Reasoning"": ""The edit does not improve the clarity or functionality of the original content.""}
```",,1
5468073,Rejected,Accepted,,The edit improves clarity by providing descriptive text for the images.,"```json
{""Decision"": ""Accepted"", ""Category"": null, ""Reasoning"": ""The edit improves clarity by providing descriptive text for the images.""}
```",,0
5482195,Accepted,Accepted,,The edit improves readability by adding a missing header separator in the table.,"{""Decision"": ""Accepted"", ""Category"": null, ""Reasoning"": ""The edit improves readability by adding a missing header separator in the table.""}",,0
5481138,Rejected,Accepted,,The edit improves readability by converting plain URLs into clickable links.,"```json
{""Decision"": ""Accepted"", ""Category"": null, ""Reasoning"": ""The edit improves readability by converting plain URLs into clickable links.""}
```",,0
5487110,Accepted,Accepted,,The edit improves readability by adding code formatting.,"```json
{""Decision"": ""Accepted"", ""Category"": null, ""Reasoning"": ""The edit improves readability by adding code formatting.""}
```",,0
5482950,Accepted,Accepted,,The edit improves clarity by specifying 'multiple successive lines' and 'compile just fine'.,"{""Decision"": ""Accepted"", ""Category"": null, ""Reasoning"": ""The edit improves clarity by specifying 'multiple successive lines' and 'compile just fine'.""}",,0
5471190,Accepted,Accepted,,The edit improves readability by correcting capitalization and clarifying the replacement instruction.,"```json
{""Decision"": ""Accepted"", ""Category"": null, ""Reasoning"": ""The edit improves readability by correcting capitalization and clarifying the replacement instruction.""}
```",,0
5508965,Rejected,Accepted,,The edit adds necessary Maven dependency information for JSONAssert usage.,"```json
{""Decision"": ""Accepted"", ""Category"": null, ""Reasoning"": ""The edit adds necessary Maven dependency information for JSONAssert usage.""}
```",,0
5471186,Accepted,Accepted,,The edit improves readability by correcting a typo and formatting code properly.,"```json
{""Decision"": ""Accepted"", ""Category"": null, ""Reasoning"": ""The edit improves readability by correcting a typo and formatting code properly.""}
```",,0
5469002,Accepted,Accepted,,The edit improves grammar and clarity of the text.,"```json
{""Decision"": ""Accepted"", ""Category"": null, ""Reasoning"": ""The edit improves grammar and clarity of the text.""}
```",,0
5507133,Accepted,Accepted,,"The edit removed dead links, which improves the quality of the post.","{""Decision"": ""Accepted"", ""Category"": null, ""Reasoning"": ""The edit removed dead links, which improves the quality of the post.""}",,0
5470480,Rejected,Accepted,,The edit adds a runnable snippet which improves the post by making the code example interactive.,"```json
{""Decision"": ""Accepted"", ""Category"": null, ""Reasoning"": ""The edit adds a runnable snippet which improves the post by making the code example interactive.""}
```",,0
5469210,Accepted,Accepted,,"The edit improves grammar, clarity, and corrects the code logic.","```json
{""Decision"": ""Accepted"", ""Category"": null, ""Reasoning"": ""The edit improves grammar, clarity, and corrects the code logic.""}
```",,0
5503355,Rejected,Accepted,,The edit adds necessary punctuation for clarity.,"```json
{""Decision"": ""Accepted"", ""Category"": null, ""Reasoning"": ""The edit adds necessary punctuation for clarity.""}
```",,0
5502153,Rejected,Accepted,,"The edit adds a crucial warning about data destruction, improving the post's safety.","```json
{""Decision"": ""Accepted"", ""Category"": null, ""Reasoning"": ""The edit adds a crucial warning about data destruction, improving the post's safety.""}
```",,0
5471849,Accepted,Accepted,,"The edit corrects spelling errors, improving clarity.","```json
{""Decision"": ""Accepted"", ""Category"": null, ""Reasoning"": ""The edit corrects spelling errors, improving clarity.""}
```",,0
5467105,Rejected,Accepted,,The edit improves readability by aligning code and correcting a variable name.,"```json
{""Decision"": ""Accepted"", ""Category"": null, ""Reasoning"": ""The edit improves readability by aligning code and correcting a variable name.""}
```",,0
5493588,Rejected,Accepted,,"The edit adds a relevant example using the terra package, enhancing the answer's usefulness.","```json
{""Decision"": ""Accepted"", ""Category"": null, ""Reasoning"": ""The edit adds a relevant example using the terra package, enhancing the answer's usefulness.""}
```",,0
5481916,Accepted,Accepted,,The edit correctly adds syntax highlighting and removes unnecessary backticks.,"```json
{""Decision"": ""Accepted"", ""Category"": null, ""Reasoning"": ""The edit correctly adds syntax highlighting and removes unnecessary backticks.""}
```",,0
5482983,Rejected,Rejected,Unnecessary Content,The edit adds unnecessary content that does not improve the clarity or quality of the question.,"```json
{""Decision"": ""Rejected"", ""Category"": ""Unnecessary Content"", ""Reasoning"": ""The edit adds unnecessary content that does not improve the clarity or quality of the question.""}
```",,1
5465607,Rejected,Accepted,,The edit adds a useful enhancement by introducing a more flexible filter function.,"```json
{""Decision"": ""Accepted"", ""Category"": null, ""Reasoning"": ""The edit adds a useful enhancement by introducing a more flexible filter function.""}
```",,0
5485065,Accepted,Accepted,,The edit improves code readability by using consistent code block formatting.,"```json
{""Decision"": ""Accepted"", ""Category"": null, ""Reasoning"": ""The edit improves code readability by using consistent code block formatting.""}
```",,0
5492207,Rejected,Accepted,,The edit updates the code to use the latest Dart & Flutter syntax and practices.,"```json
{""Decision"": ""Accepted"", ""Category"": null, ""Reasoning"": ""The edit updates the code to use the latest Dart & Flutter syntax and practices.""}
```",,0
5502836,Accepted,Accepted,,The edit corrects a method name and improves code readability.,"```json
{""Decision"": ""Accepted"", ""Category"": null, ""Reasoning"": ""The edit corrects a method name and improves code readability.""}
```",,0
5479163,Rejected,Rejected,Incorrect/Risky,The condition 'if(num < 256 || num >= 0)' is logically incorrect and should be 'if(num < 256 && num >= 0)'. The edit did not address this issue.,"```json
{""Decision"": ""Rejected"", ""Category"": ""Incorrect/Risky"", ""Reasoning"": ""The condition 'if(num < 256 || num >= 0)' is logically incorrect and should be 'if(num < 256 && num >= 0)'. The edit did not address this issue.""}
```",,1
5481315,Accepted,Rejected,No Meaningful Improvement,The edit does not significantly improve the formatting or clarity of the original post.,"```json
{""Decision"": ""Rejected"", ""Category"": ""No Meaningful Improvement"", ""Reasoning"": ""The edit does not significantly improve the formatting or clarity of the original post.""}
```",,1
5505301,Rejected,Accepted,,The edit correctly adds a missing closing bracket to complete the code block.,"```json
{""Decision"": ""Accepted"", ""Category"": null, ""Reasoning"": ""The edit correctly adds a missing closing bracket to complete the code block.""}
```",,0
5468652,Accepted,Rejected,No Meaningful Improvement,The edit only changes indentation without improving clarity or functionality.,"```json
{""Decision"": ""Rejected"", ""Category"": ""No Meaningful Improvement"", ""Reasoning"": ""The edit only changes indentation without improving clarity or functionality.""}
```",,1
5476662,Accepted,Accepted,,The edit improves readability by applying code formatting to a code snippet.,"```json
{""Decision"": ""Accepted"", ""Category"": null, ""Reasoning"": ""The edit improves readability by applying code formatting to a code snippet.""}
```",,0
5475701,Accepted,Accepted,,"The edit removes a redundant code block, improving clarity.","```json
{""Decision"": ""Accepted"", ""Category"": null, ""Reasoning"": ""The edit removes a redundant code block, improving clarity.""}
```",,0
5490635,Rejected,Accepted,,The edit clarifies the explanation and improves readability.,"```json
{""Decision"": ""Accepted"", ""Category"": null, ""Reasoning"": ""The edit clarifies the explanation and improves readability.""}
```",,0
5463574,Accepted,Accepted,,The edit improves code readability by fixing indentation.,"```json
{""Decision"": ""Accepted"", ""Category"": null, ""Reasoning"": ""The edit improves code readability by fixing indentation.""}
```",,0
5481664,Accepted,Accepted,,The edit improves readability by correcting formatting and grammar.,"{""Decision"": ""Accepted"", ""Category"": null, ""Reasoning"": ""The edit improves readability by correcting formatting and grammar.""}",,0
5484292,Accepted,Rejected,No Meaningful Improvement,The edit only changes spacing which does not improve the content.,"```json
{""Decision"": ""Rejected"", ""Category"": ""No Meaningful Improvement"", ""Reasoning"": ""The edit only changes spacing which does not improve the content.""}
```",,1
5469594,Accepted,Accepted,,The edit improves grammar and clarity in the introduction.,"```json
{""Decision"": ""Accepted"", ""Category"": null, ""Reasoning"": ""The edit improves grammar and clarity in the introduction.""}
```",,0
5482960,Accepted,Accepted,,The edit improves readability by formatting code and highlighting key parts of the error message.,"{""Decision"": ""Accepted"", ""Category"": null, ""Reasoning"": ""The edit improves readability by formatting code and highlighting key parts of the error message.""}",,0
5476121,Accepted,Rejected,No Meaningful Improvement,The edit makes minimal changes that do not significantly improve clarity or readability.,"```json
{""Decision"": ""Rejected"", ""Category"": ""No Meaningful Improvement"", ""Reasoning"": ""The edit makes minimal changes that do not significantly improve clarity or readability.""}
```",,1
5485827,Rejected,Rejected,Unnecessary Formatting,"The suggested edit adds unnecessary block quotes to error messages, which does not improve readability or clarity.","{""Decision"": ""Rejected"", ""Category"": ""Unnecessary Formatting"", ""Reasoning"": ""The suggested edit adds unnecessary block quotes to error messages, which does not improve readability or clarity.""}",,1
5465678,Rejected,Rejected,Unnecessary Formatting,The added bold formatting does not significantly enhance the clarity or understanding of the text.,"{""Decision"": ""Rejected"", ""Category"": ""Unnecessary Formatting"", ""Reasoning"": ""The added bold formatting does not significantly enhance the clarity or understanding of the text.""}",,1
5484860,Accepted,Rejected,No Meaningful Improvement,"The edit only changes 'file list' to 'files list', which is not a significant improvement.","```json
{""Decision"": ""Rejected"", ""Category"": ""No Meaningful Improvement"", ""Reasoning"": ""The edit only changes 'file list' to 'files list', which is not a significant improvement.""}
```",,1
5466008,Accepted,Rejected,No Meaningful Improvement,The edit does not significantly improve the formatting or readability of the code.,"```json
{""Decision"": ""Rejected"", ""Category"": ""No Meaningful Improvement"", ""Reasoning"": ""The edit does not significantly improve the formatting or readability of the code.""}
```",,1
5463204,Accepted,Accepted,,The edit improves readability by adding code formatting.,"```json
{""Decision"": ""Accepted"", ""Category"": null, ""Reasoning"": ""The edit improves readability by adding code formatting.""}
```",,0
5471606,Accepted,Rejected,Incorrect/Risky,The edit introduces a syntax error by changing 'queryselector' to 'querySelector' without correcting the selector to 'querySelectorAll'.,"```json
{""Decision"": ""Rejected"", ""Category"": ""Incorrect/Risky"", ""Reasoning"": ""The edit introduces a syntax error by changing 'queryselector' to 'querySelector' without correcting the selector to 'querySelectorAll'.""}
```",,1
5478740,Rejected,Accepted,,The edit improves code readability by adding proper indentation and formatting.,"{""Decision"": ""Accepted"", ""Category"": null, ""Reasoning"": ""The edit improves code readability by adding proper indentation and formatting.""}",,0
5467790,Rejected,Rejected,No Meaningful Improvement,The lambda function is unnecessary as the original code works correctly without it.,"```json
{""Decision"": ""Rejected"", ""Category"": ""No Meaningful Improvement"", ""Reasoning"": ""The lambda function is unnecessary as the original code works correctly without it.""}
```",,1
5469368,Accepted,Accepted,,"The edit correctly adds code formatting, improving readability.","{""Decision"": ""Accepted"", ""Category"": null, ""Reasoning"": ""The edit correctly adds code formatting, improving readability.""}",,0
5465772,Accepted,Rejected,No Meaningful Improvement,The edit only changes formatting without addressing the issue of duplicate IDs.,"```json
{""Decision"": ""Rejected"", ""Category"": ""No Meaningful Improvement"", ""Reasoning"": ""The edit only changes formatting without addressing the issue of duplicate IDs.""}
```",,1
5465462,Rejected,Accepted,,The edit corrects the reassembly logic to match the intended byte order.,"```json
{""Decision"": ""Accepted"", ""Category"": null, ""Reasoning"": ""The edit corrects the reassembly logic to match the intended byte order.""}
```",,0
5467872,Rejected,Accepted,,The edit provides updated information about Koin dependency for newer versions.,"```json
{""Decision"": ""Accepted"", ""Category"": null, ""Reasoning"": ""The edit provides updated information about Koin dependency for newer versions.""}
```",,0
5477051,Accepted,Accepted,,"The edit corrects spelling errors, improving the clarity of the post.","{""Decision"": ""Accepted"", ""Category"": null, ""Reasoning"": ""The edit corrects spelling errors, improving the clarity of the post.""}",,0
5485244,Rejected,Rejected,No Meaningful Improvement,The edit does not significantly improve clarity or structure.,"```json
{""Decision"": ""Rejected"", ""Category"": ""No Meaningful Improvement"", ""Reasoning"": ""The edit does not significantly improve clarity or structure.""}
```",,1
5496515,Rejected,Accepted,,The edit correctly replaces an incorrect example of a build tool with a more accurate one.,"```json
{""Decision"": ""Accepted"", ""Category"": null, ""Reasoning"": ""The edit correctly replaces an incorrect example of a build tool with a more accurate one.""}
```",,0
5490617,Rejected,Accepted,,"The edit updates the code to match the modified question, ensuring consistency.","```json
{""Decision"": ""Accepted"", ""Category"": null, ""Reasoning"": ""The edit updates the code to match the modified question, ensuring consistency.""}
```",,0
5468089,Accepted,Accepted,,The edit improves readability by adding code formatting to commands.,"```json
{""Decision"": ""Accepted"", ""Category"": null, ""Reasoning"": ""The edit improves readability by adding code formatting to commands.""}
```",,0
5502584,Rejected,Accepted,,"The edit corrects the port number to match the web browser call, ensuring functionality.","```json
{""Decision"": ""Accepted"", ""Category"": null, ""Reasoning"": ""The edit corrects the port number to match the web browser call, ensuring functionality.""}
```",,0
5470847,Rejected,Accepted,,"The edit provides a modern solution with references, enhancing the answer's value.","```json
{""Decision"": ""Accepted"", ""Category"": null, ""Reasoning"": ""The edit provides a modern solution with references, enhancing the answer's value.""}
```",,0
5471404,Accepted,Accepted,,The edit improves readability by formatting the error log with backticks.,"```json
{""Decision"": ""Accepted"", ""Category"": null, ""Reasoning"": ""The edit improves readability by formatting the error log with backticks.""}
```",,0
5483425,Accepted,Accepted,,The edit improves the formatting for better readability.,"```json
{""Decision"": ""Accepted"", ""Category"": null, ""Reasoning"": ""The edit improves the formatting for better readability.""}
```",,0
5479053,Rejected,Accepted,,The edit improves code readability by fixing indentation.,"```json
{""Decision"": ""Accepted"", ""Category"": null, ""Reasoning"": ""The edit improves code readability by fixing indentation.""}
```",,0
5477888,Accepted,Accepted,,The edit adds a necessary update call to ensure the entity is tracked before saving.,"```json
{""Decision"": ""Accepted"", ""Category"": null, ""Reasoning"": ""The edit adds a necessary update call to ensure the entity is tracked before saving.""}
```",,0
5486112,Accepted,Accepted,,The edit improves grammar and readability without altering the code.,"```json
{""Decision"": ""Accepted"", ""Category"": null, ""Reasoning"": ""The edit improves grammar and readability without altering the code.""}
```",,0
5462976,Accepted,Accepted,,The edit correctly adds quotes around the variable for string comparison.,"```json
{""Decision"": ""Accepted"", ""Category"": null, ""Reasoning"": ""The edit correctly adds quotes around the variable for string comparison.""}
```",,0
5479759,Rejected,Rejected,Spam/Vandalism,The edit introduces nonsensical text to the URL.,"```json
{""Decision"": ""Rejected"", ""Category"": ""Spam/Vandalism"", ""Reasoning"": ""The edit introduces nonsensical text to the URL.""}
```",,1
5485108,Accepted,Accepted,,The edit corrects typos and improves clarity.,"```json
{""Decision"": ""Accepted"", ""Category"": null, ""Reasoning"": ""The edit corrects typos and improves clarity.""}
```",,0
5483064,Accepted,Accepted,,"The edit corrects the application path for Google Chrome, which is a meaningful improvement.","```json
{""Decision"": ""Accepted"", ""Category"": null, ""Reasoning"": ""The edit corrects the application path for Google Chrome, which is a meaningful improvement.""}
```",,0
5491589,Accepted,Accepted,,The edit improves code readability by fixing indentation.,"```json
{""Decision"": ""Accepted"", ""Category"": null, ""Reasoning"": ""The edit improves code readability by fixing indentation.""}
```",,0
5473189,Accepted,Accepted,,"The edit corrects typos and grammar mistakes, improving clarity.","```json
{""Decision"": ""Accepted"", ""Category"": null, ""Reasoning"": ""The edit corrects typos and grammar mistakes, improving clarity.""}
```",,0
5493581,Rejected,Rejected,No Meaningful Improvement,The edit does not improve the clarity or accuracy of the original text.,"```json
{""Decision"": ""Rejected"", ""Category"": ""No Meaningful Improvement"", ""Reasoning"": ""The edit does not improve the clarity or accuracy of the original text.""}
```",,1
5481108,Rejected,Accepted,,"The edit removes a repeated paragraph, improving clarity.","```json
{""Decision"": ""Accepted"", ""Category"": null, ""Reasoning"": ""The edit removes a repeated paragraph, improving clarity.""}
```",,0
5471172,Accepted,Accepted,,The edit improves grammar and formatting for clarity.,"```json
{""Decision"": ""Accepted"", ""Category"": null, ""Reasoning"": ""The edit improves grammar and formatting for clarity.""}
```",,0
5462695,Rejected,Accepted,,The edit corrects the string length according to the provided reference.,"```json
{""Decision"": ""Accepted"", ""Category"": null, ""Reasoning"": ""The edit corrects the string length according to the provided reference.""}
```",,0
5483415,Accepted,Accepted,,The edit provides important information about changes in PHP 8.1.0 behavior.,"{""Decision"": ""Accepted"", ""Category"": null, ""Reasoning"": ""The edit provides important information about changes in PHP 8.1.0 behavior.""}",,0
5504561,Rejected,Rejected,No Meaningful Improvement,The edit does not significantly change or improve the original text.,"```json
{""Decision"": ""Rejected"", ""Category"": ""No Meaningful Improvement"", ""Reasoning"": ""The edit does not significantly change or improve the original text.""}
```",,1
5475676,Accepted,Accepted,,The edit improves grammar and clarity.,"```json
{""Decision"": ""Accepted"", ""Category"": null, ""Reasoning"": ""The edit improves grammar and clarity.""}
```",,0
5469796,Rejected,Accepted,,"The edit adds an IFERROR condition to handle potential errors, improving the formula's robustness.","```json
{""Decision"": ""Accepted"", ""Category"": null, ""Reasoning"": ""The edit adds an IFERROR condition to handle potential errors, improving the formula's robustness.""}
```",,0
5479278,Rejected,Accepted,,"The edit provides an alternative method to add the root element, enhancing the answer.","```json
{""Decision"": ""Accepted"", ""Category"": null, ""Reasoning"": ""The edit provides an alternative method to add the root element, enhancing the answer.""}
```",,0
5483762,Accepted,Rejected,No Meaningful Improvement,The edit only adds backticks around some words without improving clarity or content.,"```json
{""Decision"": ""Rejected"", ""Category"": ""No Meaningful Improvement"", ""Reasoning"": ""The edit only adds backticks around some words without improving clarity or content.""}
```",,1
5474546,Rejected,Rejected,Alternate Solution,The edit introduces an alternate solution rather than improving the existing content.,"```json
{""Decision"": ""Rejected"", ""Category"": ""Alternate Solution"", ""Reasoning"": ""The edit introduces an alternate solution rather than improving the existing content.""}
```",,1
5462909,Accepted,Accepted,,The edit improves grammar and readability.,"```json
{""Decision"": ""Accepted"", ""Category"": null, ""Reasoning"": ""The edit improves grammar and readability.""}
```",,0
5480871,Accepted,Accepted,,The edit improves readability by formatting code and adding a code block.,"```json
{""Decision"": ""Accepted"", ""Category"": null, ""Reasoning"": ""The edit improves readability by formatting code and adding a code block.""}
```",,0
5479253,Accepted,Accepted,,The edit improves grammar and clarity.,"```json
{""Decision"": ""Accepted"", ""Category"": null, ""Reasoning"": ""The edit improves grammar and clarity.""}
```",,0
5509472,Accepted,Accepted,,"The edit corrects a typo, improving code accuracy.","```json
{""Decision"": ""Accepted"", ""Category"": null, ""Reasoning"": ""The edit corrects a typo, improving code accuracy.""}
```",,0
5475245,Rejected,Accepted,,The edit improves code readability by properly formatting the code block.,"```json
{""Decision"": ""Accepted"", ""Category"": null, ""Reasoning"": ""The edit improves code readability by properly formatting the code block.""}
```",,0
5471705,Accepted,Rejected,Unnecessary Formatting,The change from bold to italics for numbers does not improve readability or clarity.,"```json
{""Decision"": ""Rejected"", ""Category"": ""Unnecessary Formatting"", ""Reasoning"": ""The change from bold to italics for numbers does not improve readability or clarity.""}
```",,1
5473490,Rejected,Accepted,,"The edit replaces a link with an inline image, improving clarity.","```json
{""Decision"": ""Accepted"", ""Category"": null, ""Reasoning"": ""The edit replaces a link with an inline image, improving clarity.""}
```",,0
5466698,Rejected,Rejected,No Meaningful Improvement,The edit does not significantly improve the clarity or correctness of the text.,"```json
{""Decision"": ""Rejected"", ""Category"": ""No Meaningful Improvement"", ""Reasoning"": ""The edit does not significantly improve the clarity or correctness of the text.""}
```",,1
5464563,Accepted,Rejected,Incorrect/Risky,The change from 'num=$1' to 'set num=$1' is incorrect in bash scripting.,"```json
{""Decision"": ""Rejected"", ""Category"": ""Incorrect/Risky"", ""Reasoning"": ""The change from 'num=$1' to 'set num=$1' is incorrect in bash scripting.""}
```",,1
5492110,Rejected,Accepted,,The edit improves readability by properly formatting code blocks with fences.,"```json
{""Decision"": ""Accepted"", ""Category"": null, ""Reasoning"": ""The edit improves readability by properly formatting code blocks with fences.""}
```",,0
5467017,Accepted,Accepted,,The edit corrects spelling and adds necessary formatting for clarity.,"```json
{""Decision"": ""Accepted"", ""Category"": null, ""Reasoning"": ""The edit corrects spelling and adds necessary formatting for clarity.""}
```",,0
5485445,Accepted,Accepted,,"The edit fixes a broken link, improving the post's usefulness.","{""Decision"": ""Accepted"", ""Category"": null, ""Reasoning"": ""The edit fixes a broken link, improving the post's usefulness.""}",,0
5503568,Accepted,Accepted,,The edit improves code readability by enhancing formatting.,"```json
{""Decision"": ""Accepted"", ""Category"": null, ""Reasoning"": ""The edit improves code readability by enhancing formatting.""}
```",,0
5504454,Rejected,Accepted,,The edit corrects a factual error by distinguishing between glib and glibc.,"```json
{""Decision"": ""Accepted"", ""Category"": null, ""Reasoning"": ""The edit corrects a factual error by distinguishing between glib and glibc.""}
```",,0
5471219,Rejected,Accepted,,"The edit adds a useful check for existing keys, improving the function's robustness.","```json
{""Decision"": ""Accepted"", ""Category"": null, ""Reasoning"": ""The edit adds a useful check for existing keys, improving the function's robustness.""}
```",,0
5481061,Rejected,Accepted,,The edit improves the code by using a more efficient method and updates it for newer Django versions.,"```json
{""Decision"": ""Accepted"", ""Category"": null, ""Reasoning"": ""The edit improves the code by using a more efficient method and updates it for newer Django versions.""}
```",,0
5461207,Accepted,Accepted,,The edit improves code formatting and readability.,"```json
{""Decision"": ""Accepted"", ""Category"": null, ""Reasoning"": ""The edit improves code formatting and readability.""}
```",,0
5484689,Rejected,Rejected,No Meaningful Improvement,The edit does not change any content or formatting.,"```json
{""Decision"": ""Rejected"", ""Category"": ""No Meaningful Improvement"", ""Reasoning"": ""The edit does not change any content or formatting.""}
```",,1
5465687,Rejected,Rejected,No Meaningful Improvement,"The edit removes essential code, making the example incomplete and less useful.","```json
{""Decision"": ""Rejected"", ""Category"": ""No Meaningful Improvement"", ""Reasoning"": ""The edit removes essential code, making the example incomplete and less useful.""}
```",,1
5480416,Rejected,Accepted,,The edit improves code readability and correctness by refactoring and fixing an error.,"```json
{""Decision"": ""Accepted"", ""Category"": null, ""Reasoning"": ""The edit improves code readability and correctness by refactoring and fixing an error.""}
```",,0
5464806,Rejected,Accepted,,"The edit updates the GitHub URL to a specific version, which is a meaningful improvement.","```json
{""Decision"": ""Accepted"", ""Category"": null, ""Reasoning"": ""The edit updates the GitHub URL to a specific version, which is a meaningful improvement.""}
```",,0
5494124,Accepted,Accepted,,The edit improves readability by capitalizing the first letter of the sentence.,"{""Decision"": ""Accepted"", ""Category"": null, ""Reasoning"": ""The edit improves readability by capitalizing the first letter of the sentence.""}",,0
5492512,Accepted,Accepted,,"The edit adds a useful link to the documentation, enhancing the answer's value.","```json
{""Decision"": ""Accepted"", ""Category"": null, ""Reasoning"": ""The edit adds a useful link to the documentation, enhancing the answer's value.""}
```",,0
5467511,Accepted,Accepted,,The edit correctly embeds images for better readability and understanding.,"```json
{""Decision"": ""Accepted"", ""Category"": null, ""Reasoning"": ""The edit correctly embeds images for better readability and understanding.""}
```",,0
5492108,Rejected,Accepted,,The edit improves clarity by adding missing steps and explanations.,"```json
{""Decision"": ""Accepted"", ""Category"": null, ""Reasoning"": ""The edit improves clarity by adding missing steps and explanations.""}
```",,0
5476901,Rejected,Rejected,No Meaningful Improvement,The edit only adds block quotes without improving clarity or understanding.,"```json
{""Decision"": ""Rejected"", ""Category"": ""No Meaningful Improvement"", ""Reasoning"": ""The edit only adds block quotes without improving clarity or understanding.""}
```",,1
5498704,Rejected,Rejected,Incorrect/Risky,The edit changes the command to use '-R' which recursively changes ownership and may not be intended.,"{""Decision"": ""Rejected"", ""Category"": ""Incorrect/Risky"", ""Reasoning"": ""The edit changes the command to use '-R' which recursively changes ownership and may not be intended.""}",,1
5463263,Rejected,Accepted,,The edit adds a useful check to prevent terminal line clearing when the password is empty.,"{""Decision"": ""Accepted"", ""Category"": null, ""Reasoning"": ""The edit adds a useful check to prevent terminal line clearing when the password is empty.""}",,0
5506522,Rejected,Accepted,,"The edit removes placeholder text, improving the clarity of the code.","```json
{""Decision"": ""Accepted"", ""Category"": null, ""Reasoning"": ""The edit removes placeholder text, improving the clarity of the code.""}
```",,0
5473917,Rejected,Rejected,Unnecessary Formatting,The formatting changes do not significantly improve the readability or clarity of the post.,"```json
{""Decision"": ""Rejected"", ""Category"": ""Unnecessary Formatting"", ""Reasoning"": ""The formatting changes do not significantly improve the readability or clarity of the post.""}
```",,1
5469426,Rejected,Accepted,,The edit corrects a potential error in the code by adjusting the calculation of field lengths.,"{""Decision"": ""Accepted"", ""Category"": null, ""Reasoning"": ""The edit corrects a potential error in the code by adjusting the calculation of field lengths.""}",,0
5470035,Rejected,Accepted,,"The edit provides additional useful information on how to include files in the build process, which is relevant to the context.","```json
{""Decision"": ""Accepted"", ""Category"": null, ""Reasoning"": ""The edit provides additional useful information on how to include files in the build process, which is relevant to the context.""}
```",,0
5501157,Accepted,Accepted,,The edit improves code readability by adding proper formatting and indentation.,"```json
{""Decision"": ""Accepted"", ""Category"": null, ""Reasoning"": ""The edit improves code readability by adding proper formatting and indentation.""}
```",,0
5483033,Accepted,Accepted,,"The edit fixes broken links, improving the post's accuracy and usefulness.","```json
{""Decision"": ""Accepted"", ""Category"": null, ""Reasoning"": ""The edit fixes broken links, improving the post's accuracy and usefulness.""}
```",,0
5468242,Accepted,Accepted,,The edit improves clarity in the introduction.,"```json
{""Decision"": ""Accepted"", ""Category"": null, ""Reasoning"": ""The edit improves clarity in the introduction.""}
```",,0
5479322,Accepted,Rejected,No Meaningful Improvement,The edit does not significantly improve the content or fix any major issues.,"```json
{""Decision"": ""Rejected"", ""Category"": ""No Meaningful Improvement"", ""Reasoning"": ""The edit does not significantly improve the content or fix any major issues.""}
```",,1
5466397,Rejected,Accepted,,The edit properly formats the code using markdown for better readability.,"{""Decision"": ""Accepted"", ""Category"": null, ""Reasoning"": ""The edit properly formats the code using markdown for better readability.""}",,0
5474780,Accepted,Rejected,Unnecessary Formatting,The edit only changes the code block formatting without improving clarity or functionality.,"```json
{""Decision"": ""Rejected"", ""Category"": ""Unnecessary Formatting"", ""Reasoning"": ""The edit only changes the code block formatting without improving clarity or functionality.""}
```",,1
5500743,Rejected,Accepted,,The edit improves code readability by adding proper formatting.,"```json
{""Decision"": ""Accepted"", ""Category"": null, ""Reasoning"": ""The edit improves code readability by adding proper formatting.""}
```",,0
5477115,Rejected,Rejected,Unnecessary Formatting,"The edit only changes spaces to tabs, which is unnecessary.","```json
{""Decision"": ""Rejected"", ""Category"": ""Unnecessary Formatting"", ""Reasoning"": ""The edit only changes spaces to tabs, which is unnecessary.""}
```",,1
5487745,Accepted,Accepted,,The edit improves readability by adding code formatting and proper markdown.,"```json
{""Decision"": ""Accepted"", ""Category"": null, ""Reasoning"": ""The edit improves readability by adding code formatting and proper markdown.""}
```",,0
5491232,Accepted,Rejected,No Meaningful Improvement,The edit does not improve the clarity or functionality of the code.,"```json
{""Decision"": ""Rejected"", ""Category"": ""No Meaningful Improvement"", ""Reasoning"": ""The edit does not improve the clarity or functionality of the code.""}
```",,1
5479835,Rejected,Accepted,,"The edit adds necessary information about importing functools, which is required for the code to work.","```json
{""Decision"": ""Accepted"", ""Category"": null, ""Reasoning"": ""The edit adds necessary information about importing functools, which is required for the code to work.""}
```",,0
5463597,Accepted,Accepted,,The edit improves code formatting and readability by using consistent quotation marks and adding missing return statements.,"```json
{""Decision"": ""Accepted"", ""Category"": null, ""Reasoning"": ""The edit improves code formatting and readability by using consistent quotation marks and adding missing return statements.""}
```",,0
5507928,Rejected,Accepted,,"The edit updates the code to reflect the current usage of 'Exporter' instead of 'pb_Stl', which is a necessary and meaningful improvement.","```json
{""Decision"": ""Accepted"", ""Category"": null, ""Reasoning"": ""The edit updates the code to reflect the current usage of 'Exporter' instead of 'pb_Stl', which is a necessary and meaningful improvement.""}
```",,0
5496980,Rejected,Accepted,,The edit improves readability by properly formatting code blocks.,"```json
{""Decision"": ""Accepted"", ""Category"": null, ""Reasoning"": ""The edit improves readability by properly formatting code blocks.""}
```",,0
5494638,Accepted,Accepted,,The edit improves readability by correcting letter casing and punctuation.,"{""Decision"": ""Accepted"", ""Category"": null, ""Reasoning"": ""The edit improves readability by correcting letter casing and punctuation.""}",,0
5474352,Rejected,Rejected,Misuse (Reply/Question),The edit adds a personal response and alternate solution instead of improving the original post.,"```json
{""Decision"": ""Rejected"", ""Category"": ""Misuse (Reply/Question)"", ""Reasoning"": ""The edit adds a personal response and alternate solution instead of improving the original post.""}
```",,1
5500745,Accepted,Accepted,,"The edit improves formatting and clarity, making the text more readable.","```json
{""Decision"": ""Accepted"", ""Category"": null, ""Reasoning"": ""The edit improves formatting and clarity, making the text more readable.""}
```",,0
5472432,Accepted,Accepted,,"The edit removes an unnecessary comment, improving code clarity.","```json
{""Decision"": ""Accepted"", ""Category"": null, ""Reasoning"": ""The edit removes an unnecessary comment, improving code clarity.""}
```",,0
5495553,Accepted,Rejected,No Meaningful Improvement,The edit only changes indentation without adding any new information.,"```json
{""Decision"": ""Rejected"", ""Category"": ""No Meaningful Improvement"", ""Reasoning"": ""The edit only changes indentation without adding any new information.""}
```",,1
5463067,Rejected,Accepted,,The edit provides a working solution by adjusting the observable handling.,"```json
{""Decision"": ""Accepted"", ""Category"": null, ""Reasoning"": ""The edit provides a working solution by adjusting the observable handling.""}
```",,0
5467975,Rejected,Accepted,,The edit improves code readability by adding proper formatting.,"```json
{""Decision"": ""Accepted"", ""Category"": null, ""Reasoning"": ""The edit improves code readability by adding proper formatting.""}
```",,0
5474086,Rejected,Rejected,No Meaningful Improvement,The edit does not add any meaningful content or improvement to the post.,"```json
{""Decision"": ""Rejected"", ""Category"": ""No Meaningful Improvement"", ""Reasoning"": ""The edit does not add any meaningful content or improvement to the post.""}
```",,1
5469539,Accepted,Rejected,No Meaningful Improvement,"The edit only adds 'the' to the text, which is a minor change and does not significantly improve the post.","```json
{""Decision"": ""Rejected"", ""Category"": ""No Meaningful Improvement"", ""Reasoning"": ""The edit only adds 'the' to the text, which is a minor change and does not significantly improve the post.""}
```",,1
5466513,Rejected,Accepted,,"The edit removes defunct links, improving the post's relevance.","```json
{""Decision"": ""Accepted"", ""Category"": null, ""Reasoning"": ""The edit removes defunct links, improving the post's relevance.""}
```",,0
5480038,Rejected,Rejected,Unnecessary Formatting,The edit only adds bold formatting to some words without improving clarity or readability.,"```json
{""Decision"": ""Rejected"", ""Category"": ""Unnecessary Formatting"", ""Reasoning"": ""The edit only adds bold formatting to some words without improving clarity or readability.""}
```",,1
5468988,Accepted,Accepted,,The edit improves readability and corrects grammar without altering the code logic.,"```json
{""Decision"": ""Accepted"", ""Category"": null, ""Reasoning"": ""The edit improves readability and corrects grammar without altering the code logic.""}
```",,0
5475467,Rejected,Accepted,,The edit improves readability by correctly formatting images and code.,"```json
{""Decision"": ""Accepted"", ""Category"": null, ""Reasoning"": ""The edit improves readability by correctly formatting images and code.""}
```",,0
5485288,Rejected,Rejected,No Meaningful Improvement,The edit does not improve the formatting or content meaningfully.,"```json
{""Decision"": ""Rejected"", ""Category"": ""No Meaningful Improvement"", ""Reasoning"": ""The edit does not improve the formatting or content meaningfully.""}
```",,1
5462362,Accepted,Rejected,No Meaningful Improvement,The edit does not provide any meaningful changes to the original content.,"```json
{""Decision"": ""Rejected"", ""Category"": ""No Meaningful Improvement"", ""Reasoning"": ""The edit does not provide any meaningful changes to the original content.""}
```",,1
5465527,Accepted,Accepted,,The edit improves readability by properly formatting the code block.,"```json
{""Decision"": ""Accepted"", ""Category"": null, ""Reasoning"": ""The edit improves readability by properly formatting the code block.""}
```",,0
5507807,Rejected,Rejected,Incorrect/Risky,The Kotlin syntax provided is incorrect and uses Java class references improperly.,"```json
{""Decision"": ""Rejected"", ""Category"": ""Incorrect/Risky"", ""Reasoning"": ""The Kotlin syntax provided is incorrect and uses Java class references improperly.""}
```",,1
5462450,Accepted,Accepted,,"The edit improves grammar, spelling, and code formatting, enhancing readability.","```json
{""Decision"": ""Accepted"", ""Category"": null, ""Reasoning"": ""The edit improves grammar, spelling, and code formatting, enhancing readability.""}
```",,0
5471651,Rejected,Accepted,,"The edit corrects the syntax to use double pipes, which is the recommended practice.","{""Decision"": ""Accepted"", ""Category"": null, ""Reasoning"": ""The edit corrects the syntax to use double pipes, which is the recommended practice.""}",,0
5507029,Rejected,Accepted,,The edit adds useful information about sorting by CPU limit.,"```json
{""Decision"": ""Accepted"", ""Category"": null, ""Reasoning"": ""The edit adds useful information about sorting by CPU limit.""}
```",,0
5475400,Accepted,Accepted,,The edit improves readability by adding code formatting.,"```json
{""Decision"": ""Accepted"", ""Category"": null, ""Reasoning"": ""The edit improves readability by adding code formatting.""}
```",,0
5500840,Rejected,Accepted,,The edit adds useful information about an additional option for the command.,"{""Decision"": ""Accepted"", ""Category"": null, ""Reasoning"": ""The edit adds useful information about an additional option for the command.""}",,0
5472652,Rejected,Accepted,,The edit improves code readability by using proper code block formatting.,"```json
{""Decision"": ""Accepted"", ""Category"": null, ""Reasoning"": ""The edit improves code readability by using proper code block formatting.""}
```",,0
5462546,Accepted,Accepted,,The edit provides useful configuration examples that enhance the clarity of the original post.,"```json
{""Decision"": ""Accepted"", ""Category"": null, ""Reasoning"": ""The edit provides useful configuration examples that enhance the clarity of the original post.""}
```",,0
5477684,Rejected,Rejected,Incorrect/Risky,"The edit changes 'any' to 'all', altering the logic of the code.","```json
{""Decision"": ""Rejected"", ""Category"": ""Incorrect/Risky"", ""Reasoning"": ""The edit changes 'any' to 'all', altering the logic of the code.""}
```",,1
5480806,Rejected,Accepted,,The edit adds useful information about user permissions that could help others.,"```json
{""Decision"": ""Accepted"", ""Category"": null, ""Reasoning"": ""The edit adds useful information about user permissions that could help others.""}
```",,0
5499836,Rejected,Rejected,Incorrect/Risky,The edit changes the URL to a specific site which may not be relevant or safe.,"```json
{""Decision"": ""Rejected"", ""Category"": ""Incorrect/Risky"", ""Reasoning"": ""The edit changes the URL to a specific site which may not be relevant or safe.""}
```",,1
5467346,Accepted,Rejected,No Meaningful Improvement,"The edit only adds a comma and a contraction, which do not significantly improve the post.","{""Decision"": ""Rejected"", ""Category"": ""No Meaningful Improvement"", ""Reasoning"": ""The edit only adds a comma and a contraction, which do not significantly improve the post.""}",,1
5500790,Accepted,Accepted,,"The edit removes a dead URL, improving the post's quality.","```json
{""Decision"": ""Accepted"", ""Category"": null, ""Reasoning"": ""The edit removes a dead URL, improving the post's quality.""}
```",,0
5481461,Rejected,Rejected,No Meaningful Improvement,The edit only makes minor formatting changes without addressing the core issue of the missing message parameter in the Alert.alert function.,"```json
{""Decision"": ""Rejected"", ""Category"": ""No Meaningful Improvement"", ""Reasoning"": ""The edit only makes minor formatting changes without addressing the core issue of the missing message parameter in the Alert.alert function.""}
```",,1
5465911,Accepted,Rejected,No Meaningful Improvement,The edit removes context necessary for understanding the problem.,"```json
{""Decision"": ""Rejected"", ""Category"": ""No Meaningful Improvement"", ""Reasoning"": ""The edit removes context necessary for understanding the problem.""}
```",,1
5465965,Rejected,Rejected,Incorrect/Risky,The edit introduces an error by incorrectly placing 'python' in the code block.,"```json
{""Decision"": ""Rejected"", ""Category"": ""Incorrect/Risky"", ""Reasoning"": ""The edit introduces an error by incorrectly placing 'python' in the code block.""}
```",,1
5487370,Accepted,Accepted,,Corrected spelling and improved sentence clarity.,"```json
{""Decision"": ""Accepted"", ""Category"": null, ""Reasoning"": ""Corrected spelling and improved sentence clarity.""}
```",,0
5499016,Rejected,Accepted,,"The edit corrects a typo in the link text, improving clarity.","```json
{""Decision"": ""Accepted"", ""Category"": null, ""Reasoning"": ""The edit corrects a typo in the link text, improving clarity.""}
```",,0
5504515,Accepted,Accepted,,"The edit corrects the method to use ExecuteResultAsync, which is necessary for Azure Functions.","```json
{""Decision"": ""Accepted"", ""Category"": null, ""Reasoning"": ""The edit corrects the method to use ExecuteResultAsync, which is necessary for Azure Functions.""}
```",,0
5494908,Rejected,Accepted,,"The edit adds clarifying notes to the solution, improving understanding.","```json
{""Decision"": ""Accepted"", ""Category"": null, ""Reasoning"": ""The edit adds clarifying notes to the solution, improving understanding.""}
```",,0
5500554,Accepted,Accepted,,The edit adds clarity by specifying the library and providing relevant links.,"{""Decision"": ""Accepted"", ""Category"": null, ""Reasoning"": ""The edit adds clarity by specifying the library and providing relevant links.""}",,0
5483508,Accepted,Accepted,,The edit improves code readability by properly formatting the code block.,"```json
{""Decision"": ""Accepted"", ""Category"": null, ""Reasoning"": ""The edit improves code readability by properly formatting the code block.""}
```",,0
5482769,Accepted,Rejected,No Meaningful Improvement,The edit does not change any content and does not address the discrepancy mentioned in the editor comment.,"```json
{""Decision"": ""Rejected"", ""Category"": ""No Meaningful Improvement"", ""Reasoning"": ""The edit does not change any content and does not address the discrepancy mentioned in the editor comment.""}
```",,1
5479975,Accepted,Accepted,,"The edit corrects a spelling error, improving clarity.","```json
{""Decision"": ""Accepted"", ""Category"": null, ""Reasoning"": ""The edit corrects a spelling error, improving clarity.""}
```",,0
5477585,Rejected,Rejected,No Meaningful Improvement,The edit does not make any noticeable changes to the content.,"```json
{""Decision"": ""Rejected"", ""Category"": ""No Meaningful Improvement"", ""Reasoning"": ""The edit does not make any noticeable changes to the content.""}
```",,1
5484339,Accepted,Accepted,,The edit improves clarity and readability by correcting grammar and formatting.,"```json
{""Decision"": ""Accepted"", ""Category"": null, ""Reasoning"": ""The edit improves clarity and readability by correcting grammar and formatting.""}
```",,0
5470401,Rejected,Rejected,Alternate Solution,The edit replaces the original content with an unrelated solution instead of improving the existing code.,"```json
{""Decision"": ""Rejected"", ""Category"": ""Alternate Solution"", ""Reasoning"": ""The edit replaces the original content with an unrelated solution instead of improving the existing code.""}
```",,1
5476735,Accepted,Rejected,Unnecessary Formatting,The edit only changes formatting without improving clarity or content.,"```json
{""Decision"": ""Rejected"", ""Category"": ""Unnecessary Formatting"", ""Reasoning"": ""The edit only changes formatting without improving clarity or content.""}
```",,1
5491701,Rejected,Accepted,,The edit improves readability by adding code block formatting.,"```json
{""Decision"": ""Accepted"", ""Category"": null, ""Reasoning"": ""The edit improves readability by adding code block formatting.""}
```",,0
5464834,Rejected,Accepted,,"The edit replaces links with embedded images, improving readability and accessibility.","```json
{""Decision"": ""Accepted"", ""Category"": null, ""Reasoning"": ""The edit replaces links with embedded images, improving readability and accessibility.""}
```",,0
5506202,Accepted,Accepted,,"The edit corrects a missing word, improving clarity.","```json
{""Decision"": ""Accepted"", ""Category"": null, ""Reasoning"": ""The edit corrects a missing word, improving clarity.""}
```",,0
5484862,Rejected,Accepted,,"The edit corrects the code to avoid using $env:Path directly, which is a safer practice.","```json
{""Decision"": ""Accepted"", ""Category"": null, ""Reasoning"": ""The edit corrects the code to avoid using $env:Path directly, which is a safer practice.""}
```",,0
5503726,Rejected,Rejected,Unnecessary Formatting,The edit changes formatting without improving clarity or readability.,"```json
{""Decision"": ""Rejected"", ""Category"": ""Unnecessary Formatting"", ""Reasoning"": ""The edit changes formatting without improving clarity or readability.""}
```",,1
5471659,Accepted,Accepted,,The edit improves readability by correcting typos and enhancing clarity.,"```json
{""Decision"": ""Accepted"", ""Category"": null, ""Reasoning"": ""The edit improves readability by correcting typos and enhancing clarity.""}
```",,0
5467772,Rejected,Accepted,,"The edit corrects the code by replacing PlaceHolder with Panel, which is necessary for the code to function correctly.","```json
{""Decision"": ""Accepted"", ""Category"": null, ""Reasoning"": ""The edit corrects the code by replacing PlaceHolder with Panel, which is necessary for the code to function correctly.""}
```",,0
5464908,Rejected,Accepted,,The edit improves code readability by adding proper formatting.,"```json
{""Decision"": ""Accepted"", ""Category"": null, ""Reasoning"": ""The edit improves code readability by adding proper formatting.""}
```",,0
5467632,Rejected,Accepted,,"The edit corrects the return type of the getCountry method, fixing a compile-time error.","```json
{""Decision"": ""Accepted"", ""Category"": null, ""Reasoning"": ""The edit corrects the return type of the getCountry method, fixing a compile-time error.""}
```",,0
5484746,Rejected,Accepted,,The edit corrects the code by accessing the match value properly.,"```json
{""Decision"": ""Accepted"", ""Category"": null, ""Reasoning"": ""The edit corrects the code by accessing the match value properly.""}
```",,0
5484366,Rejected,Accepted,,The edit improves grammar and removes unnecessary elements.,"```json
{""Decision"": ""Accepted"", ""Category"": null, ""Reasoning"": ""The edit improves grammar and removes unnecessary elements.""}
```",,0
5474458,Rejected,Accepted,,"The edit removes an unnecessary word, improving clarity.","```json
{""Decision"": ""Accepted"", ""Category"": null, ""Reasoning"": ""The edit removes an unnecessary word, improving clarity.""}
```",,0
5503814,Accepted,Accepted,,The edit improves grammar and enhances the image description.,"```json
{""Decision"": ""Accepted"", ""Category"": null, ""Reasoning"": ""The edit improves grammar and enhances the image description.""}
```",,0
5496250,Accepted,Accepted,,The edit improves readability by adding code blocks and formatting.,"```json
{""Decision"": ""Accepted"", ""Category"": null, ""Reasoning"": ""The edit improves readability by adding code blocks and formatting.""}
```",,0
5464740,Accepted,Accepted,,The edit improves grammar and clarity of the text.,"```json
{""Decision"": ""Accepted"", ""Category"": null, ""Reasoning"": ""The edit improves grammar and clarity of the text.""}
```",,0
5471811,Rejected,Accepted,,"The edit adds a useful example of using Date object methods, enhancing the original content.","```json
{""Decision"": ""Accepted"", ""Category"": null, ""Reasoning"": ""The edit adds a useful example of using Date object methods, enhancing the original content.""}
```",,0
5461996,Accepted,Rejected,Unnecessary Formatting,The edit introduces unnecessary formatting changes without improving clarity.,"```json
{""Decision"": ""Rejected"", ""Category"": ""Unnecessary Formatting"", ""Reasoning"": ""The edit introduces unnecessary formatting changes without improving clarity.""}
```",,1
5470943,Rejected,Rejected,No Meaningful Improvement,The edit does not change any content or improve the formatting.,"```json
{""Decision"": ""Rejected"", ""Category"": ""No Meaningful Improvement"", ""Reasoning"": ""The edit does not change any content or improve the formatting.""}
```",,1
5476294,Accepted,Rejected,No Meaningful Improvement,The edit only capitalizes some words without improving the content meaningfully.,"```json
{""Decision"": ""Rejected"", ""Category"": ""No Meaningful Improvement"", ""Reasoning"": ""The edit only capitalizes some words without improving the content meaningfully.""}
```",,1
5507210,Rejected,Accepted,,"The edit adds necessary structure to the JSON configuration, making it valid and functional.","```json
{""Decision"": ""Accepted"", ""Category"": null, ""Reasoning"": ""The edit adds necessary structure to the JSON configuration, making it valid and functional.""}
```",,0
5473618,Rejected,Rejected,Unnecessary Formatting,The edit only removes line breaks without improving the content.,"```json
{""Decision"": ""Rejected"", ""Category"": ""Unnecessary Formatting"", ""Reasoning"": ""The edit only removes line breaks without improving the content.""}
```",,1
5504373,Accepted,Rejected,No Meaningful Improvement,The edit does not significantly improve the clarity or formatting of the original post.,"```json
{""Decision"": ""Rejected"", ""Category"": ""No Meaningful Improvement"", ""Reasoning"": ""The edit does not significantly improve the clarity or formatting of the original post.""}
```",,1
5504482,Rejected,Accepted,,"The edit updates the code to be compatible with Scala 3, which is a meaningful improvement.","```json
{""Decision"": ""Accepted"", ""Category"": null, ""Reasoning"": ""The edit updates the code to be compatible with Scala 3, which is a meaningful improvement.""}
```",,0
5469577,Accepted,Accepted,,The edit improves readability by formatting the error message as code.,"{""Decision"": ""Accepted"", ""Category"": null, ""Reasoning"": ""The edit improves readability by formatting the error message as code.""}",,0
5500544,Rejected,Accepted,,"The edit improves clarity by adding a space before am/pm, aligning with Excel's formatting requirements.","```json
{""Decision"": ""Accepted"", ""Category"": null, ""Reasoning"": ""The edit improves clarity by adding a space before am/pm, aligning with Excel's formatting requirements.""}
```",,0
5467887,Accepted,Accepted,,The edit improves code readability by properly formatting the code block.,"```json
{""Decision"": ""Accepted"", ""Category"": null, ""Reasoning"": ""The edit improves code readability by properly formatting the code block.""}
```",,0
5467838,Accepted,Accepted,,The edit improves readability by formatting the SQL query and text properly.,"```json
{""Decision"": ""Accepted"", ""Category"": null, ""Reasoning"": ""The edit improves readability by formatting the SQL query and text properly.""}
```",,0
5474974,Accepted,Accepted,,"The edit removes an unnecessary reference to another answer, improving clarity.","```json
{""Decision"": ""Accepted"", ""Category"": null, ""Reasoning"": ""The edit removes an unnecessary reference to another answer, improving clarity.""}
```",,0
5473849,Accepted,Accepted,,The edit improves grammar and clarifies the explanation.,"```json
{""Decision"": ""Accepted"", ""Category"": null, ""Reasoning"": ""The edit improves grammar and clarifies the explanation.""}
```",,0
5476196,Rejected,Accepted,,"The edit improves grammar, clarity, and formatting.","```json
{""Decision"": ""Accepted"", ""Category"": null, ""Reasoning"": ""The edit improves grammar, clarity, and formatting.""}
```",,0
5474986,Rejected,Rejected,Unnecessary Formatting,The edit only changes indentation without improving the content.,"```json
{""Decision"": ""Rejected"", ""Category"": ""Unnecessary Formatting"", ""Reasoning"": ""The edit only changes indentation without improving the content.""}
```",,1
5501491,Rejected,Accepted,,"The edit corrects a spelling error, improving clarity.","```json
{""Decision"": ""Accepted"", ""Category"": null, ""Reasoning"": ""The edit corrects a spelling error, improving clarity.""}
```",,0
5477854,Accepted,Accepted,,The edit improves readability by correcting typos and enhancing formatting.,"```json
{""Decision"": ""Accepted"", ""Category"": null, ""Reasoning"": ""The edit improves readability by correcting typos and enhancing formatting.""}
```",,0
