SuggestedId,y_true,Decision,Category,Reasoning,raw_output,parse_error,model,y_pred_rejected
5495868,Rejected,Accepted,,The edit improves the answer by providing a more general solution.,"{""Decision"": ""Accepted"", ""Category"": null, ""Reasoning"": ""The edit improves the answer by providing a more general solution.""}",,/gpuhome/shanto1/models/Llama-3.1-70B-Instruct,0
5485096,Accepted,Accepted,,The edit improves the clarity and concision of the question.,"{""Decision"": ""Accepted"", ""Category"": null, ""Reasoning"": ""The edit improves the clarity and concision of the question.""}",,/gpuhome/shanto1/models/Llama-3.1-70B-Instruct,0
5465192,Rejected,Accepted,,The edit improves the code by adding a required version and fixing deprecated warnings.,"{""Decision"": ""Accepted"", ""Category"": null, ""Reasoning"": ""The edit improves the code by adding a required version and fixing deprecated warnings.""}",,/gpuhome/shanto1/models/Llama-3.1-70B-Instruct,0
5464255,Accepted,Rejected,No Meaningful Improvement,The edit only made minor and insignificant changes to the text and code formatting.,"{""Decision"": ""Rejected"", ""Category"": ""No Meaningful Improvement"", ""Reasoning"": ""The edit only made minor and insignificant changes to the text and code formatting.""}",,/gpuhome/shanto1/models/Llama-3.1-70B-Instruct,1
5475904,Accepted,Accepted,,The edit improves the readability of the post by correcting minor grammatical errors.,"{""Decision"": ""Accepted"", ""Category"": null, ""Reasoning"": ""The edit improves the readability of the post by correcting minor grammatical errors.""}",,/gpuhome/shanto1/models/Llama-3.1-70B-Instruct,0
5462834,Rejected,Accepted,,The edit improves code readability by adding proper formatting.,"{""Decision"": ""Accepted"", ""Category"": null, ""Reasoning"": ""The edit improves code readability by adding proper formatting.""}",,/gpuhome/shanto1/models/Llama-3.1-70B-Instruct,0
5509132,Rejected,Rejected,No Meaningful Improvement,The edit does not make any significant changes to the code or improve its readability.,"{""Decision"": ""Rejected"", ""Category"": ""No Meaningful Improvement"", ""Reasoning"": ""The edit does not make any significant changes to the code or improve its readability.""}",,/gpuhome/shanto1/models/Llama-3.1-70B-Instruct,1
5479418,Accepted,Accepted,,The edit improves the readability and clarity of the text by correcting spelling and grammar errors.,"{""Decision"": ""Accepted"", ""Category"": null, ""Reasoning"": ""The edit improves the readability and clarity of the text by correcting spelling and grammar errors.""}",,/gpuhome/shanto1/models/Llama-3.1-70B-Instruct,0
5502771,Accepted,Accepted,,Corrected a typo in the code snippet to improve readability and accuracy.,"{""Decision"": ""Accepted"", ""Category"": null, ""Reasoning"": ""Corrected a typo in the code snippet to improve readability and accuracy.""}",,/gpuhome/shanto1/models/Llama-3.1-70B-Instruct,0
5490383,Rejected,Accepted,,The edit improves the code readability and adds a content node for clarity.,"{""Decision"": ""Accepted"", ""Category"": null, ""Reasoning"": ""The edit improves the code readability and adds a content node for clarity.""}",,/gpuhome/shanto1/models/Llama-3.1-70B-Instruct,0
5497800,Accepted,Accepted,,The edit updates a link to a more current reference page for VCS Support.,"{""Decision"": ""Accepted"", ""Category"": null, ""Reasoning"": ""The edit updates a link to a more current reference page for VCS Support.""}",,/gpuhome/shanto1/models/Llama-3.1-70B-Instruct,0
5464997,Accepted,Rejected,No Meaningful Improvement,The suggested edit does not make any changes to the code.,"{""Decision"": ""Rejected"", ""Category"": ""No Meaningful Improvement"", ""Reasoning"": ""The suggested edit does not make any changes to the code.""}",,/gpuhome/shanto1/models/Llama-3.1-70B-Instruct,1
5488152,Rejected,Accepted,,The edit improves the code snippet by adding necessary syntax characters.,"{""Decision"": ""Accepted"", ""Category"": null, ""Reasoning"": ""The edit improves the code snippet by adding necessary syntax characters.""}",,/gpuhome/shanto1/models/Llama-3.1-70B-Instruct,0
5496502,Accepted,Accepted,,The edit adds Python code highlighting tag which improves readability.,"{""Decision"": ""Accepted"", ""Category"": null, ""Reasoning"": ""The edit adds Python code highlighting tag which improves readability.""}",,/gpuhome/shanto1/models/Llama-3.1-70B-Instruct,0
5470776,Rejected,Rejected,Incorrect/Risky,"The edit removes a command that may be necessary for the solution, potentially causing issues for users who follow the steps.","{""Decision"": ""Rejected"", ""Category"": ""Incorrect/Risky"", ""Reasoning"": ""The edit removes a command that may be necessary for the solution, potentially causing issues for users who follow the steps.""}",,/gpuhome/shanto1/models/Llama-3.1-70B-Instruct,1
5477007,Rejected,Accepted,,"The edit adds a relevant warning about.gitignore and committing, improving the overall quality of the answer.","{""Decision"": ""Accepted"", ""Category"": null, ""Reasoning"": ""The edit adds a relevant warning about.gitignore and committing, improving the overall quality of the answer.""}",,/gpuhome/shanto1/models/Llama-3.1-70B-Instruct,0
5500718,Rejected,Accepted,,The edit improves the code by using a context manager to ensure the file is properly closed.,"{""Decision"": ""Accepted"", ""Category"": null, ""Reasoning"": ""The edit improves the code by using a context manager to ensure the file is properly closed.""}",,/gpuhome/shanto1/models/Llama-3.1-70B-Instruct,0
5507677,Accepted,Accepted,,The edit improves the solution by providing additional relevant information.,"{""Decision"": ""Accepted"", ""Category"": null, ""Reasoning"": ""The edit improves the solution by providing additional relevant information.""}",,/gpuhome/shanto1/models/Llama-3.1-70B-Instruct,0
5495296,Rejected,Accepted,,The edit adds relevant information about the maximum recursion limit.,"{""Decision"": ""Accepted"", ""Category"": null, ""Reasoning"": ""The edit adds relevant information about the maximum recursion limit.""}",,/gpuhome/shanto1/models/Llama-3.1-70B-Instruct,0
5479024,Rejected,Rejected,Incorrect/Risky,The edit introduces a potentially incorrect and risky solution by suggesting to change the ownership of the lock file without explaining the implications.,"{""Decision"": ""Rejected"", ""Category"": ""Incorrect/Risky"", ""Reasoning"": ""The edit introduces a potentially incorrect and risky solution by suggesting to change the ownership of the lock file without explaining the implications.""}",,/gpuhome/shanto1/models/Llama-3.1-70B-Instruct,1
5481034,Rejected,Accepted,,The edit improves the readability and grammar of the post.,"{""Decision"": ""Accepted"", ""Category"": null, ""Reasoning"": ""The edit improves the readability and grammar of the post.""}",,/gpuhome/shanto1/models/Llama-3.1-70B-Instruct,0
5489656,Rejected,Accepted,,"The edit adds a Kotlin implementation to complement the existing Java code, improving the answer's usefulness for a broader audience.","{""Decision"": ""Accepted"", ""Category"": null, ""Reasoning"": ""The edit adds a Kotlin implementation to complement the existing Java code, improving the answer's usefulness for a broader audience.""}",,/gpuhome/shanto1/models/Llama-3.1-70B-Instruct,0
5476687,Rejected,Rejected,No Meaningful Improvement,The edit does not improve the code or question in a meaningful way.,"{""Decision"": ""Rejected"", ""Category"": ""No Meaningful Improvement"", ""Reasoning"": ""The edit does not improve the code or question in a meaningful way.""}",,/gpuhome/shanto1/models/Llama-3.1-70B-Instruct,1
5467186,Rejected,Accepted,,The edit improves code readability by adding proper indentation and removing unnecessary backticks.,"{""Decision"": ""Accepted"", ""Category"": null, ""Reasoning"": ""The edit improves code readability by adding proper indentation and removing unnecessary backticks.""}",,/gpuhome/shanto1/models/Llama-3.1-70B-Instruct,0
5477722,Accepted,Accepted,,The edit improves the readability of the code by formatting it into a snippet.,"{""Decision"": ""Accepted"", ""Category"": null, ""Reasoning"": ""The edit improves the readability of the code by formatting it into a snippet.""}",,/gpuhome/shanto1/models/Llama-3.1-70B-Instruct,0
5509247,Rejected,Accepted,,The edit adds a necessary property for UWP compatibility.,"{""Decision"": ""Accepted"", ""Category"": null, ""Reasoning"": ""The edit adds a necessary property for UWP compatibility.""}",,/gpuhome/shanto1/models/Llama-3.1-70B-Instruct,0
5461833,Rejected,Accepted,,The edit corrects a minor typo in the original post.,"{""Decision"": ""Accepted"", ""Category"": null, ""Reasoning"": ""The edit corrects a minor typo in the original post.""}",,/gpuhome/shanto1/models/Llama-3.1-70B-Instruct,0
5475596,Accepted,Accepted,,The edit improves code readability and grammar without changing the original meaning.,"{""Decision"": ""Accepted"", ""Category"": null, ""Reasoning"": ""The edit improves code readability and grammar without changing the original meaning.""}",,/gpuhome/shanto1/models/Llama-3.1-70B-Instruct,0
5486167,Accepted,Accepted,,The edit improves the readability of the post by adding formatting and bolding the enchant module name.,"{""Decision"": ""Accepted"", ""Category"": null, ""Reasoning"": ""The edit improves the readability of the post by adding formatting and bolding the enchant module name.""}",,/gpuhome/shanto1/models/Llama-3.1-70B-Instruct,0
5505670,Rejected,Rejected,Incorrect/Risky,"The suggested edit introduces incorrect logic by adding a paragraph for each tag found in the HTML, rather than properly formatting the text within a single paragraph.","{""Decision"": ""Rejected"", ""Category"": ""Incorrect/Risky"", ""Reasoning"": ""The suggested edit introduces incorrect logic by adding a paragraph for each tag found in the HTML, rather than properly formatting the text within a single paragraph.""}",,/gpuhome/shanto1/models/Llama-3.1-70B-Instruct,1
5507061,Rejected,Accepted,,Added missing equals symbol in HTML form action attribute.,"{""Decision"": ""Accepted"", ""Category"": null, ""Reasoning"": ""Added missing equals symbol in HTML form action attribute.""}",,/gpuhome/shanto1/models/Llama-3.1-70B-Instruct,0
5468113,Rejected,Accepted,,The edit improves the code by replacing deprecated functions with their updated counterparts.,"{""Decision"": ""Accepted"", ""Category"": null, ""Reasoning"": ""The edit improves the code by replacing deprecated functions with their updated counterparts.""}",,/gpuhome/shanto1/models/Llama-3.1-70B-Instruct,0
5480691,Rejected,Rejected,No Meaningful Improvement,The edit does not make any significant changes to the original text or code.,"{""Decision"": ""Rejected"", ""Category"": ""No Meaningful Improvement"", ""Reasoning"": ""The edit does not make any significant changes to the original text or code.""}",,/gpuhome/shanto1/models/Llama-3.1-70B-Instruct,1
5464131,Accepted,Accepted,,The edit improves the post by directly displaying images.,"{""Decision"": ""Accepted"", ""Category"": null, ""Reasoning"": ""The edit improves the post by directly displaying images.""}",,/gpuhome/shanto1/models/Llama-3.1-70B-Instruct,0
5485607,Accepted,Rejected,No Meaningful Improvement,The edit does not make any meaningful changes to the original content.,"{""Decision"": ""Rejected"", ""Category"": ""No Meaningful Improvement"", ""Reasoning"": ""The edit does not make any meaningful changes to the original content.""}",,/gpuhome/shanto1/models/Llama-3.1-70B-Instruct,1
5494755,Rejected,Accepted,,The edit adds a clarifying statement about the output location.,"{""Decision"": ""Accepted"", ""Category"": null, ""Reasoning"": ""The edit adds a clarifying statement about the output location.""}",,/gpuhome/shanto1/models/Llama-3.1-70B-Instruct,0
5469197,Rejected,Accepted,,Added language identifier to code block for clarity.,"{""Decision"": ""Accepted"", ""Category"": null, ""Reasoning"": ""Added language identifier to code block for clarity.""}",,/gpuhome/shanto1/models/Llama-3.1-70B-Instruct,0
5478977,Accepted,Rejected,No Meaningful Improvement,The edit does not improve the content or readability of the post in a meaningful way.,"{""Decision"": ""Rejected"", ""Category"": ""No Meaningful Improvement"", ""Reasoning"": ""The edit does not improve the content or readability of the post in a meaningful way.""}",,/gpuhome/shanto1/models/Llama-3.1-70B-Instruct,1
5482684,Accepted,Accepted,,The edit improves code formatting and readability by adding code fences.,"{""Decision"": ""Accepted"", ""Category"": null, ""Reasoning"": ""The edit improves code formatting and readability by adding code fences.""}",,/gpuhome/shanto1/models/Llama-3.1-70B-Instruct,0
5469555,Accepted,Accepted,,The edit improves code readability by adding backticks around code elements.,"{""Decision"": ""Accepted"", ""Category"": null, ""Reasoning"": ""The edit improves code readability by adding backticks around code elements.""}",,/gpuhome/shanto1/models/Llama-3.1-70B-Instruct,0
5464214,Rejected,Accepted,,The edit improves the accuracy of the code by adding wildcards to the LIKE condition.,"{""Decision"": ""Accepted"", ""Category"": null, ""Reasoning"": ""The edit improves the accuracy of the code by adding wildcards to the LIKE condition.""}",,/gpuhome/shanto1/models/Llama-3.1-70B-Instruct,0
5469407,Accepted,Rejected,No Meaningful Improvement,The edit only added unnecessary backticks around the function definition and made minor formatting changes without improving the code's readability or functionality.,"{""Decision"": ""Rejected"", ""Category"": ""No Meaningful Improvement"", ""Reasoning"": ""The edit only added unnecessary backticks around the function definition and made minor formatting changes without improving the code's readability or functionality.""}",,/gpuhome/shanto1/models/Llama-3.1-70B-Instruct,1
5477308,Rejected,Accepted,,The edit adds a relevant library to the list of edge ML solutions.,"{""Decision"": ""Accepted"", ""Category"": null, ""Reasoning"": ""The edit adds a relevant library to the list of edge ML solutions.""}",,/gpuhome/shanto1/models/Llama-3.1-70B-Instruct,0
5501511,Accepted,Accepted,,The edit adds a necessary scope to the Maven dependency.,"{""Decision"": ""Accepted"", ""Category"": null, ""Reasoning"": ""The edit adds a necessary scope to the Maven dependency.""}",,/gpuhome/shanto1/models/Llama-3.1-70B-Instruct,0
5478790,Accepted,Accepted,,The edit improved grammar and removed a reference to a non-existent post/user.,"{""Decision"": ""Accepted"", ""Category"": null, ""Reasoning"": ""The edit improved grammar and removed a reference to a non-existent post/user.""}",,/gpuhome/shanto1/models/Llama-3.1-70B-Instruct,0
5473608,Accepted,Accepted,,The edit improves code readability by fixing indentation and formatting issues.,"{""Decision"": ""Accepted"", ""Category"": null, ""Reasoning"": ""The edit improves code readability by fixing indentation and formatting issues.""}",,/gpuhome/shanto1/models/Llama-3.1-70B-Instruct,0
5483173,Accepted,Rejected,No Meaningful Improvement,The suggested edit does not make any significant changes to the content or formatting of the post.,"{""Decision"": ""Rejected"", ""Category"": ""No Meaningful Improvement"", ""Reasoning"": ""The suggested edit does not make any significant changes to the content or formatting of the post.""}",,/gpuhome/shanto1/models/Llama-3.1-70B-Instruct,1
5479030,Accepted,Rejected,Incorrect/Risky,Missing comma between dictionary items in the update method.,"{""Decision"": ""Rejected"", ""Category"": ""Incorrect/Risky"", ""Reasoning"": ""Missing comma between dictionary items in the update method.""}",,/gpuhome/shanto1/models/Llama-3.1-70B-Instruct,1
5464207,Rejected,Rejected,No Meaningful Improvement,"The edit only changed 'to server' to 'to the server', which is a minor and insignificant change.","{""Decision"": ""Rejected"", ""Category"": ""No Meaningful Improvement"", ""Reasoning"": ""The edit only changed 'to server' to 'to the server', which is a minor and insignificant change.""}",,/gpuhome/shanto1/models/Llama-3.1-70B-Instruct,1
5485901,Accepted,Accepted,,The edit improves the formatting of the code and text for better readability.,"{""Decision"": ""Accepted"", ""Category"": null, ""Reasoning"": ""The edit improves the formatting of the code and text for better readability.""}",,/gpuhome/shanto1/models/Llama-3.1-70B-Instruct,0
5471907,Accepted,Accepted,,The edit improves the formatting of the error messages and code blocks for better readability.,"{""Decision"": ""Accepted"", ""Category"": null, ""Reasoning"": ""The edit improves the formatting of the error messages and code blocks for better readability.""}",,/gpuhome/shanto1/models/Llama-3.1-70B-Instruct,0
5486556,Accepted,Accepted,,The edit improves code readability with proper indentation and spacing.,"{""Decision"": ""Accepted"", ""Category"": null, ""Reasoning"": ""The edit improves code readability with proper indentation and spacing.""}",,/gpuhome/shanto1/models/Llama-3.1-70B-Instruct,0
5463338,Accepted,Accepted,,The edit improves code readability by adding proper formatting.,"{""Decision"": ""Accepted"", ""Category"": null, ""Reasoning"": ""The edit improves code readability by adding proper formatting.""}",,/gpuhome/shanto1/models/Llama-3.1-70B-Instruct,0
5487263,Rejected,Accepted,,The edit adds relevant and useful information to the original answer.,"{""Decision"": ""Accepted"", ""Category"": null, ""Reasoning"": ""The edit adds relevant and useful information to the original answer.""}",,/gpuhome/shanto1/models/Llama-3.1-70B-Instruct,0
5468238,Accepted,Accepted,,The edit improves the formatting of the link to std::get.,"{""Decision"": ""Accepted"", ""Category"": null, ""Reasoning"": ""The edit improves the formatting of the link to std::get.""}",,/gpuhome/shanto1/models/Llama-3.1-70B-Instruct,0
5462428,Accepted,Accepted,,The edit improves the formatting of the tables and code for better readability.,"{""Decision"": ""Accepted"", ""Category"": null, ""Reasoning"": ""The edit improves the formatting of the tables and code for better readability.""}",,/gpuhome/shanto1/models/Llama-3.1-70B-Instruct,0
5477357,Accepted,Accepted,,The edit improves readability by replacing an ambiguous underscore with a named variable.,"{""Decision"": ""Accepted"", ""Category"": null, ""Reasoning"": ""The edit improves readability by replacing an ambiguous underscore with a named variable.""}",,/gpuhome/shanto1/models/Llama-3.1-70B-Instruct,0
5481725,Accepted,Accepted,,The edit updates the link to the correct Qt6 documentation and uses HTTPS.,"{""Decision"": ""Accepted"", ""Category"": null, ""Reasoning"": ""The edit updates the link to the correct Qt6 documentation and uses HTTPS.""}",,/gpuhome/shanto1/models/Llama-3.1-70B-Instruct,0
5487522,Accepted,Rejected,No Meaningful Improvement,The edit only reformatted the XML code without changing its functionality or improving readability.,"{""Decision"": ""Rejected"", ""Category"": ""No Meaningful Improvement"", ""Reasoning"": ""The edit only reformatted the XML code without changing its functionality or improving readability.""}",,/gpuhome/shanto1/models/Llama-3.1-70B-Instruct,1
5500107,Accepted,Accepted,,The edit corrects minor typos and improves readability without changing the original content.,"{""Decision"": ""Accepted"", ""Category"": null, ""Reasoning"": ""The edit corrects minor typos and improves readability without changing the original content.""}",,/gpuhome/shanto1/models/Llama-3.1-70B-Instruct,0
5478280,Rejected,Accepted,,The edit improves code readability by adding proper indentation and formatting.,"{""Decision"": ""Accepted"", ""Category"": null, ""Reasoning"": ""The edit improves code readability by adding proper indentation and formatting.""}",,/gpuhome/shanto1/models/Llama-3.1-70B-Instruct,0
5491026,Rejected,Accepted,,The edit improves the example by removing unnecessary parameters that are automatically added by Firebase.,"{""Decision"": ""Accepted"", ""Category"": null, ""Reasoning"": ""The edit improves the example by removing unnecessary parameters that are automatically added by Firebase.""}",,/gpuhome/shanto1/models/Llama-3.1-70B-Instruct,0
5481099,Rejected,Accepted,,The edit improves code readability by adding consistent indentation and specifying the language in the code block.,"{""Decision"": ""Accepted"", ""Category"": null, ""Reasoning"": ""The edit improves code readability by adding consistent indentation and specifying the language in the code block.""}",,/gpuhome/shanto1/models/Llama-3.1-70B-Instruct,0
5487508,Rejected,Accepted,,The edit adds relevant information about using variables with xp_cmdshell.,"{""Decision"": ""Accepted"", ""Category"": null, ""Reasoning"": ""The edit adds relevant information about using variables with xp_cmdshell.""}",,/gpuhome/shanto1/models/Llama-3.1-70B-Instruct,0
5465681,Accepted,Accepted,,"The edit improves code formatting, spelling, and grammar without changing the content's meaning.","{""Decision"": ""Accepted"", ""Category"": null, ""Reasoning"": ""The edit improves code formatting, spelling, and grammar without changing the content's meaning.""}",,/gpuhome/shanto1/models/Llama-3.1-70B-Instruct,0
5483408,Accepted,Accepted,,The edit improves code formatting and readability by adding backticks around code snippets.,"{""Decision"": ""Accepted"", ""Category"": null, ""Reasoning"": ""The edit improves code formatting and readability by adding backticks around code snippets.""}",,/gpuhome/shanto1/models/Llama-3.1-70B-Instruct,0
5492464,Rejected,Accepted,,The edit improves code readability by fixing R code layout and formatting.,"{""Decision"": ""Accepted"", ""Category"": null, ""Reasoning"": ""The edit improves code readability by fixing R code layout and formatting.""}",,/gpuhome/shanto1/models/Llama-3.1-70B-Instruct,0
5486356,Accepted,Accepted,,The edit improves code readability by formatting it into a code block.,"{""Decision"": ""Accepted"", ""Category"": null, ""Reasoning"": ""The edit improves code readability by formatting it into a code block.""}",,/gpuhome/shanto1/models/Llama-3.1-70B-Instruct,0
5484192,Accepted,Accepted,,The edit improves code readability by adding proper formatting.,"{""Decision"": ""Accepted"", ""Category"": null, ""Reasoning"": ""The edit improves code readability by adding proper formatting.""}",,/gpuhome/shanto1/models/Llama-3.1-70B-Instruct,0
5477862,Rejected,Accepted,,The edit improves the formatting of the link to a more readable and Stack Overflow standard format.,"{""Decision"": ""Accepted"", ""Category"": null, ""Reasoning"": ""The edit improves the formatting of the link to a more readable and Stack Overflow standard format.""}",,/gpuhome/shanto1/models/Llama-3.1-70B-Instruct,0
5479488,Rejected,Accepted,,The edit improves the readability of the code by adding code blocks.,"{""Decision"": ""Accepted"", ""Category"": null, ""Reasoning"": ""The edit improves the readability of the code by adding code blocks.""}",,/gpuhome/shanto1/models/Llama-3.1-70B-Instruct,0
5476429,Rejected,Accepted,,The edit improves image formatting and grammar.,"{""Decision"": ""Accepted"", ""Category"": null, ""Reasoning"": ""The edit improves image formatting and grammar.""}",,/gpuhome/shanto1/models/Llama-3.1-70B-Instruct,0
5490625,Rejected,Accepted,,The edit improves the readability and grammar of the post.,"{""Decision"": ""Accepted"", ""Category"": null, ""Reasoning"": ""The edit improves the readability and grammar of the post.""}",,/gpuhome/shanto1/models/Llama-3.1-70B-Instruct,0
5506878,Rejected,Rejected,No Meaningful Improvement,The suggested edit does not make any changes to the original text or code.,"{""Decision"": ""Rejected"", ""Category"": ""No Meaningful Improvement"", ""Reasoning"": ""The suggested edit does not make any changes to the original text or code.""}",,/gpuhome/shanto1/models/Llama-3.1-70B-Instruct,1
5469112,Rejected,Accepted,,The edit improves grammar and clarity of the original text.,"{""Decision"": ""Accepted"", ""Category"": null, ""Reasoning"": ""The edit improves grammar and clarity of the original text.""}",,/gpuhome/shanto1/models/Llama-3.1-70B-Instruct,0
5468585,Rejected,Accepted,,The edit improves the code readability and conciseness by using the padStart method.,"{""Decision"": ""Accepted"", ""Category"": null, ""Reasoning"": ""The edit improves the code readability and conciseness by using the padStart method.""}",,/gpuhome/shanto1/models/Llama-3.1-70B-Instruct,0
5462339,Rejected,Accepted,,Improved code readability with proper formatting and indentation.,"{""Decision"": ""Accepted"", ""Category"": null, ""Reasoning"": ""Improved code readability with proper formatting and indentation.""}",,/gpuhome/shanto1/models/Llama-3.1-70B-Instruct,0
5472852,Accepted,Rejected,No Meaningful Improvement,The edit does not make any changes to the code or content.,"{""Decision"": ""Rejected"", ""Category"": ""No Meaningful Improvement"", ""Reasoning"": ""The edit does not make any changes to the code or content.""}",,/gpuhome/shanto1/models/Llama-3.1-70B-Instruct,1
5466424,Rejected,Rejected,No Meaningful Improvement,The edit only reformatted the code without changing its functionality or improving its readability.,"{""Decision"": ""Rejected"", ""Category"": ""No Meaningful Improvement"", ""Reasoning"": ""The edit only reformatted the code without changing its functionality or improving its readability.""}",,/gpuhome/shanto1/models/Llama-3.1-70B-Instruct,1
5498544,Rejected,Accepted,,Corrected parameter name from 'estimator' to'regressor' in TransformedTargetRegressor.,"{""Decision"": ""Accepted"", ""Category"": null, ""Reasoning"": ""Corrected parameter name from 'estimator' to'regressor' in TransformedTargetRegressor.""}",,/gpuhome/shanto1/models/Llama-3.1-70B-Instruct,0
5493683,Accepted,Accepted,,The edit improves the clarity of the question by rephrasing and adding minor formatting.,"{""Decision"": ""Accepted"", ""Category"": null, ""Reasoning"": ""The edit improves the clarity of the question by rephrasing and adding minor formatting.""}",,/gpuhome/shanto1/models/Llama-3.1-70B-Instruct,0
5481046,Accepted,Accepted,,The edit adds a relevant note about the answer being obsolete in recent versions.,"{""Decision"": ""Accepted"", ""Category"": null, ""Reasoning"": ""The edit adds a relevant note about the answer being obsolete in recent versions.""}",,/gpuhome/shanto1/models/Llama-3.1-70B-Instruct,0
5478171,Rejected,Accepted,,The edit improves formatting and corrects a minor error in terminology.,"{""Decision"": ""Accepted"", ""Category"": null, ""Reasoning"": ""The edit improves formatting and corrects a minor error in terminology.""}",,/gpuhome/shanto1/models/Llama-3.1-70B-Instruct,0
5464220,Accepted,Accepted,,The edit improves the formatting and readability of the post.,"{""Decision"": ""Accepted"", ""Category"": null, ""Reasoning"": ""The edit improves the formatting and readability of the post.""}",,/gpuhome/shanto1/models/Llama-3.1-70B-Instruct,0
5471545,Rejected,Accepted,,The edit improves code readability by adding consistent spacing and formatting.,"{""Decision"": ""Accepted"", ""Category"": null, ""Reasoning"": ""The edit improves code readability by adding consistent spacing and formatting.""}",,/gpuhome/shanto1/models/Llama-3.1-70B-Instruct,0
5463194,Accepted,Rejected,No Meaningful Improvement,The edit made no changes to the original text or code.,"{""Decision"": ""Rejected"", ""Category"": ""No Meaningful Improvement"", ""Reasoning"": ""The edit made no changes to the original text or code.""}",,/gpuhome/shanto1/models/Llama-3.1-70B-Instruct,1
5504574,Accepted,Accepted,,The edit updates a link to a more current version.,"{""Decision"": ""Accepted"", ""Category"": null, ""Reasoning"": ""The edit updates a link to a more current version.""}",,/gpuhome/shanto1/models/Llama-3.1-70B-Instruct,0
5479489,Rejected,Accepted,,The edit improves the code by adding the -I option to avoid curl connection issues.,"{""Decision"": ""Accepted"", ""Category"": null, ""Reasoning"": ""The edit improves the code by adding the -I option to avoid curl connection issues.""}",,/gpuhome/shanto1/models/Llama-3.1-70B-Instruct,0
5494954,Rejected,Accepted,,The edit improves the code by making it more platform-independent.,"{""Decision"": ""Accepted"", ""Category"": null, ""Reasoning"": ""The edit improves the code by making it more platform-independent.""}",,/gpuhome/shanto1/models/Llama-3.1-70B-Instruct,0
5505542,Rejected,Rejected,No Meaningful Improvement,The suggested edit does not introduce any changes to the original text or code.,"{""Decision"": ""Rejected"", ""Category"": ""No Meaningful Improvement"", ""Reasoning"": ""The suggested edit does not introduce any changes to the original text or code.""}",,/gpuhome/shanto1/models/Llama-3.1-70B-Instruct,1
5490988,Rejected,Accepted,,"The edit adds a relevant example without recursion, improving the post's content.","{""Decision"": ""Accepted"", ""Category"": null, ""Reasoning"": ""The edit adds a relevant example without recursion, improving the post's content.""}",,/gpuhome/shanto1/models/Llama-3.1-70B-Instruct,0
5463510,Rejected,Rejected,No Meaningful Improvement,The edit only changed the dictionary values and did not address the issue of the answer not updating.,"{""Decision"": ""Rejected"", ""Category"": ""No Meaningful Improvement"", ""Reasoning"": ""The edit only changed the dictionary values and did not address the issue of the answer not updating.""}",,/gpuhome/shanto1/models/Llama-3.1-70B-Instruct,1
5467568,Rejected,Accepted,,The edit fixes a syntax error by removing an extra comma.,"{""Decision"": ""Accepted"", ""Category"": null, ""Reasoning"": ""The edit fixes a syntax error by removing an extra comma.""}",,/gpuhome/shanto1/models/Llama-3.1-70B-Instruct,0
5497382,Rejected,Accepted,,"The edit adds a project field, getters, and setters to the Task entity, improving the code's completeness and consistency.","{""Decision"": ""Accepted"", ""Category"": null, ""Reasoning"": ""The edit adds a project field, getters, and setters to the Task entity, improving the code's completeness and consistency.""}",,/gpuhome/shanto1/models/Llama-3.1-70B-Instruct,0
5498102,Rejected,Accepted,,The edit adds a relevant and official documentation URL to support the instructions.,"{""Decision"": ""Accepted"", ""Category"": null, ""Reasoning"": ""The edit adds a relevant and official documentation URL to support the instructions.""}",,/gpuhome/shanto1/models/Llama-3.1-70B-Instruct,0
5499130,Rejected,Rejected,No Meaningful Improvement,The suggested edit does not change the original code.,"{""Decision"": ""Rejected"", ""Category"": ""No Meaningful Improvement"", ""Reasoning"": ""The suggested edit does not change the original code.""}",,/gpuhome/shanto1/models/Llama-3.1-70B-Instruct,1
5473212,Accepted,Accepted,,The edit improves the formatting of the code and output for better readability.,"{""Decision"": ""Accepted"", ""Category"": null, ""Reasoning"": ""The edit improves the formatting of the code and output for better readability.""}",,/gpuhome/shanto1/models/Llama-3.1-70B-Instruct,0
5472972,Accepted,Accepted,,The edit improves the formatting of the image link.,"{""Decision"": ""Accepted"", ""Category"": null, ""Reasoning"": ""The edit improves the formatting of the image link.""}",,/gpuhome/shanto1/models/Llama-3.1-70B-Instruct,0
5473440,Rejected,Accepted,,The edit improves the clarity of the question by removing unnecessary text.,"{""Decision"": ""Accepted"", ""Category"": null, ""Reasoning"": ""The edit improves the clarity of the question by removing unnecessary text.""}",,/gpuhome/shanto1/models/Llama-3.1-70B-Instruct,0
5502646,Accepted,Accepted,,The edit improves the clarity of the text by expanding the abbreviation 'RC' to 'race condition'.,"{""Decision"": ""Accepted"", ""Category"": null, ""Reasoning"": ""The edit improves the clarity of the text by expanding the abbreviation 'RC' to 'race condition'.""}",,/gpuhome/shanto1/models/Llama-3.1-70B-Instruct,0
5480824,Accepted,Accepted,,The edit improves readability and format of the original text.,"{""Decision"": ""Accepted"", ""Category"": null, ""Reasoning"": ""The edit improves readability and format of the original text.""}",,/gpuhome/shanto1/models/Llama-3.1-70B-Instruct,0
5490036,Rejected,Accepted,,The edit improves the accuracy of the statement regarding C99 boolean types.,"{""Decision"": ""Accepted"", ""Category"": null, ""Reasoning"": ""The edit improves the accuracy of the statement regarding C99 boolean types.""}",,/gpuhome/shanto1/models/Llama-3.1-70B-Instruct,0
5482256,Accepted,Accepted,,"The edit replaces dead links with updated ones, improving the post's usefulness.","{""Decision"": ""Accepted"", ""Category"": null, ""Reasoning"": ""The edit replaces dead links with updated ones, improving the post's usefulness.""}",,/gpuhome/shanto1/models/Llama-3.1-70B-Instruct,0
5471439,Rejected,Rejected,No Meaningful Improvement,The suggested edit does not make any changes to the original text or code.,"{""Decision"": ""Rejected"", ""Category"": ""No Meaningful Improvement"", ""Reasoning"": ""The suggested edit does not make any changes to the original text or code.""}",,/gpuhome/shanto1/models/Llama-3.1-70B-Instruct,1
5462994,Rejected,Accepted,,"The edit removed redundant text, improving the post's clarity.","{""Decision"": ""Accepted"", ""Category"": null, ""Reasoning"": ""The edit removed redundant text, improving the post's clarity.""}",,/gpuhome/shanto1/models/Llama-3.1-70B-Instruct,0
5468810,Accepted,Accepted,,The edit improves code readability by adding syntax highlighting and proper formatting.,"{""Decision"": ""Accepted"", ""Category"": null, ""Reasoning"": ""The edit improves code readability by adding syntax highlighting and proper formatting.""}",,/gpuhome/shanto1/models/Llama-3.1-70B-Instruct,0
5486143,Rejected,Accepted,,The edit improves the code by correcting spelling mistakes and adding more details.,"{""Decision"": ""Accepted"", ""Category"": null, ""Reasoning"": ""The edit improves the code by correcting spelling mistakes and adding more details.""}",,/gpuhome/shanto1/models/Llama-3.1-70B-Instruct,0
5479579,Accepted,Rejected,,,"0     0     0     092   0     0     0     0     0     092   0     0    
#... with 31 more variables: X21 <chr>, X22 <chr>, X23 <chr>, X24 <chr>, X25 <chr>, X26 <chr>, X27 <chr>, X28 <chr>,
#   X29 <chr>, X30 <chr>, X31 <chr>, X32 <chr>, X33 <chr>, X34 <chr>, X35 <chr>, X36 <chr>, X37 <chr>, X38 <chr>, X39 <chr>,
#   X40 <chr>, X41 <chr>, X42 <chr>, X43 <chr>, X44 <chr>, X45 <chr>, X46 <chr>, X47 <chr>, X48 <chr>, X49 <chr>, X50 <chr>,
#   X51 <dbl>

{""decision"": ""Reject""}",,/gpuhome/shanto1/models/Llama-3.1-70B-Instruct,1
5472422,Rejected,Accepted,,The edit adds specificity to the Windows command by mentioning PowerShell.,"{""Decision"": ""Accepted"", ""Category"": null, ""Reasoning"": ""The edit adds specificity to the Windows command by mentioning PowerShell.""}",,/gpuhome/shanto1/models/Llama-3.1-70B-Instruct,0
5465312,Accepted,Rejected,No Meaningful Improvement,The edit only added unnecessary whitespace to the code block.,"{""Decision"": ""Rejected"", ""Category"": ""No Meaningful Improvement"", ""Reasoning"": ""The edit only added unnecessary whitespace to the code block.""}",,/gpuhome/shanto1/models/Llama-3.1-70B-Instruct,1
5480196,Accepted,Accepted,,The edit improves the post by converting URLs to images and making minor formatting adjustments for readability.,"{""Decision"": ""Accepted"", ""Category"": null, ""Reasoning"": ""The edit improves the post by converting URLs to images and making minor formatting adjustments for readability.""}",,/gpuhome/shanto1/models/Llama-3.1-70B-Instruct,0
5503040,Rejected,Accepted,,The edit improves code readability by avoiding horizontal scrolling.,"{""Decision"": ""Accepted"", ""Category"": null, ""Reasoning"": ""The edit improves code readability by avoiding horizontal scrolling.""}",,/gpuhome/shanto1/models/Llama-3.1-70B-Instruct,0
5481189,Rejected,Accepted,,The edit adds a relevant example of using enumerate with the iterator.,"{""Decision"": ""Accepted"", ""Category"": null, ""Reasoning"": ""The edit adds a relevant example of using enumerate with the iterator.""}",,/gpuhome/shanto1/models/Llama-3.1-70B-Instruct,0
5502027,Accepted,Accepted,,The edit adds a clear and relevant explanation of the -v flag.,"{""Decision"": ""Accepted"", ""Category"": null, ""Reasoning"": ""The edit adds a clear and relevant explanation of the -v flag.""}",,/gpuhome/shanto1/models/Llama-3.1-70B-Instruct,0
5471930,Rejected,Accepted,,The edit improves code readability by adding proper indentation and spacing.,"{""Decision"": ""Accepted"", ""Category"": null, ""Reasoning"": ""The edit improves code readability by adding proper indentation and spacing.""}",,/gpuhome/shanto1/models/Llama-3.1-70B-Instruct,0
5481512,Rejected,Accepted,,"The edit adds a relevant code sample to the question, improving its clarity and usefulness.","{""Decision"": ""Accepted"", ""Category"": null, ""Reasoning"": ""The edit adds a relevant code sample to the question, improving its clarity and usefulness.""}",,/gpuhome/shanto1/models/Llama-3.1-70B-Instruct,0
5501949,Accepted,Accepted,,The edit improves code readability and clarity with proper formatting and concise comments.,"{""Decision"": ""Accepted"", ""Category"": null, ""Reasoning"": ""The edit improves code readability and clarity with proper formatting and concise comments.""}",,/gpuhome/shanto1/models/Llama-3.1-70B-Instruct,0
5479033,Accepted,Rejected,No Meaningful Improvement,"The edit made minor, non-substantive changes to the text without improving readability or clarity.","{""Decision"": ""Rejected"", ""Category"": ""No Meaningful Improvement"", ""Reasoning"": ""The edit made minor, non-substantive changes to the text without improving readability or clarity.""}",,/gpuhome/shanto1/models/Llama-3.1-70B-Instruct,1
5474859,Accepted,Accepted,,The edit improves the formatting and clarity of the question.,"{""Decision"": ""Accepted"", ""Category"": null, ""Reasoning"": ""The edit improves the formatting and clarity of the question.""}",,/gpuhome/shanto1/models/Llama-3.1-70B-Instruct,0
5484327,Accepted,Rejected,No Meaningful Improvement,The suggested edit does not make any changes to the original text.,"{""Decision"": ""Rejected"", ""Category"": ""No Meaningful Improvement"", ""Reasoning"": ""The suggested edit does not make any changes to the original text.""}",,/gpuhome/shanto1/models/Llama-3.1-70B-Instruct,1
5505912,Accepted,Accepted,,The edit improves code readability by enabling syntax highlighting.,"{""Decision"": ""Accepted"", ""Category"": null, ""Reasoning"": ""The edit improves code readability by enabling syntax highlighting.""}",,/gpuhome/shanto1/models/Llama-3.1-70B-Instruct,0
5483048,Accepted,Accepted,,The edit improves the grammar and clarity of the original text.,"{""Decision"": ""Accepted"", ""Category"": null, ""Reasoning"": ""The edit improves the grammar and clarity of the original text.""}",,/gpuhome/shanto1/models/Llama-3.1-70B-Instruct,0
5474883,Rejected,Rejected,No Meaningful Improvement,"The edit adds code that was already present in the original text, making it unnecessary.","{""Decision"": ""Rejected"", ""Category"": ""No Meaningful Improvement"", ""Reasoning"": ""The edit adds code that was already present in the original text, making it unnecessary.""}",,/gpuhome/shanto1/models/Llama-3.1-70B-Instruct,1
5466069,Accepted,Rejected,No Meaningful Improvement,The edit only changed 'via BT' to 'via BlueTooth' which is a minor and insignificant change.,"{""Decision"": ""Rejected"", ""Category"": ""No Meaningful Improvement"", ""Reasoning"": ""The edit only changed 'via BT' to 'via BlueTooth' which is a minor and insignificant change.""}",,/gpuhome/shanto1/models/Llama-3.1-70B-Instruct,1
5464151,Accepted,Accepted,,The edit improves the link to point to the relevant section of the webpage.,"{""Decision"": ""Accepted"", ""Category"": null, ""Reasoning"": ""The edit improves the link to point to the relevant section of the webpage.""}",,/gpuhome/shanto1/models/Llama-3.1-70B-Instruct,0
5474133,Accepted,Accepted,,The edit improves code readability by adding code blocks and proper formatting.,"{""Decision"": ""Accepted"", ""Category"": null, ""Reasoning"": ""The edit improves code readability by adding code blocks and proper formatting.""}",,/gpuhome/shanto1/models/Llama-3.1-70B-Instruct,0
5484603,Rejected,Accepted,,The edit improves the formatting and grammar of the question.,"{""Decision"": ""Accepted"", ""Category"": null, ""Reasoning"": ""The edit improves the formatting and grammar of the question.""}",,/gpuhome/shanto1/models/Llama-3.1-70B-Instruct,0
5473992,Accepted,Accepted,,The edit improves the readability and formatting of the post.,"{""Decision"": ""Accepted"", ""Category"": null, ""Reasoning"": ""The edit improves the readability and formatting of the post.""}",,/gpuhome/shanto1/models/Llama-3.1-70B-Instruct,0
5492707,Accepted,Accepted,,The edit improves readability by converting code formatting to regular text.,"{""Decision"": ""Accepted"", ""Category"": null, ""Reasoning"": ""The edit improves readability by converting code formatting to regular text.""}",,/gpuhome/shanto1/models/Llama-3.1-70B-Instruct,0
5467847,Rejected,Accepted,,The edit improves code readability by adding consistent spacing and formatting.,"{""Decision"": ""Accepted"", ""Category"": null, ""Reasoning"": ""The edit improves code readability by adding consistent spacing and formatting.""}",,/gpuhome/shanto1/models/Llama-3.1-70B-Instruct,0
5464730,Accepted,Rejected,Unnecessary Formatting,The edit only reformatted the code without making any meaningful improvements.,"{""Decision"": ""Rejected"", ""Category"": ""Unnecessary Formatting"", ""Reasoning"": ""The edit only reformatted the code without making any meaningful improvements.""}",,/gpuhome/shanto1/models/Llama-3.1-70B-Instruct,1
5480193,Accepted,Accepted,,The edit improves code readability by adding backticks around code snippets.,"{""Decision"": ""Accepted"", ""Category"": null, ""Reasoning"": ""The edit improves code readability by adding backticks around code snippets.""}",,/gpuhome/shanto1/models/Llama-3.1-70B-Instruct,0
5508727,Rejected,Rejected,Unnecessary Formatting,The edit only reformatted code blocks without improving readability or addressing the question's content.,"{""Decision"": ""Rejected"", ""Category"": ""Unnecessary Formatting"", ""Reasoning"": ""The edit only reformatted code blocks without improving readability or addressing the question's content.""}",,/gpuhome/shanto1/models/Llama-3.1-70B-Instruct,1
5477196,Rejected,Rejected,Incorrect/Risky,The edit removed necessary context from the original text.,"{""Decision"": ""Rejected"", ""Category"": ""Incorrect/Risky"", ""Reasoning"": ""The edit removed necessary context from the original text.""}",,/gpuhome/shanto1/models/Llama-3.1-70B-Instruct,1
5462661,Accepted,Accepted,,The edit improves code formatting and readability.,"{""Decision"": ""Accepted"", ""Category"": null, ""Reasoning"": ""The edit improves code formatting and readability.""}",,/gpuhome/shanto1/models/Llama-3.1-70B-Instruct,0
5482456,Accepted,Accepted,,The edit adds relevant information from the comments to improve the answer's clarity.,"{""Decision"": ""Accepted"", ""Category"": null, ""Reasoning"": ""The edit adds relevant information from the comments to improve the answer's clarity.""}",,/gpuhome/shanto1/models/Llama-3.1-70B-Instruct,0
5480386,Accepted,Accepted,,The edit updates an out-of-date URL to a working one.,"{""Decision"": ""Accepted"", ""Category"": null, ""Reasoning"": ""The edit updates an out-of-date URL to a working one.""}",,/gpuhome/shanto1/models/Llama-3.1-70B-Instruct,0
5493084,Accepted,Accepted,,The edit improves the readability of the table by adding Markdown formatting.,"{""Decision"": ""Accepted"", ""Category"": null, ""Reasoning"": ""The edit improves the readability of the table by adding Markdown formatting.""}",,/gpuhome/shanto1/models/Llama-3.1-70B-Instruct,0
5482498,Accepted,Accepted,,The edit improves the formatting of the dictionary for better readability.,"{""Decision"": ""Accepted"", ""Category"": null, ""Reasoning"": ""The edit improves the formatting of the dictionary for better readability.""}",,/gpuhome/shanto1/models/Llama-3.1-70B-Instruct,0
5478302,Rejected,Rejected,No Meaningful Improvement,The suggested edit does not introduce any changes to the original text or code.,"{""Decision"": ""Rejected"", ""Category"": ""No Meaningful Improvement"", ""Reasoning"": ""The suggested edit does not introduce any changes to the original text or code.""}",,/gpuhome/shanto1/models/Llama-3.1-70B-Instruct,1
5509422,Accepted,Accepted,,The edit makes the code snippet executable by adding a jQuery library reference.,"{""Decision"": ""Accepted"", ""Category"": null, ""Reasoning"": ""The edit makes the code snippet executable by adding a jQuery library reference.""}",,/gpuhome/shanto1/models/Llama-3.1-70B-Instruct,0
5461632,Accepted,Accepted,,The edit improves code readability by adding proper indentation.,"{""Decision"": ""Accepted"", ""Category"": null, ""Reasoning"": ""The edit improves code readability by adding proper indentation.""}",,/gpuhome/shanto1/models/Llama-3.1-70B-Instruct,0
5507988,Rejected,Accepted,,The edit improves the answer by providing a correct solution to the problem.,"{""Decision"": ""Accepted"", ""Category"": null, ""Reasoning"": ""The edit improves the answer by providing a correct solution to the problem.""}",,/gpuhome/shanto1/models/Llama-3.1-70B-Instruct,0
5473180,Accepted,Accepted,,The edit improves the formatting of the code for better readability.,"{""Decision"": ""Accepted"", ""Category"": null, ""Reasoning"": ""The edit improves the formatting of the code for better readability.""}",,/gpuhome/shanto1/models/Llama-3.1-70B-Instruct,0
5478828,Rejected,Accepted,,"The edit fixes minor spelling mistakes, improving the post's readability.","{""Decision"": ""Accepted"", ""Category"": null, ""Reasoning"": ""The edit fixes minor spelling mistakes, improving the post's readability.""}",,/gpuhome/shanto1/models/Llama-3.1-70B-Instruct,0
5465755,Rejected,Accepted,,The edit adds a relevant tag to help categorize the question.,"{""Decision"": ""Accepted"", ""Category"": null, ""Reasoning"": ""The edit adds a relevant tag to help categorize the question.""}",,/gpuhome/shanto1/models/Llama-3.1-70B-Instruct,0
5483337,Accepted,Accepted,,The edit removes an unnecessary return statement in a void function.,"{""Decision"": ""Accepted"", ""Category"": null, ""Reasoning"": ""The edit removes an unnecessary return statement in a void function.""}",,/gpuhome/shanto1/models/Llama-3.1-70B-Instruct,0
5462530,Accepted,Rejected,No Meaningful Improvement,"The edit did not address the actual issue with the code, which is the typo in'spwn.Postiion'.","{""Decision"": ""Rejected"", ""Category"": ""No Meaningful Improvement"", ""Reasoning"": ""The edit did not address the actual issue with the code, which is the typo in'spwn.Postiion'.""}",,/gpuhome/shanto1/models/Llama-3.1-70B-Instruct,1
5464666,Rejected,Rejected,No Meaningful Improvement,The edit only reformatted a code block without addressing the actual issue in the provided code.,"{""Decision"": ""Rejected"", ""Category"": ""No Meaningful Improvement"", ""Reasoning"": ""The edit only reformatted a code block without addressing the actual issue in the provided code.""}",,/gpuhome/shanto1/models/Llama-3.1-70B-Instruct,1
5487705,Rejected,Accepted,,The edit improves the code by removing unnecessary precision and adding rounding.,"{""Decision"": ""Accepted"", ""Category"": null, ""Reasoning"": ""The edit improves the code by removing unnecessary precision and adding rounding.""}",,/gpuhome/shanto1/models/Llama-3.1-70B-Instruct,0
5470991,Accepted,Accepted,,Corrected spelling error in the original post.,"{""Decision"": ""Accepted"", ""Category"": null, ""Reasoning"": ""Corrected spelling error in the original post.""}",,/gpuhome/shanto1/models/Llama-3.1-70B-Instruct,0
5467974,Accepted,Accepted,,The edit improves code readability by adding proper indentation and removing unnecessary text.,"{""Decision"": ""Accepted"", ""Category"": null, ""Reasoning"": ""The edit improves code readability by adding proper indentation and removing unnecessary text.""}",,/gpuhome/shanto1/models/Llama-3.1-70B-Instruct,0
5469215,Accepted,Accepted,,Improved code formatting enhances readability.,"{""Decision"": ""Accepted"", ""Category"": null, ""Reasoning"": ""Improved code formatting enhances readability.""}",,/gpuhome/shanto1/models/Llama-3.1-70B-Instruct,0
5485194,Accepted,Accepted,,"The edit replaced a screenshot with a sample DataFrame, improving the post's readability and usefulness.","{""Decision"": ""Accepted"", ""Category"": null, ""Reasoning"": ""The edit replaced a screenshot with a sample DataFrame, improving the post's readability and usefulness.""}",,/gpuhome/shanto1/models/Llama-3.1-70B-Instruct,0
5465429,Rejected,Rejected,No Meaningful Improvement,The suggested edit does not make any changes to the code or text.,"{""Decision"": ""Rejected"", ""Category"": ""No Meaningful Improvement"", ""Reasoning"": ""The suggested edit does not make any changes to the code or text.""}",,/gpuhome/shanto1/models/Llama-3.1-70B-Instruct,1
5499381,Rejected,Accepted,,The edit improves the clarity and grammar of the original post.,"{""Decision"": ""Accepted"", ""Category"": null, ""Reasoning"": ""The edit improves the clarity and grammar of the original post.""}",,/gpuhome/shanto1/models/Llama-3.1-70B-Instruct,0
5507154,Accepted,Accepted,,The edit improves the grammar and clarity of the text.,"{""Decision"": ""Accepted"", ""Category"": null, ""Reasoning"": ""The edit improves the grammar and clarity of the text.""}",,/gpuhome/shanto1/models/Llama-3.1-70B-Instruct,0
5496717,Accepted,Accepted,,The edit fixes a syntax error in the code snippet.,"{""Decision"": ""Accepted"", ""Category"": null, ""Reasoning"": ""The edit fixes a syntax error in the code snippet.""}",,/gpuhome/shanto1/models/Llama-3.1-70B-Instruct,0
5468611,Rejected,Accepted,,The edit adds a relevant time zone setting as described in the documentation.,"{""Decision"": ""Accepted"", ""Category"": null, ""Reasoning"": ""The edit adds a relevant time zone setting as described in the documentation.""}",,/gpuhome/shanto1/models/Llama-3.1-70B-Instruct,0
5465369,Accepted,Accepted,,The edit improves the readability of the code by fixing indentation and adding structure.,"{""Decision"": ""Accepted"", ""Category"": null, ""Reasoning"": ""The edit improves the readability of the code by fixing indentation and adding structure.""}",,/gpuhome/shanto1/models/Llama-3.1-70B-Instruct,0
5501987,Accepted,Accepted,,Corrected a typo in the code snippet.,"{""Decision"": ""Accepted"", ""Category"": null, ""Reasoning"": ""Corrected a typo in the code snippet.""}",,/gpuhome/shanto1/models/Llama-3.1-70B-Instruct,0
5499332,Rejected,Accepted,,The edit improves code readability by adding a semicolon at the end of the alert statement.,"{""Decision"": ""Accepted"", ""Category"": null, ""Reasoning"": ""The edit improves code readability by adding a semicolon at the end of the alert statement.""}",,/gpuhome/shanto1/models/Llama-3.1-70B-Instruct,0
5486031,Rejected,Rejected,Incorrect/Risky,"The edit introduces a call to tick() in the mousemove event handler, which can cause performance issues and is not necessary for the functionality of the code.","{""Decision"": ""Rejected"", ""Category"": ""Incorrect/Risky"", ""Reasoning"": ""The edit introduces a call to tick() in the mousemove event handler, which can cause performance issues and is not necessary for the functionality of the code.""}",,/gpuhome/shanto1/models/Llama-3.1-70B-Instruct,1
5472689,Accepted,Rejected,No Meaningful Improvement,The edit only made minor and insignificant changes to the text and code.,"{""Decision"": ""Rejected"", ""Category"": ""No Meaningful Improvement"", ""Reasoning"": ""The edit only made minor and insignificant changes to the text and code.""}",,/gpuhome/shanto1/models/Llama-3.1-70B-Instruct,1
5465692,Rejected,Accepted,,The edit improves the answer by adding relevant details and a reference to the official documentation.,"{""Decision"": ""Accepted"", ""Category"": null, ""Reasoning"": ""The edit improves the answer by adding relevant details and a reference to the official documentation.""}",,/gpuhome/shanto1/models/Llama-3.1-70B-Instruct,0
5468292,Rejected,Accepted,,The edit improves code readability and simplifies the logic.,"{""Decision"": ""Accepted"", ""Category"": null, ""Reasoning"": ""The edit improves code readability and simplifies the logic.""}",,/gpuhome/shanto1/models/Llama-3.1-70B-Instruct,0
5486267,Accepted,Accepted,,The edit improves the readability of the question by correcting spelling and grammar errors.,"{""Decision"": ""Accepted"", ""Category"": null, ""Reasoning"": ""The edit improves the readability of the question by correcting spelling and grammar errors.""}",,/gpuhome/shanto1/models/Llama-3.1-70B-Instruct,0
5469201,Accepted,Rejected,No Meaningful Improvement,The edit does not improve the post's content or clarity.,"{""Decision"": ""Rejected"", ""Category"": ""No Meaningful Improvement"", ""Reasoning"": ""The edit does not improve the post's content or clarity.""}",,/gpuhome/shanto1/models/Llama-3.1-70B-Instruct,1
5467816,Rejected,Accepted,,The edit improves the readability and grammar of the post.,"{""Decision"": ""Accepted"", ""Category"": null, ""Reasoning"": ""The edit improves the readability and grammar of the post.""}",,/gpuhome/shanto1/models/Llama-3.1-70B-Instruct,0
5464281,Accepted,Accepted,,The edit corrects a broken link and adds a relevant tag.,"{""Decision"": ""Accepted"", ""Category"": null, ""Reasoning"": ""The edit corrects a broken link and adds a relevant tag.""}",,/gpuhome/shanto1/models/Llama-3.1-70B-Instruct,0
5463439,Accepted,Accepted,,The edit improves the readability and grammar of the original text.,"{""Decision"": ""Accepted"", ""Category"": null, ""Reasoning"": ""The edit improves the readability and grammar of the original text.""}",,/gpuhome/shanto1/models/Llama-3.1-70B-Instruct,0
5468216,Accepted,Accepted,,The edit improves grammar and spelling without changing the original meaning of the question.,"{""Decision"": ""Accepted"", ""Category"": null, ""Reasoning"": ""The edit improves grammar and spelling without changing the original meaning of the question.""}",,/gpuhome/shanto1/models/Llama-3.1-70B-Instruct,0
5474702,Rejected,Rejected,No Meaningful Improvement,"The edit only added bold formatting to two section headers, which does not improve the post's content or readability.","{""Decision"": ""Rejected"", ""Category"": ""No Meaningful Improvement"", ""Reasoning"": ""The edit only added bold formatting to two section headers, which does not improve the post's content or readability.""}",,/gpuhome/shanto1/models/Llama-3.1-70B-Instruct,1
5492633,Accepted,Accepted,,The edit improves code readability with proper indentation and spacing.,"{""Decision"": ""Accepted"", ""Category"": null, ""Reasoning"": ""The edit improves code readability with proper indentation and spacing.""}",,/gpuhome/shanto1/models/Llama-3.1-70B-Instruct,0
5474700,Accepted,Accepted,,The edit improves code readability by adding proper formatting.,"{""Decision"": ""Accepted"", ""Category"": null, ""Reasoning"": ""The edit improves code readability by adding proper formatting.""}",,/gpuhome/shanto1/models/Llama-3.1-70B-Instruct,0
5489869,Accepted,Accepted,,The edit improves the readability of the text by correcting minor grammar mistakes.,"{""Decision"": ""Accepted"", ""Category"": null, ""Reasoning"": ""The edit improves the readability of the text by correcting minor grammar mistakes.""}",,/gpuhome/shanto1/models/Llama-3.1-70B-Instruct,0
5500523,Rejected,Rejected,No Meaningful Improvement,The edit does not provide any meaningful changes to the original content.,"{""Decision"": ""Rejected"", ""Category"": ""No Meaningful Improvement"", ""Reasoning"": ""The edit does not provide any meaningful changes to the original content.""}",,/gpuhome/shanto1/models/Llama-3.1-70B-Instruct,1
5477686,Accepted,Rejected,Incorrect/Risky,"The edit changed 'Enable review' to 'Enable preview', which may alter the original intent of the post.","{""Decision"": ""Rejected"", ""Category"": ""Incorrect/Risky"", ""Reasoning"": ""The edit changed 'Enable review' to 'Enable preview', which may alter the original intent of the post.""}",,/gpuhome/shanto1/models/Llama-3.1-70B-Instruct,1
5471748,Accepted,Accepted,,Corrected spelling improves readability.,"{""Decision"": ""Accepted"", ""Category"": null, ""Reasoning"": ""Corrected spelling improves readability.""}",,/gpuhome/shanto1/models/Llama-3.1-70B-Instruct,0
5508914,Rejected,Rejected,No Meaningful Improvement,The edit does not improve the original post in any meaningful way.,"{""Decision"": ""Rejected"", ""Category"": ""No Meaningful Improvement"", ""Reasoning"": ""The edit does not improve the original post in any meaningful way.""}",,/gpuhome/shanto1/models/Llama-3.1-70B-Instruct,1
5466164,Rejected,Rejected,Unnecessary Content,The added code example does not clarify or improve the original answer.,"{""Decision"": ""Rejected"", ""Category"": ""Unnecessary Content"", ""Reasoning"": ""The added code example does not clarify or improve the original answer.""}",,/gpuhome/shanto1/models/Llama-3.1-70B-Instruct,1
5480093,Accepted,Rejected,No Meaningful Improvement,The edit does not make any significant changes to the original post.,"{""Decision"": ""Rejected"", ""Category"": ""No Meaningful Improvement"", ""Reasoning"": ""The edit does not make any significant changes to the original post.""}",,/gpuhome/shanto1/models/Llama-3.1-70B-Instruct,1
5476551,Rejected,Accepted,,The edit corrected a syntax error in the code by adding a closing parenthesis and changing parentheses to curly brackets for the num_score_greater_than_3 vector.,"{""Decision"": ""Accepted"", ""Category"": null, ""Reasoning"": ""The edit corrected a syntax error in the code by adding a closing parenthesis and changing parentheses to curly brackets for the num_score_greater_than_3 vector.""}",,/gpuhome/shanto1/models/Llama-3.1-70B-Instruct,0
5478265,Rejected,Accepted,,The edit improves code readability by adding proper formatting and a language tag.,"{""Decision"": ""Accepted"", ""Category"": null, ""Reasoning"": ""The edit improves code readability by adding proper formatting and a language tag.""}",,/gpuhome/shanto1/models/Llama-3.1-70B-Instruct,0
5504024,Rejected,Accepted,,The edit fixes a typo in the heredoc declaration.,"{""Decision"": ""Accepted"", ""Category"": null, ""Reasoning"": ""The edit fixes a typo in the heredoc declaration.""}",,/gpuhome/shanto1/models/Llama-3.1-70B-Instruct,0
5506039,Accepted,Accepted,,The edit improves the clarity of the question by fixing a minor grammatical error.,"{""Decision"": ""Accepted"", ""Category"": null, ""Reasoning"": ""The edit improves the clarity of the question by fixing a minor grammatical error.""}",,/gpuhome/shanto1/models/Llama-3.1-70B-Instruct,0
5464820,Rejected,Accepted,,"The edit corrects the commands to match Termux's package manager, pkg.","{""Decision"": ""Accepted"", ""Category"": null, ""Reasoning"": ""The edit corrects the commands to match Termux's package manager, pkg.""}",,/gpuhome/shanto1/models/Llama-3.1-70B-Instruct,0
5472476,Accepted,Rejected,Incorrect/Risky,The edit introduces a bug by moving the increment of the loop counter inside the event handler.,"{""Decision"": ""Rejected"", ""Category"": ""Incorrect/Risky"", ""Reasoning"": ""The edit introduces a bug by moving the increment of the loop counter inside the event handler.""}",,/gpuhome/shanto1/models/Llama-3.1-70B-Instruct,1
5467115,Accepted,Accepted,,The edit improves the clarity and grammar of the original text without changing its meaning.,"{""Decision"": ""Accepted"", ""Category"": null, ""Reasoning"": ""The edit improves the clarity and grammar of the original text without changing its meaning.""}",,/gpuhome/shanto1/models/Llama-3.1-70B-Instruct,0
5465925,Accepted,Accepted,,The edit improves the readability of the post by correcting spelling and grammar errors.,"{""Decision"": ""Accepted"", ""Category"": null, ""Reasoning"": ""The edit improves the readability of the post by correcting spelling and grammar errors.""}",,/gpuhome/shanto1/models/Llama-3.1-70B-Instruct,0
5465436,Rejected,Accepted,,The edit improves the accuracy of the code by correcting the comparison operator in the indexOf function.,"{""Decision"": ""Accepted"", ""Category"": null, ""Reasoning"": ""The edit improves the accuracy of the code by correcting the comparison operator in the indexOf function.""}",,/gpuhome/shanto1/models/Llama-3.1-70B-Instruct,0
5506901,Rejected,Accepted,,The edit adds a practical link to a supporting notebook.,"{""Decision"": ""Accepted"", ""Category"": null, ""Reasoning"": ""The edit adds a practical link to a supporting notebook.""}",,/gpuhome/shanto1/models/Llama-3.1-70B-Instruct,0
5499363,Rejected,Rejected,Incorrect/Risky,The edit introduces a syntax error with a missing closing parenthesis in the isset function call.,"{""Decision"": ""Rejected"", ""Category"": ""Incorrect/Risky"", ""Reasoning"": ""The edit introduces a syntax error with a missing closing parenthesis in the isset function call.""}",,/gpuhome/shanto1/models/Llama-3.1-70B-Instruct,1
5467264,Rejected,Accepted,,The edit improves code readability by adding code blocks for better formatting.,"{""Decision"": ""Accepted"", ""Category"": null, ""Reasoning"": ""The edit improves code readability by adding code blocks for better formatting.""}",,/gpuhome/shanto1/models/Llama-3.1-70B-Instruct,0
5461582,Accepted,Accepted,,The edit improves the formatting of the images in the question.,"{""Decision"": ""Accepted"", ""Category"": null, ""Reasoning"": ""The edit improves the formatting of the images in the question.""}",,/gpuhome/shanto1/models/Llama-3.1-70B-Instruct,0
5476164,Accepted,Rejected,No Meaningful Improvement,The edit does not improve the content or formatting of the post in a meaningful way.,"{""Decision"": ""Rejected"", ""Category"": ""No Meaningful Improvement"", ""Reasoning"": ""The edit does not improve the content or formatting of the post in a meaningful way.""}",,/gpuhome/shanto1/models/Llama-3.1-70B-Instruct,1
5496664,Accepted,Rejected,No Meaningful Improvement,The edit does not make any actual changes to the text.,"{""Decision"": ""Rejected"", ""Category"": ""No Meaningful Improvement"", ""Reasoning"": ""The edit does not make any actual changes to the text.""}",,/gpuhome/shanto1/models/Llama-3.1-70B-Instruct,1
5482851,Accepted,Rejected,No Meaningful Improvement,The edit does not provide any meaningful improvement to the original code.,"{""Decision"": ""Rejected"", ""Category"": ""No Meaningful Improvement"", ""Reasoning"": ""The edit does not provide any meaningful improvement to the original code.""}",,/gpuhome/shanto1/models/Llama-3.1-70B-Instruct,1
5462394,Accepted,Accepted,,The edit improves code formatting and grammar without changing the content.,"{""Decision"": ""Accepted"", ""Category"": null, ""Reasoning"": ""The edit improves code formatting and grammar without changing the content.""}",,/gpuhome/shanto1/models/Llama-3.1-70B-Instruct,0
5467603,Rejected,Accepted,,The edit improves code readability by fixing indentation and formatting.,"{""Decision"": ""Accepted"", ""Category"": null, ""Reasoning"": ""The edit improves code readability by fixing indentation and formatting.""}",,/gpuhome/shanto1/models/Llama-3.1-70B-Instruct,0
5474137,Rejected,Accepted,,The edit adds a relevant and useful note about the required dependency to avoid a common exception.,"{""Decision"": ""Accepted"", ""Category"": null, ""Reasoning"": ""The edit adds a relevant and useful note about the required dependency to avoid a common exception.""}",,/gpuhome/shanto1/models/Llama-3.1-70B-Instruct,0
5464083,Accepted,Rejected,No Meaningful Improvement,The suggested edit does not introduce any changes to the code.,"{""Decision"": ""Rejected"", ""Category"": ""No Meaningful Improvement"", ""Reasoning"": ""The suggested edit does not introduce any changes to the code.""}",,/gpuhome/shanto1/models/Llama-3.1-70B-Instruct,1
5461478,Accepted,Accepted,,The edit improves the code readability by adding proper indentation and formatting.,"{""Decision"": ""Accepted"", ""Category"": null, ""Reasoning"": ""The edit improves the code readability by adding proper indentation and formatting.""}",,/gpuhome/shanto1/models/Llama-3.1-70B-Instruct,0
5484385,Accepted,Accepted,,The edit improves code readability by adding proper formatting and removing unnecessary comments.,"{""Decision"": ""Accepted"", ""Category"": null, ""Reasoning"": ""The edit improves code readability by adding proper formatting and removing unnecessary comments.""}",,/gpuhome/shanto1/models/Llama-3.1-70B-Instruct,0
5480618,Accepted,Accepted,,The edit improves the text by fixing minor spelling and wording errors.,"{""Decision"": ""Accepted"", ""Category"": null, ""Reasoning"": ""The edit improves the text by fixing minor spelling and wording errors.""}",,/gpuhome/shanto1/models/Llama-3.1-70B-Instruct,0
5473809,Accepted,Accepted,,The edit improves the image display by adding a descriptive alt text.,"{""Decision"": ""Accepted"", ""Category"": null, ""Reasoning"": ""The edit improves the image display by adding a descriptive alt text.""}",,/gpuhome/shanto1/models/Llama-3.1-70B-Instruct,0
5473005,Accepted,Rejected,No Meaningful Improvement,The edit does not significantly improve the post's clarity or readability.,"{""Decision"": ""Rejected"", ""Category"": ""No Meaningful Improvement"", ""Reasoning"": ""The edit does not significantly improve the post's clarity or readability.""}",,/gpuhome/shanto1/models/Llama-3.1-70B-Instruct,1
5466227,Accepted,Rejected,No Meaningful Improvement,The edit only added backticks around'stream' and 'alert' without improving the post's clarity or readability.,"{""Decision"": ""Rejected"", ""Category"": ""No Meaningful Improvement"", ""Reasoning"": ""The edit only added backticks around'stream' and 'alert' without improving the post's clarity or readability.""}",,/gpuhome/shanto1/models/Llama-3.1-70B-Instruct,1
5509163,Rejected,Accepted,,The edit improves code readability by adding syntax highlighting.,"{""Decision"": ""Accepted"", ""Category"": null, ""Reasoning"": ""The edit improves code readability by adding syntax highlighting.""}",,/gpuhome/shanto1/models/Llama-3.1-70B-Instruct,0
5471529,Rejected,Accepted,,The edit simplifies the code by removing unnecessary Text widget and SizedBox.,"{""Decision"": ""Accepted"", ""Category"": null, ""Reasoning"": ""The edit simplifies the code by removing unnecessary Text widget and SizedBox.""}",,/gpuhome/shanto1/models/Llama-3.1-70B-Instruct,0
5500848,Rejected,Rejected,Alternate Solution,The edit replaces existing code with a new solution instead of improving the original content.,"{""Decision"": ""Rejected"", ""Category"": ""Alternate Solution"", ""Reasoning"": ""The edit replaces existing code with a new solution instead of improving the original content.""}",,/gpuhome/shanto1/models/Llama-3.1-70B-Instruct,1
5471697,Accepted,Accepted,,The edit improves the clarity and readability of the question.,"{""Decision"": ""Accepted"", ""Category"": null, ""Reasoning"": ""The edit improves the clarity and readability of the question.""}",,/gpuhome/shanto1/models/Llama-3.1-70B-Instruct,0
5462066,Rejected,Accepted,,The edit improves the formatting of the code blocks.,"{""Decision"": ""Accepted"", ""Category"": null, ""Reasoning"": ""The edit improves the formatting of the code blocks.""}",,/gpuhome/shanto1/models/Llama-3.1-70B-Instruct,0
5492398,Rejected,Accepted,,The edit improves the clarity of the instructions by adding a crucial step to save the action.,"{""Decision"": ""Accepted"", ""Category"": null, ""Reasoning"": ""The edit improves the clarity of the instructions by adding a crucial step to save the action.""}",,/gpuhome/shanto1/models/Llama-3.1-70B-Instruct,0
5507530,Rejected,Accepted,,The edit improves the code readability and conciseness by using pattern matching.,"{""Decision"": ""Accepted"", ""Category"": null, ""Reasoning"": ""The edit improves the code readability and conciseness by using pattern matching.""}",,/gpuhome/shanto1/models/Llama-3.1-70B-Instruct,0
5488344,Rejected,Rejected,Spam/Vandalism,The edit adds nonsensical text at the end of the post.,"{""Decision"": ""Rejected"", ""Category"": ""Spam/Vandalism"", ""Reasoning"": ""The edit adds nonsensical text at the end of the post.""}",,/gpuhome/shanto1/models/Llama-3.1-70B-Instruct,1
5506296,Rejected,Rejected,No Meaningful Improvement,The edit does not change the content or meaning of the question in any significant way.,"{""Decision"": ""Rejected"", ""Category"": ""No Meaningful Improvement"", ""Reasoning"": ""The edit does not change the content or meaning of the question in any significant way.""}",,/gpuhome/shanto1/models/Llama-3.1-70B-Instruct,1
5468250,Accepted,Rejected,No Meaningful Improvement,The edit only added unnecessary code snippet tags and did not improve the code readability or functionality.,"{""Decision"": ""Rejected"", ""Category"": ""No Meaningful Improvement"", ""Reasoning"": ""The edit only added unnecessary code snippet tags and did not improve the code readability or functionality.""}",,/gpuhome/shanto1/models/Llama-3.1-70B-Instruct,1
5475835,Rejected,Accepted,,The edit improves code readability by adding proper formatting and syntax highlighting.,"{""Decision"": ""Accepted"", ""Category"": null, ""Reasoning"": ""The edit improves code readability by adding proper formatting and syntax highlighting.""}",,/gpuhome/shanto1/models/Llama-3.1-70B-Instruct,0
5470505,Accepted,Rejected,No Meaningful Improvement,The edit does not make any significant changes to the original content.,"{""Decision"": ""Rejected"", ""Category"": ""No Meaningful Improvement"", ""Reasoning"": ""The edit does not make any significant changes to the original content.""}",,/gpuhome/shanto1/models/Llama-3.1-70B-Instruct,1
5464417,Rejected,Rejected,Incorrect/Risky,The edit introduces incorrect and potentially risky code by changing the original array declaration to a dynamically allocated 2D array with incorrect size calculation.,"{""Decision"": ""Rejected"", ""Category"": ""Incorrect/Risky"", ""Reasoning"": ""The edit introduces incorrect and potentially risky code by changing the original array declaration to a dynamically allocated 2D array with incorrect size calculation.""}",,/gpuhome/shanto1/models/Llama-3.1-70B-Instruct,1
5464654,Rejected,Rejected,No Meaningful Improvement,The edit does not improve the content in any meaningful way.,"{""Decision"": ""Rejected"", ""Category"": ""No Meaningful Improvement"", ""Reasoning"": ""The edit does not improve the content in any meaningful way.""}",,/gpuhome/shanto1/models/Llama-3.1-70B-Instruct,1
5480541,Accepted,Rejected,Incorrect/Risky,Changing'substring' to'subsequence' is incorrect as 'Rust' is indeed a substring of 'robust'.,"{""Decision"": ""Rejected"", ""Category"": ""Incorrect/Risky"", ""Reasoning"": ""Changing'substring' to'subsequence' is incorrect as 'Rust' is indeed a substring of 'robust'.""}",,/gpuhome/shanto1/models/Llama-3.1-70B-Instruct,1
5485641,Accepted,Accepted,,The edit improves readability and clarity of the original text.,"{""Decision"": ""Accepted"", ""Category"": null, ""Reasoning"": ""The edit improves readability and clarity of the original text.""}",,/gpuhome/shanto1/models/Llama-3.1-70B-Instruct,0
5480597,Accepted,Accepted,,The edit improved the formatting of the image link.,"{""Decision"": ""Accepted"", ""Category"": null, ""Reasoning"": ""The edit improved the formatting of the image link.""}",,/gpuhome/shanto1/models/Llama-3.1-70B-Instruct,0
5470723,Rejected,Accepted,,The edit fixes a prohibited error by adding the 'fields' attribute to the ModelForm's Meta class.,"{""Decision"": ""Accepted"", ""Category"": null, ""Reasoning"": ""The edit fixes a prohibited error by adding the 'fields' attribute to the ModelForm's Meta class.""}",,/gpuhome/shanto1/models/Llama-3.1-70B-Instruct,0
5501110,Accepted,Accepted,,The edit fixes a clear syntax error by adding a closing tag.,"{""Decision"": ""Accepted"", ""Category"": null, ""Reasoning"": ""The edit fixes a clear syntax error by adding a closing tag.""}",,/gpuhome/shanto1/models/Llama-3.1-70B-Instruct,0
5471382,Rejected,Rejected,No Meaningful Improvement,The suggested edit does not make any changes to the original text or code.,"{""Decision"": ""Rejected"", ""Category"": ""No Meaningful Improvement"", ""Reasoning"": ""The suggested edit does not make any changes to the original text or code.""}",,/gpuhome/shanto1/models/Llama-3.1-70B-Instruct,1
5472529,Rejected,Accepted,,The edit improves the code by padding the invoice number with zeros.,"{""Decision"": ""Accepted"", ""Category"": null, ""Reasoning"": ""The edit improves the code by padding the invoice number with zeros.""}",,/gpuhome/shanto1/models/Llama-3.1-70B-Instruct,0
5490393,Accepted,Accepted,,The edit improves the grammar and clarity of the question.,"{""Decision"": ""Accepted"", ""Category"": null, ""Reasoning"": ""The edit improves the grammar and clarity of the question.""}",,/gpuhome/shanto1/models/Llama-3.1-70B-Instruct,0
5481044,Accepted,Accepted,,The edit improves the formatting and renders the image correctly.,"{""Decision"": ""Accepted"", ""Category"": null, ""Reasoning"": ""The edit improves the formatting and renders the image correctly.""}",,/gpuhome/shanto1/models/Llama-3.1-70B-Instruct,0
5484332,Accepted,Accepted,,The edit improves the accuracy of the instructions by removing a misleading breadcrumb.,"{""Decision"": ""Accepted"", ""Category"": null, ""Reasoning"": ""The edit improves the accuracy of the instructions by removing a misleading breadcrumb.""}",,/gpuhome/shanto1/models/Llama-3.1-70B-Instruct,0
5486129,Rejected,Accepted,,The edit improves the formatting and readability of the code and text.,"{""Decision"": ""Accepted"", ""Category"": null, ""Reasoning"": ""The edit improves the formatting and readability of the code and text.""}",,/gpuhome/shanto1/models/Llama-3.1-70B-Instruct,0
5473369,Accepted,Accepted,,"The edit improves grammar and code formatting, making the post more readable.","{""Decision"": ""Accepted"", ""Category"": null, ""Reasoning"": ""The edit improves grammar and code formatting, making the post more readable.""}",,/gpuhome/shanto1/models/Llama-3.1-70B-Instruct,0
5462493,Rejected,Accepted,,The edit improves the formatting and readability of the code and error message.,"{""Decision"": ""Accepted"", ""Category"": null, ""Reasoning"": ""The edit improves the formatting and readability of the code and error message.""}",,/gpuhome/shanto1/models/Llama-3.1-70B-Instruct,0
5506092,Rejected,Rejected,No Meaningful Improvement,The edit does not make any meaningful changes to the original text.,"{""Decision"": ""Rejected"", ""Category"": ""No Meaningful Improvement"", ""Reasoning"": ""The edit does not make any meaningful changes to the original text.""}",,/gpuhome/shanto1/models/Llama-3.1-70B-Instruct,1
5461500,Rejected,Accepted,,The edit provides additional relevant information about the limitations of clippy::all.,"{""Decision"": ""Accepted"", ""Category"": null, ""Reasoning"": ""The edit provides additional relevant information about the limitations of clippy::all.""}",,/gpuhome/shanto1/models/Llama-3.1-70B-Instruct,0
5484154,Accepted,Accepted,,The edit improves the table formatting for better readability.,"{""Decision"": ""Accepted"", ""Category"": null, ""Reasoning"": ""The edit improves the table formatting for better readability.""}",,/gpuhome/shanto1/models/Llama-3.1-70B-Instruct,0
5473450,Accepted,Accepted,,The edit adds a relevant link to the documentation for the reduce() method.,"{""Decision"": ""Accepted"", ""Category"": null, ""Reasoning"": ""The edit adds a relevant link to the documentation for the reduce() method.""}",,/gpuhome/shanto1/models/Llama-3.1-70B-Instruct,0
5465528,Accepted,Rejected,No Meaningful Improvement,The edit only reformatted the code without fixing any issues or improving readability.,"{""Decision"": ""Rejected"", ""Category"": ""No Meaningful Improvement"", ""Reasoning"": ""The edit only reformatted the code without fixing any issues or improving readability.""}",,/gpuhome/shanto1/models/Llama-3.1-70B-Instruct,1
5469654,Rejected,Rejected,Incorrect/Risky,The edit incorrectly applies a classification metric to a regression model and introduces a misleading print statement.,"{""Decision"": ""Rejected"", ""Category"": ""Incorrect/Risky"", ""Reasoning"": ""The edit incorrectly applies a classification metric to a regression model and introduces a misleading print statement.""}",,/gpuhome/shanto1/models/Llama-3.1-70B-Instruct,1
5479675,Accepted,Accepted,,The edit improves the formatting of the code block with proper syntax highlighting.,"{""Decision"": ""Accepted"", ""Category"": null, ""Reasoning"": ""The edit improves the formatting of the code block with proper syntax highlighting.""}",,/gpuhome/shanto1/models/Llama-3.1-70B-Instruct,0
5473784,Rejected,Accepted,,The edit improves the post by dressing a naked link.,"{""Decision"": ""Accepted"", ""Category"": null, ""Reasoning"": ""The edit improves the post by dressing a naked link.""}",,/gpuhome/shanto1/models/Llama-3.1-70B-Instruct,0
5487573,Accepted,Rejected,Incorrect/Risky,"The edit changed the code by removing the `sm:h-fit` class from the original order, which may alter the functionality.","{""Decision"": ""Rejected"", ""Category"": ""Incorrect/Risky"", ""Reasoning"": ""The edit changed the code by removing the `sm:h-fit` class from the original order, which may alter the functionality.""}",,/gpuhome/shanto1/models/Llama-3.1-70B-Instruct,1
5490619,Rejected,Accepted,,The edit correctly updates the code to match the modified question.,"{""Decision"": ""Accepted"", ""Category"": null, ""Reasoning"": ""The edit correctly updates the code to match the modified question.""}",,/gpuhome/shanto1/models/Llama-3.1-70B-Instruct,0
5464018,Accepted,Accepted,,The edit improves code formatting and readability without changing the original content.,"{""Decision"": ""Accepted"", ""Category"": null, ""Reasoning"": ""The edit improves code formatting and readability without changing the original content.""}",,/gpuhome/shanto1/models/Llama-3.1-70B-Instruct,0
5468298,Accepted,Rejected,No Meaningful Improvement,The suggested edit does not appear to have made any changes to the original text.,"{""Decision"": ""Rejected"", ""Category"": ""No Meaningful Improvement"", ""Reasoning"": ""The suggested edit does not appear to have made any changes to the original text.""}",,/gpuhome/shanto1/models/Llama-3.1-70B-Instruct,1
5503657,Accepted,Accepted,,The edit improves the clarity and readability of the answer by adding steps and correcting grammar.,"{""Decision"": ""Accepted"", ""Category"": null, ""Reasoning"": ""The edit improves the clarity and readability of the answer by adding steps and correcting grammar.""}",,/gpuhome/shanto1/models/Llama-3.1-70B-Instruct,0
5473295,Rejected,Accepted,,Improved formatting enhances readability.,"{""Decision"": ""Accepted"", ""Category"": null, ""Reasoning"": ""Improved formatting enhances readability.""}",,/gpuhome/shanto1/models/Llama-3.1-70B-Instruct,0
5495546,Accepted,Accepted,,The edit improves the readability of the SQL code by adding proper indentation.,"{""Decision"": ""Accepted"", ""Category"": null, ""Reasoning"": ""The edit improves the readability of the SQL code by adding proper indentation.""}",,/gpuhome/shanto1/models/Llama-3.1-70B-Instruct,0
5498364,Rejected,Accepted,,Improved code readability and added relevant documentation link.,"{""Decision"": ""Accepted"", ""Category"": null, ""Reasoning"": ""Improved code readability and added relevant documentation link.""}",,/gpuhome/shanto1/models/Llama-3.1-70B-Instruct,0
5461396,Rejected,Rejected,No Meaningful Improvement,The edit only removed the 'await' keyword which is not necessary and added an ellipsis to the array which does not improve readability or functionality.,"{""Decision"": ""Rejected"", ""Category"": ""No Meaningful Improvement"", ""Reasoning"": ""The edit only removed the 'await' keyword which is not necessary and added an ellipsis to the array which does not improve readability or functionality.""}",,/gpuhome/shanto1/models/Llama-3.1-70B-Instruct,1
5505986,Rejected,Accepted,,The edit improves code readability by updating Python 2 print statements to Python 3 syntax.,"{""Decision"": ""Accepted"", ""Category"": null, ""Reasoning"": ""The edit improves code readability by updating Python 2 print statements to Python 3 syntax.""}",,/gpuhome/shanto1/models/Llama-3.1-70B-Instruct,0
5468328,Accepted,Accepted,,The edit improves the readability and grammar of the original post.,"{""Decision"": ""Accepted"", ""Category"": null, ""Reasoning"": ""The edit improves the readability and grammar of the original post.""}",,/gpuhome/shanto1/models/Llama-3.1-70B-Instruct,0
5465357,Rejected,Accepted,,The edit adds a relevant example of using Go generics to the existing code.,"{""Decision"": ""Accepted"", ""Category"": null, ""Reasoning"": ""The edit adds a relevant example of using Go generics to the existing code.""}",,/gpuhome/shanto1/models/Llama-3.1-70B-Instruct,0
5479183,Rejected,Accepted,,The edit improves the accuracy of the command message by changing 'commit' to'stash'.,"{""Decision"": ""Accepted"", ""Category"": null, ""Reasoning"": ""The edit improves the accuracy of the command message by changing 'commit' to'stash'.""}",,/gpuhome/shanto1/models/Llama-3.1-70B-Instruct,0
5468463,Accepted,Accepted,,The edit improves the clarity and readability of the question.,"{""Decision"": ""Accepted"", ""Category"": null, ""Reasoning"": ""The edit improves the clarity and readability of the question.""}",,/gpuhome/shanto1/models/Llama-3.1-70B-Instruct,0
5480932,Rejected,Rejected,Incorrect/Risky,The edit introduces incorrect information about GNU grep 3.4 without providing a reliable source.,"{""Decision"": ""Rejected"", ""Category"": ""Incorrect/Risky"", ""Reasoning"": ""The edit introduces incorrect information about GNU grep 3.4 without providing a reliable source.""}",,/gpuhome/shanto1/models/Llama-3.1-70B-Instruct,1
5482936,Accepted,Accepted,,The edit improves the readability of the error message by formatting it as code.,"{""Decision"": ""Accepted"", ""Category"": null, ""Reasoning"": ""The edit improves the readability of the error message by formatting it as code.""}",,/gpuhome/shanto1/models/Llama-3.1-70B-Instruct,0
5500348,Rejected,Accepted,,The edit improves the accuracy of the SQL query by specifying the correct table alias and column to check for NULL values.,"{""Decision"": ""Accepted"", ""Category"": null, ""Reasoning"": ""The edit improves the accuracy of the SQL query by specifying the correct table alias and column to check for NULL values.""}",,/gpuhome/shanto1/models/Llama-3.1-70B-Instruct,0
5507868,Rejected,Accepted,,The edit fixes the deprecated try!() macro in Rust.,"{""Decision"": ""Accepted"", ""Category"": null, ""Reasoning"": ""The edit fixes the deprecated try!() macro in Rust.""}",,/gpuhome/shanto1/models/Llama-3.1-70B-Instruct,0
5469133,Accepted,Accepted,,The edit improves code readability by adding proper code formatting.,"{""Decision"": ""Accepted"", ""Category"": null, ""Reasoning"": ""The edit improves code readability by adding proper code formatting.""}",,/gpuhome/shanto1/models/Llama-3.1-70B-Instruct,0
5463124,Rejected,Rejected,Incorrect/Risky,The edit introduces a new radio button option without addressing the underlying issue of the code returning undefined.,"{""Decision"": ""Rejected"", ""Category"": ""Incorrect/Risky"", ""Reasoning"": ""The edit introduces a new radio button option without addressing the underlying issue of the code returning undefined.""}",,/gpuhome/shanto1/models/Llama-3.1-70B-Instruct,1
5474789,Accepted,Accepted,,"The edit improves grammar, formatting, and code readability.","{""Decision"": ""Accepted"", ""Category"": null, ""Reasoning"": ""The edit improves grammar, formatting, and code readability.""}",,/gpuhome/shanto1/models/Llama-3.1-70B-Instruct,0
5478451,Accepted,Accepted,,The edit improves the readability of the text by fixing minor spelling and grammar errors.,"{""Decision"": ""Accepted"", ""Category"": null, ""Reasoning"": ""The edit improves the readability of the text by fixing minor spelling and grammar errors.""}",,/gpuhome/shanto1/models/Llama-3.1-70B-Instruct,0
5466963,Accepted,Accepted,,The edit improves the readability and clarity of the question.,"{""Decision"": ""Accepted"", ""Category"": null, ""Reasoning"": ""The edit improves the readability and clarity of the question.""}",,/gpuhome/shanto1/models/Llama-3.1-70B-Instruct,0
5488103,Rejected,Accepted,,The edit improves readability by adding formatting and clarifying the text with HTML tags.,"{""Decision"": ""Accepted"", ""Category"": null, ""Reasoning"": ""The edit improves readability by adding formatting and clarifying the text with HTML tags.""}",,/gpuhome/shanto1/models/Llama-3.1-70B-Instruct,0
5468015,Accepted,Accepted,,The edit improves the formatting of the code and error message for better readability.,"{""Decision"": ""Accepted"", ""Category"": null, ""Reasoning"": ""The edit improves the formatting of the code and error message for better readability.""}",,/gpuhome/shanto1/models/Llama-3.1-70B-Instruct,0
5502854,Rejected,Accepted,,The edit improves the accuracy of the information by specifying that FREAK is included in OpenCV 2.4.2 and later versions.,"{""Decision"": ""Accepted"", ""Category"": null, ""Reasoning"": ""The edit improves the accuracy of the information by specifying that FREAK is included in OpenCV 2.4.2 and later versions.""}",,/gpuhome/shanto1/models/Llama-3.1-70B-Instruct,0
5484987,Accepted,Accepted,,The edit improves the readability of the code by formatting it correctly.,"{""Decision"": ""Accepted"", ""Category"": null, ""Reasoning"": ""The edit improves the readability of the code by formatting it correctly.""}",,/gpuhome/shanto1/models/Llama-3.1-70B-Instruct,0
5506128,Accepted,Accepted,,The edit improves formatting and adds code tags for better readability.,"{""Decision"": ""Accepted"", ""Category"": null, ""Reasoning"": ""The edit improves formatting and adds code tags for better readability.""}",,/gpuhome/shanto1/models/Llama-3.1-70B-Instruct,0
5491953,Accepted,Accepted,,"The edit improves grammar and formatting, making the text more readable.","{""Decision"": ""Accepted"", ""Category"": null, ""Reasoning"": ""The edit improves grammar and formatting, making the text more readable.""}",,/gpuhome/shanto1/models/Llama-3.1-70B-Instruct,0
5475012,Accepted,Accepted,,The edit improves code readability by adding missing variable declarations.,"{""Decision"": ""Accepted"", ""Category"": null, ""Reasoning"": ""The edit improves code readability by adding missing variable declarations.""}",,/gpuhome/shanto1/models/Llama-3.1-70B-Instruct,0
5463145,Rejected,Accepted,,The edit adds a relevant Docker Compose file to the existing MySQL Docker Container example.,"{""Decision"": ""Accepted"", ""Category"": null, ""Reasoning"": ""The edit adds a relevant Docker Compose file to the existing MySQL Docker Container example.""}",,/gpuhome/shanto1/models/Llama-3.1-70B-Instruct,0
5486692,Rejected,Rejected,No Meaningful Improvement,The suggested edit does not make any changes to the original text or code.,"{""Decision"": ""Rejected"", ""Category"": ""No Meaningful Improvement"", ""Reasoning"": ""The suggested edit does not make any changes to the original text or code.""}",,/gpuhome/shanto1/models/Llama-3.1-70B-Instruct,1
5471005,Rejected,Accepted,,"The edit removes a greeting, which is in line with Stack Overflow's guidelines.","{""Decision"": ""Accepted"", ""Category"": null, ""Reasoning"": ""The edit removes a greeting, which is in line with Stack Overflow's guidelines.""}",,/gpuhome/shanto1/models/Llama-3.1-70B-Instruct,0
5501844,Rejected,Rejected,No Meaningful Improvement,The suggested edit does not make any changes to the original text.,"{""Decision"": ""Rejected"", ""Category"": ""No Meaningful Improvement"", ""Reasoning"": ""The suggested edit does not make any changes to the original text.""}",,/gpuhome/shanto1/models/Llama-3.1-70B-Instruct,1
5489472,Rejected,Accepted,,The edit improves code readability with proper formatting.,"{""Decision"": ""Accepted"", ""Category"": null, ""Reasoning"": ""The edit improves code readability with proper formatting.""}",,/gpuhome/shanto1/models/Llama-3.1-70B-Instruct,0
5477330,Rejected,Accepted,,The edit improves the clarity and readability of the question.,"{""Decision"": ""Accepted"", ""Category"": null, ""Reasoning"": ""The edit improves the clarity and readability of the question.""}",,/gpuhome/shanto1/models/Llama-3.1-70B-Instruct,0
5485326,Accepted,Accepted,,The edit improves code readability by adding proper formatting.,"{""Decision"": ""Accepted"", ""Category"": null, ""Reasoning"": ""The edit improves code readability by adding proper formatting.""}",,/gpuhome/shanto1/models/Llama-3.1-70B-Instruct,0
5479949,Rejected,Accepted,,Corrected spelling and minor formatting improvements enhance readability.,"{""Decision"": ""Accepted"", ""Category"": null, ""Reasoning"": ""Corrected spelling and minor formatting improvements enhance readability.""}",,/gpuhome/shanto1/models/Llama-3.1-70B-Instruct,0
5490418,Accepted,Accepted,,The edit updates a link to a more reliable source.,"{""Decision"": ""Accepted"", ""Category"": null, ""Reasoning"": ""The edit updates a link to a more reliable source.""}",,/gpuhome/shanto1/models/Llama-3.1-70B-Instruct,0
5461739,Rejected,Accepted,,The edit improves the grammar and readability of the post.,"{""Decision"": ""Accepted"", ""Category"": null, ""Reasoning"": ""The edit improves the grammar and readability of the post.""}",,/gpuhome/shanto1/models/Llama-3.1-70B-Instruct,0
5467108,Accepted,Accepted,,Corrected 'thanks in advanced' to proper grammar.,"{""Decision"": ""Accepted"", ""Category"": null, ""Reasoning"": ""Corrected 'thanks in advanced' to proper grammar.""}",,/gpuhome/shanto1/models/Llama-3.1-70B-Instruct,0
5474682,Accepted,Accepted,,The edit improves the readability and clarity of the question by adding descriptive image links and proper code formatting.,"{""Decision"": ""Accepted"", ""Category"": null, ""Reasoning"": ""The edit improves the readability and clarity of the question by adding descriptive image links and proper code formatting.""}",,/gpuhome/shanto1/models/Llama-3.1-70B-Instruct,0
5473415,Rejected,Accepted,,The edit improves the readability of the code by removing unnecessary REPL-added multiline indicators.,"{""Decision"": ""Accepted"", ""Category"": null, ""Reasoning"": ""The edit improves the readability of the code by removing unnecessary REPL-added multiline indicators.""}",,/gpuhome/shanto1/models/Llama-3.1-70B-Instruct,0
5486584,Rejected,Accepted,,The edit improves the text by correcting minor spelling and grammatical errors.,"{""Decision"": ""Accepted"", ""Category"": null, ""Reasoning"": ""The edit improves the text by correcting minor spelling and grammatical errors.""}",,/gpuhome/shanto1/models/Llama-3.1-70B-Instruct,0
5471127,Rejected,Accepted,,The edit improves the code by replacing relname with tbl for consistency.,"{""Decision"": ""Accepted"", ""Category"": null, ""Reasoning"": ""The edit improves the code by replacing relname with tbl for consistency.""}",,/gpuhome/shanto1/models/Llama-3.1-70B-Instruct,0
5482955,Rejected,Rejected,No Meaningful Improvement,The edit removed necessary context from the original text.,"{""Decision"": ""Rejected"", ""Category"": ""No Meaningful Improvement"", ""Reasoning"": ""The edit removed necessary context from the original text.""}",,/gpuhome/shanto1/models/Llama-3.1-70B-Instruct,1
5505450,Rejected,Accepted,,The edit improves the answer by providing additional relevant information to solve the problem.,"{""Decision"": ""Accepted"", ""Category"": null, ""Reasoning"": ""The edit improves the answer by providing additional relevant information to solve the problem.""}",,/gpuhome/shanto1/models/Llama-3.1-70B-Instruct,0
5469292,Rejected,Accepted,,The edit improves code readability with proper formatting and syntax highlighting.,"{""Decision"": ""Accepted"", ""Category"": null, ""Reasoning"": ""The edit improves code readability with proper formatting and syntax highlighting.""}",,/gpuhome/shanto1/models/Llama-3.1-70B-Instruct,0
5473157,Rejected,Rejected,No Meaningful Improvement,The edit only removed backticks from the code block and made minor formatting changes without improving readability or clarity.,"{""Decision"": ""Rejected"", ""Category"": ""No Meaningful Improvement"", ""Reasoning"": ""The edit only removed backticks from the code block and made minor formatting changes without improving readability or clarity.""}",,/gpuhome/shanto1/models/Llama-3.1-70B-Instruct,1
5473783,Rejected,Accepted,,The edit improves readability by adding code formatting and minor reformatting for clarity.,"{""Decision"": ""Accepted"", ""Category"": null, ""Reasoning"": ""The edit improves readability by adding code formatting and minor reformatting for clarity.""}",,/gpuhome/shanto1/models/Llama-3.1-70B-Instruct,0
5477432,Rejected,Accepted,,The edit improves the code by adding a null check and providing a more complete example.,"{""Decision"": ""Accepted"", ""Category"": null, ""Reasoning"": ""The edit improves the code by adding a null check and providing a more complete example.""}",,/gpuhome/shanto1/models/Llama-3.1-70B-Instruct,0
5495843,Accepted,Accepted,,"The edit fixes a minor spelling error in the text, improving readability.","{""Decision"": ""Accepted"", ""Category"": null, ""Reasoning"": ""The edit fixes a minor spelling error in the text, improving readability.""}",,/gpuhome/shanto1/models/Llama-3.1-70B-Instruct,0
5476630,Accepted,Accepted,,The edit improves readability and grammar without changing the original meaning.,"{""Decision"": ""Accepted"", ""Category"": null, ""Reasoning"": ""The edit improves readability and grammar without changing the original meaning.""}",,/gpuhome/shanto1/models/Llama-3.1-70B-Instruct,0
5472471,Rejected,Accepted,,The edit improves code readability by adding proper formatting.,"{""Decision"": ""Accepted"", ""Category"": null, ""Reasoning"": ""The edit improves code readability by adding proper formatting.""}",,/gpuhome/shanto1/models/Llama-3.1-70B-Instruct,0
5472055,Rejected,Accepted,,"The edit corrected typos and removed unnecessary text, improving the post's clarity.","{""Decision"": ""Accepted"", ""Category"": null, ""Reasoning"": ""The edit corrected typos and removed unnecessary text, improving the post's clarity.""}",,/gpuhome/shanto1/models/Llama-3.1-70B-Instruct,0
5493650,Rejected,Accepted,,The edit improves code readability by adding necessary spaces and fixing a syntax error in the scanf function.,"{""Decision"": ""Accepted"", ""Category"": null, ""Reasoning"": ""The edit improves code readability by adding necessary spaces and fixing a syntax error in the scanf function.""}",,/gpuhome/shanto1/models/Llama-3.1-70B-Instruct,0
5465390,Rejected,Rejected,No Meaningful Improvement,The edit only moved a code snippet from the text to a code block without improving readability or clarity.,"{""Decision"": ""Rejected"", ""Category"": ""No Meaningful Improvement"", ""Reasoning"": ""The edit only moved a code snippet from the text to a code block without improving readability or clarity.""}",,/gpuhome/shanto1/models/Llama-3.1-70B-Instruct,1
5468073,Rejected,Accepted,,"The edit improves the image descriptions, making the post more accessible.","{""Decision"": ""Accepted"", ""Category"": null, ""Reasoning"": ""The edit improves the image descriptions, making the post more accessible.""}",,/gpuhome/shanto1/models/Llama-3.1-70B-Instruct,0
5482195,Accepted,Accepted,,The edit improves the table formatting for better readability.,"{""Decision"": ""Accepted"", ""Category"": null, ""Reasoning"": ""The edit improves the table formatting for better readability.""}",,/gpuhome/shanto1/models/Llama-3.1-70B-Instruct,0
5481138,Rejected,Accepted,,The edit improves the readability of the post by converting links to Markdown format.,"{""Decision"": ""Accepted"", ""Category"": null, ""Reasoning"": ""The edit improves the readability of the post by converting links to Markdown format.""}",,/gpuhome/shanto1/models/Llama-3.1-70B-Instruct,0
5487110,Accepted,Accepted,,The edit improves code readability with proper formatting.,"{""Decision"": ""Accepted"", ""Category"": null, ""Reasoning"": ""The edit improves code readability with proper formatting.""}",,/gpuhome/shanto1/models/Llama-3.1-70B-Instruct,0
5482950,Accepted,Accepted,,The edit improves the clarity of the text without changing its meaning.,"{""Decision"": ""Accepted"", ""Category"": null, ""Reasoning"": ""The edit improves the clarity of the text without changing its meaning.""}",,/gpuhome/shanto1/models/Llama-3.1-70B-Instruct,0
5471190,Accepted,Accepted,,The edit improves the formatting and clarity of the code snippet.,"{""Decision"": ""Accepted"", ""Category"": null, ""Reasoning"": ""The edit improves the formatting and clarity of the code snippet.""}",,/gpuhome/shanto1/models/Llama-3.1-70B-Instruct,0
5508965,Rejected,Accepted,,The edit adds relevant Maven import information to help users implement the suggested solution.,"{""Decision"": ""Accepted"", ""Category"": null, ""Reasoning"": ""The edit adds relevant Maven import information to help users implement the suggested solution.""}",,/gpuhome/shanto1/models/Llama-3.1-70B-Instruct,0
5471186,Accepted,Accepted,,Improved formatting and code readability.,"{""Decision"": ""Accepted"", ""Category"": null, ""Reasoning"": ""Improved formatting and code readability.""}",,/gpuhome/shanto1/models/Llama-3.1-70B-Instruct,0
5469002,Accepted,Accepted,,The edit improves the grammar and readability of the text.,"{""Decision"": ""Accepted"", ""Category"": null, ""Reasoning"": ""The edit improves the grammar and readability of the text.""}",,/gpuhome/shanto1/models/Llama-3.1-70B-Instruct,0
5507133,Accepted,Accepted,,"The edit removed dead links, improving the post's overall quality.","{""Decision"": ""Accepted"", ""Category"": null, ""Reasoning"": ""The edit removed dead links, improving the post's overall quality.""}",,/gpuhome/shanto1/models/Llama-3.1-70B-Instruct,0
5470480,Rejected,Accepted,,The edit adds a runnable snippet to help illustrate the code's functionality.,"{""Decision"": ""Accepted"", ""Category"": null, ""Reasoning"": ""The edit adds a runnable snippet to help illustrate the code's functionality.""}",,/gpuhome/shanto1/models/Llama-3.1-70B-Instruct,0
5469210,Accepted,Rejected,Incorrect/Risky,The edit changes the code logic by adding a new column 'classes' which is not present in the original code.,"{""Decision"": ""Rejected"", ""Category"": ""Incorrect/Risky"", ""Reasoning"": ""The edit changes the code logic by adding a new column 'classes' which is not present in the original code.""}",,/gpuhome/shanto1/models/Llama-3.1-70B-Instruct,1
5503355,Rejected,Accepted,,The edit improves the readability of the post by adding necessary punctuation marks.,"{""Decision"": ""Accepted"", ""Category"": null, ""Reasoning"": ""The edit improves the readability of the post by adding necessary punctuation marks.""}",,/gpuhome/shanto1/models/Llama-3.1-70B-Instruct,0
5502153,Rejected,Rejected,Incorrect/Risky,"The suggested edit does not actually change the code to fix the issue, it only adds a warning.","{""Decision"": ""Rejected"", ""Category"": ""Incorrect/Risky"", ""Reasoning"": ""The suggested edit does not actually change the code to fix the issue, it only adds a warning.""}",,/gpuhome/shanto1/models/Llama-3.1-70B-Instruct,1
5471849,Accepted,Accepted,,The edit corrected spelling errors in the question.,"{""Decision"": ""Accepted"", ""Category"": null, ""Reasoning"": ""The edit corrected spelling errors in the question.""}",,/gpuhome/shanto1/models/Llama-3.1-70B-Instruct,0
5467105,Rejected,Accepted,,The edit improves code readability and grammar without changing the original intent.,"{""Decision"": ""Accepted"", ""Category"": null, ""Reasoning"": ""The edit improves code readability and grammar without changing the original intent.""}",,/gpuhome/shanto1/models/Llama-3.1-70B-Instruct,0
5493588,Rejected,Accepted,,"The edit adds a relevant example using the terra package, improving the answer's usefulness.","{""Decision"": ""Accepted"", ""Category"": null, ""Reasoning"": ""The edit adds a relevant example using the terra package, improving the answer's usefulness.""}",,/gpuhome/shanto1/models/Llama-3.1-70B-Instruct,0
5481916,Accepted,Accepted,,The edit improves code readability by adding the correct language type for code highlighting and removing unnecessary backtick characters.,"{""Decision"": ""Accepted"", ""Category"": null, ""Reasoning"": ""The edit improves code readability by adding the correct language type for code highlighting and removing unnecessary backtick characters.""}",,/gpuhome/shanto1/models/Llama-3.1-70B-Instruct,0
5482983,Rejected,Rejected,Unnecessary Content,The edit adds unrelated content about box-shadow.,"{""Decision"": ""Rejected"", ""Category"": ""Unnecessary Content"", ""Reasoning"": ""The edit adds unrelated content about box-shadow.""}",,/gpuhome/shanto1/models/Llama-3.1-70B-Instruct,1
5465607,Rejected,Accepted,,The edit improves the answer by providing a more flexible solution.,"{""Decision"": ""Accepted"", ""Category"": null, ""Reasoning"": ""The edit improves the answer by providing a more flexible solution.""}",,/gpuhome/shanto1/models/Llama-3.1-70B-Instruct,0
5485065,Accepted,Accepted,,The edit improves the formatting of the code blocks for better readability.,"{""Decision"": ""Accepted"", ""Category"": null, ""Reasoning"": ""The edit improves the formatting of the code blocks for better readability.""}",,/gpuhome/shanto1/models/Llama-3.1-70B-Instruct,0
5492207,Rejected,Accepted,,The edit updates the code to use the latest Dart and Flutter version with meaningful improvements.,"{""Decision"": ""Accepted"", ""Category"": null, ""Reasoning"": ""The edit updates the code to use the latest Dart and Flutter version with meaningful improvements.""}",,/gpuhome/shanto1/models/Llama-3.1-70B-Instruct,0
5502836,Accepted,Accepted,,Corrected method name to match PowerShell syntax.,"{""Decision"": ""Accepted"", ""Category"": null, ""Reasoning"": ""Corrected method name to match PowerShell syntax.""}",,/gpuhome/shanto1/models/Llama-3.1-70B-Instruct,0
5479163,Rejected,Accepted,,The edit improves code readability and formatting without changing its functionality.,"{""Decision"": ""Accepted"", ""Category"": null, ""Reasoning"": ""The edit improves code readability and formatting without changing its functionality.""}",,/gpuhome/shanto1/models/Llama-3.1-70B-Instruct,0
5481315,Accepted,Accepted,,The edit improves the formatting and readability of the text.,"{""Decision"": ""Accepted"", ""Category"": null, ""Reasoning"": ""The edit improves the formatting and readability of the text.""}",,/gpuhome/shanto1/models/Llama-3.1-70B-Instruct,0
5505301,Rejected,Accepted,,The edit adds a missing closing bracket to the code block.,"{""Decision"": ""Accepted"", ""Category"": null, ""Reasoning"": ""The edit adds a missing closing bracket to the code block.""}",,/gpuhome/shanto1/models/Llama-3.1-70B-Instruct,0
5468652,Accepted,Accepted,,The edit improves code readability by adding proper indentation and spacing.,"{""Decision"": ""Accepted"", ""Category"": null, ""Reasoning"": ""The edit improves code readability by adding proper indentation and spacing.""}",,/gpuhome/shanto1/models/Llama-3.1-70B-Instruct,0
5476662,Accepted,Accepted,,The edit improves code readability by adding code formatting.,"{""Decision"": ""Accepted"", ""Category"": null, ""Reasoning"": ""The edit improves code readability by adding code formatting.""}",,/gpuhome/shanto1/models/Llama-3.1-70B-Instruct,0
5475701,Accepted,Accepted,,"The edit removed redundant code, improving the answer's clarity and conciseness.","{""Decision"": ""Accepted"", ""Category"": null, ""Reasoning"": ""The edit removed redundant code, improving the answer's clarity and conciseness.""}",,/gpuhome/shanto1/models/Llama-3.1-70B-Instruct,0
5490635,Rejected,Accepted,,The edit improves the clarity and readability of the text without changing its meaning.,"{""Decision"": ""Accepted"", ""Category"": null, ""Reasoning"": ""The edit improves the clarity and readability of the text without changing its meaning.""}",,/gpuhome/shanto1/models/Llama-3.1-70B-Instruct,0
5463574,Accepted,Accepted,,The edit improves code readability by adding consistent indentation and spacing.,"{""Decision"": ""Accepted"", ""Category"": null, ""Reasoning"": ""The edit improves code readability by adding consistent indentation and spacing.""}",,/gpuhome/shanto1/models/Llama-3.1-70B-Instruct,0
5481664,Accepted,Accepted,,The edit improves the readability and formatting of the question.,"{""Decision"": ""Accepted"", ""Category"": null, ""Reasoning"": ""The edit improves the readability and formatting of the question.""}",,/gpuhome/shanto1/models/Llama-3.1-70B-Instruct,0
5484292,Accepted,Rejected,No Meaningful Improvement,"The edit only removed a hyphen and added inconsistent spacing, which does not improve the post's clarity or readability.","{""Decision"": ""Rejected"", ""Category"": ""No Meaningful Improvement"", ""Reasoning"": ""The edit only removed a hyphen and added inconsistent spacing, which does not improve the post's clarity or readability.""}",,/gpuhome/shanto1/models/Llama-3.1-70B-Instruct,1
5469594,Accepted,Accepted,,The edit improves the clarity and grammar of the introduction without changing the code or its functionality.,"{""Decision"": ""Accepted"", ""Category"": null, ""Reasoning"": ""The edit improves the clarity and grammar of the introduction without changing the code or its functionality.""}",,/gpuhome/shanto1/models/Llama-3.1-70B-Instruct,0
5482960,Accepted,Accepted,,The edit improves code readability by adding code formatting.,"{""Decision"": ""Accepted"", ""Category"": null, ""Reasoning"": ""The edit improves code readability by adding code formatting.""}",,/gpuhome/shanto1/models/Llama-3.1-70B-Instruct,0
5476121,Accepted,Accepted,,The edit improves the clarity of the explanation without changing its meaning.,"{""Decision"": ""Accepted"", ""Category"": null, ""Reasoning"": ""The edit improves the clarity of the explanation without changing its meaning.""}",,/gpuhome/shanto1/models/Llama-3.1-70B-Instruct,0
5485827,Rejected,Accepted,,The edit improves the readability of the error message by formatting it as a quote block.,"{""Decision"": ""Accepted"", ""Category"": null, ""Reasoning"": ""The edit improves the readability of the error message by formatting it as a quote block.""}",,/gpuhome/shanto1/models/Llama-3.1-70B-Instruct,0
5465678,Rejected,Rejected,Unnecessary Formatting,The edit only adds unnecessary emphasis with asterisks without improving the content's clarity or accuracy.,"{""Decision"": ""Rejected"", ""Category"": ""Unnecessary Formatting"", ""Reasoning"": ""The edit only adds unnecessary emphasis with asterisks without improving the content's clarity or accuracy.""}",,/gpuhome/shanto1/models/Llama-3.1-70B-Instruct,1
5484860,Accepted,Accepted,,The edit improves the clarity and readability of the question.,"{""Decision"": ""Accepted"", ""Category"": null, ""Reasoning"": ""The edit improves the clarity and readability of the question.""}",,/gpuhome/shanto1/models/Llama-3.1-70B-Instruct,0
5466008,Accepted,Rejected,No Meaningful Improvement,"The edit only added minor, inconsistent whitespace changes.","{""Decision"": ""Rejected"", ""Category"": ""No Meaningful Improvement"", ""Reasoning"": ""The edit only added minor, inconsistent whitespace changes.""}",,/gpuhome/shanto1/models/Llama-3.1-70B-Instruct,1
5463204,Accepted,Accepted,,The edit improves code readability by adding Markdown formatting.,"{""Decision"": ""Accepted"", ""Category"": null, ""Reasoning"": ""The edit improves code readability by adding Markdown formatting.""}",,/gpuhome/shanto1/models/Llama-3.1-70B-Instruct,0
5471606,Accepted,Rejected,Incorrect/Risky,The edit introduces a syntax error by using $i instead of i in the for loop.,"{""Decision"": ""Rejected"", ""Category"": ""Incorrect/Risky"", ""Reasoning"": ""The edit introduces a syntax error by using $i instead of i in the for loop.""}",,/gpuhome/shanto1/models/Llama-3.1-70B-Instruct,1
5478740,Rejected,Accepted,,The edit improves code readability by adding proper formatting.,"{""Decision"": ""Accepted"", ""Category"": null, ""Reasoning"": ""The edit improves code readability by adding proper formatting.""}",,/gpuhome/shanto1/models/Llama-3.1-70B-Instruct,0
5467790,Rejected,Rejected,No Meaningful Improvement,The suggested edit does not provide any significant improvement to the original code.,"{""Decision"": ""Rejected"", ""Category"": ""No Meaningful Improvement"", ""Reasoning"": ""The suggested edit does not provide any significant improvement to the original code.""}",,/gpuhome/shanto1/models/Llama-3.1-70B-Instruct,1
5469368,Accepted,Accepted,,The edit improves code readability by adding code tags.,"{""Decision"": ""Accepted"", ""Category"": null, ""Reasoning"": ""The edit improves code readability by adding code tags.""}",,/gpuhome/shanto1/models/Llama-3.1-70B-Instruct,0
5465772,Accepted,Accepted,,"The edit improves the formatting and spelling of the original post, making it more readable.","{""Decision"": ""Accepted"", ""Category"": null, ""Reasoning"": ""The edit improves the formatting and spelling of the original post, making it more readable.""}",,/gpuhome/shanto1/models/Llama-3.1-70B-Instruct,0
5465462,Rejected,Accepted,,The edit correctly swaps the bytes to ensure endianness independence.,"{""Decision"": ""Accepted"", ""Category"": null, ""Reasoning"": ""The edit correctly swaps the bytes to ensure endianness independence.""}",,/gpuhome/shanto1/models/Llama-3.1-70B-Instruct,0
5467872,Rejected,Rejected,Incorrect/Risky,"The edit introduces new information for Koin version 3.3 and above but does not remove the outdated information, which may cause confusion.","{""Decision"": ""Rejected"", ""Category"": ""Incorrect/Risky"", ""Reasoning"": ""The edit introduces new information for Koin version 3.3 and above but does not remove the outdated information, which may cause confusion.""}",,/gpuhome/shanto1/models/Llama-3.1-70B-Instruct,1
5477051,Accepted,Accepted,,The edit improves the readability of the post by correcting spelling errors.,"{""Decision"": ""Accepted"", ""Category"": null, ""Reasoning"": ""The edit improves the readability of the post by correcting spelling errors.""}",,/gpuhome/shanto1/models/Llama-3.1-70B-Instruct,0
5485244,Rejected,Rejected,No Meaningful Improvement,The edit does not significantly improve the content or clarity of the question.,"{""Decision"": ""Rejected"", ""Category"": ""No Meaningful Improvement"", ""Reasoning"": ""The edit does not significantly improve the content or clarity of the question.""}",,/gpuhome/shanto1/models/Llama-3.1-70B-Instruct,1
5496515,Rejected,Accepted,,The edit improves the accuracy of the text by replacing a compiler with a build tool example.,"{""Decision"": ""Accepted"", ""Category"": null, ""Reasoning"": ""The edit improves the accuracy of the text by replacing a compiler with a build tool example.""}",,/gpuhome/shanto1/models/Llama-3.1-70B-Instruct,0
5490617,Rejected,Accepted,,The edit correctly updates the code to match the modified question.,"{""Decision"": ""Accepted"", ""Category"": null, ""Reasoning"": ""The edit correctly updates the code to match the modified question.""}",,/gpuhome/shanto1/models/Llama-3.1-70B-Instruct,0
5468089,Accepted,Accepted,,Improved code formatting with backticks for better readability.,"{""Decision"": ""Accepted"", ""Category"": null, ""Reasoning"": ""Improved code formatting with backticks for better readability.""}",,/gpuhome/shanto1/models/Llama-3.1-70B-Instruct,0
5502584,Rejected,Accepted,,The edit fixes the port number mismatch between the webbrowser.open_new call and the app.run call.,"{""Decision"": ""Accepted"", ""Category"": null, ""Reasoning"": ""The edit fixes the port number mismatch between the webbrowser.open_new call and the app.run call.""}",,/gpuhome/shanto1/models/Llama-3.1-70B-Instruct,0
5470847,Rejected,Accepted,,"The edit adds a new, relevant, and well-documented solution using Array.from.","{""Decision"": ""Accepted"", ""Category"": null, ""Reasoning"": ""The edit adds a new, relevant, and well-documented solution using Array.from.""}",,/gpuhome/shanto1/models/Llama-3.1-70B-Instruct,0
5471404,Accepted,Accepted,,The edit improves the formatting of the error log using backticks for better readability.,"{""Decision"": ""Accepted"", ""Category"": null, ""Reasoning"": ""The edit improves the formatting of the error log using backticks for better readability.""}",,/gpuhome/shanto1/models/Llama-3.1-70B-Instruct,0
5483425,Accepted,Accepted,,The edit improves the formatting of the code structure for better readability.,"{""Decision"": ""Accepted"", ""Category"": null, ""Reasoning"": ""The edit improves the formatting of the code structure for better readability.""}",,/gpuhome/shanto1/models/Llama-3.1-70B-Instruct,0
5479053,Rejected,Rejected,No Meaningful Improvement,The edit only added minor whitespace changes without improving readability or clarity.,"{""Decision"": ""Rejected"", ""Category"": ""No Meaningful Improvement"", ""Reasoning"": ""The edit only added minor whitespace changes without improving readability or clarity.""}",,/gpuhome/shanto1/models/Llama-3.1-70B-Instruct,1
5477888,Accepted,Accepted,,The edit improves the code by adding a necessary update operation before saving changes.,"{""Decision"": ""Accepted"", ""Category"": null, ""Reasoning"": ""The edit improves the code by adding a necessary update operation before saving changes.""}",,/gpuhome/shanto1/models/Llama-3.1-70B-Instruct,0
5486112,Accepted,Accepted,,The edit improves the readability of the question by fixing minor grammatical errors.,"{""Decision"": ""Accepted"", ""Category"": null, ""Reasoning"": ""The edit improves the readability of the question by fixing minor grammatical errors.""}",,/gpuhome/shanto1/models/Llama-3.1-70B-Instruct,0
5462976,Accepted,Accepted,,The edit improves the code by adding quotes around the variable for correct string comparison.,"{""Decision"": ""Accepted"", ""Category"": null, ""Reasoning"": ""The edit improves the code by adding quotes around the variable for correct string comparison.""}",,/gpuhome/shanto1/models/Llama-3.1-70B-Instruct,0
5479759,Rejected,Rejected,Spam/Vandalism,The edit adds nonsensical text to the end of the link and code block.,"{""Decision"": ""Rejected"", ""Category"": ""Spam/Vandalism"", ""Reasoning"": ""The edit adds nonsensical text to the end of the link and code block.""}",,/gpuhome/shanto1/models/Llama-3.1-70B-Instruct,1
5485108,Accepted,Accepted,,The edit corrected minor typos and improved readability.,"{""Decision"": ""Accepted"", ""Category"": null, ""Reasoning"": ""The edit corrected minor typos and improved readability.""}",,/gpuhome/shanto1/models/Llama-3.1-70B-Instruct,0
5483064,Accepted,Rejected,Incorrect/Risky,"The edit assumes a 64-bit Chrome installation, which may not be the case for all users.","{""Decision"": ""Rejected"", ""Category"": ""Incorrect/Risky"", ""Reasoning"": ""The edit assumes a 64-bit Chrome installation, which may not be the case for all users.""}",,/gpuhome/shanto1/models/Llama-3.1-70B-Instruct,1
5491589,Accepted,Accepted,,The edit improves code readability by fixing indentation and adding code formatting.,"{""Decision"": ""Accepted"", ""Category"": null, ""Reasoning"": ""The edit improves code readability by fixing indentation and adding code formatting.""}",,/gpuhome/shanto1/models/Llama-3.1-70B-Instruct,0
5473189,Accepted,Accepted,,The edit improves the readability and grammar of the original post.,"{""Decision"": ""Accepted"", ""Category"": null, ""Reasoning"": ""The edit improves the readability and grammar of the original post.""}",,/gpuhome/shanto1/models/Llama-3.1-70B-Instruct,0
5493581,Rejected,Rejected,No Meaningful Improvement,The edit only changed 'WebSocket++ will not accept' to 'a self-signed certificate wasn't accepted' which is a minor rewording without adding any new information.,"{""Decision"": ""Rejected"", ""Category"": ""No Meaningful Improvement"", ""Reasoning"": ""The edit only changed 'WebSocket++ will not accept' to 'a self-signed certificate wasn't accepted' which is a minor rewording without adding any new information.""}",,/gpuhome/shanto1/models/Llama-3.1-70B-Instruct,1
5481108,Rejected,Accepted,,"The edit removed a repeated paragraph, improving the post's clarity and readability.","{""Decision"": ""Accepted"", ""Category"": null, ""Reasoning"": ""The edit removed a repeated paragraph, improving the post's clarity and readability.""}",,/gpuhome/shanto1/models/Llama-3.1-70B-Instruct,0
5471172,Accepted,Accepted,,"The edit improves the formatting and grammar of the post, making it easier to read and understand.","{""Decision"": ""Accepted"", ""Category"": null, ""Reasoning"": ""The edit improves the formatting and grammar of the post, making it easier to read and understand.""}",,/gpuhome/shanto1/models/Llama-3.1-70B-Instruct,0
5462695,Rejected,Accepted,,The edit corrects the length of the string according to the provided reference.,"{""Decision"": ""Accepted"", ""Category"": null, ""Reasoning"": ""The edit corrects the length of the string according to the provided reference.""}",,/gpuhome/shanto1/models/Llama-3.1-70B-Instruct,0
5483415,Accepted,Accepted,,The edit adds a relevant note about the latest PHP behavior.,"{""Decision"": ""Accepted"", ""Category"": null, ""Reasoning"": ""The edit adds a relevant note about the latest PHP behavior.""}",,/gpuhome/shanto1/models/Llama-3.1-70B-Instruct,0
5504561,Rejected,Rejected,No Meaningful Improvement,The edit is minor and does not significantly improve the clarity of the question.,"{""Decision"": ""Rejected"", ""Category"": ""No Meaningful Improvement"", ""Reasoning"": ""The edit is minor and does not significantly improve the clarity of the question.""}",,/gpuhome/shanto1/models/Llama-3.1-70B-Instruct,1
5475676,Accepted,Accepted,,The edit improves the readability and grammar of the original text.,"{""Decision"": ""Accepted"", ""Category"": null, ""Reasoning"": ""The edit improves the readability and grammar of the original text.""}",,/gpuhome/shanto1/models/Llama-3.1-70B-Instruct,0
5469796,Rejected,Accepted,,The edit improves the formula by adding error handling with IFERROR.,"{""Decision"": ""Accepted"", ""Category"": null, ""Reasoning"": ""The edit improves the formula by adding error handling with IFERROR.""}",,/gpuhome/shanto1/models/Llama-3.1-70B-Instruct,0
5479278,Rejected,Accepted,,The edit adds an alternative solution to add the root element.,"{""Decision"": ""Accepted"", ""Category"": null, ""Reasoning"": ""The edit adds an alternative solution to add the root element.""}",,/gpuhome/shanto1/models/Llama-3.1-70B-Instruct,0
5483762,Accepted,Accepted,,The edit improves formatting by adding backticks around code-related terms.,"{""Decision"": ""Accepted"", ""Category"": null, ""Reasoning"": ""The edit improves formatting by adding backticks around code-related terms.""}",,/gpuhome/shanto1/models/Llama-3.1-70B-Instruct,0
5474546,Rejected,Rejected,Alternate Solution,The edit introduces a new solution rather than improving the existing answer.,"{""Decision"": ""Rejected"", ""Category"": ""Alternate Solution"", ""Reasoning"": ""The edit introduces a new solution rather than improving the existing answer.""}",,/gpuhome/shanto1/models/Llama-3.1-70B-Instruct,1
5462909,Accepted,Accepted,,The edit improves the readability of the text by fixing minor grammar errors.,"{""Decision"": ""Accepted"", ""Category"": null, ""Reasoning"": ""The edit improves the readability of the text by fixing minor grammar errors.""}",,/gpuhome/shanto1/models/Llama-3.1-70B-Instruct,0
5480871,Accepted,Rejected,No Meaningful Improvement,"The edit only added backticks around a single line of code, which does not significantly improve the post's readability or clarity.","{""Decision"": ""Rejected"", ""Category"": ""No Meaningful Improvement"", ""Reasoning"": ""The edit only added backticks around a single line of code, which does not significantly improve the post's readability or clarity.""}",,/gpuhome/shanto1/models/Llama-3.1-70B-Instruct,1
5479253,Accepted,Accepted,,The edit improves the clarity and grammar of the original text.,"{""Decision"": ""Accepted"", ""Category"": null, ""Reasoning"": ""The edit improves the clarity and grammar of the original text.""}",,/gpuhome/shanto1/models/Llama-3.1-70B-Instruct,0
5509472,Accepted,Accepted,,Corrected typo in code snippet.,"{""Decision"": ""Accepted"", ""Category"": null, ""Reasoning"": ""Corrected typo in code snippet.""}",,/gpuhome/shanto1/models/Llama-3.1-70B-Instruct,0
5475245,Rejected,Accepted,,The edit improves code readability by adding proper indentation and formatting.,"{""Decision"": ""Accepted"", ""Category"": null, ""Reasoning"": ""The edit improves code readability by adding proper indentation and formatting.""}",,/gpuhome/shanto1/models/Llama-3.1-70B-Instruct,0
5471705,Accepted,Rejected,No Meaningful Improvement,The edit only added unnecessary emphasis to numbers with asterisks.,"{""Decision"": ""Rejected"", ""Category"": ""No Meaningful Improvement"", ""Reasoning"": ""The edit only added unnecessary emphasis to numbers with asterisks.""}",,/gpuhome/shanto1/models/Llama-3.1-70B-Instruct,1
5473490,Rejected,Accepted,,The edit improves the post by embedding the image directly.,"{""Decision"": ""Accepted"", ""Category"": null, ""Reasoning"": ""The edit improves the post by embedding the image directly.""}",,/gpuhome/shanto1/models/Llama-3.1-70B-Instruct,0
5466698,Rejected,Rejected,No Meaningful Improvement,The edit did not significantly improve the clarity or accuracy of the original text.,"{""Decision"": ""Rejected"", ""Category"": ""No Meaningful Improvement"", ""Reasoning"": ""The edit did not significantly improve the clarity or accuracy of the original text.""}",,/gpuhome/shanto1/models/Llama-3.1-70B-Instruct,1
5464563,Accepted,Rejected,Incorrect/Risky,"The edit introduces a syntax error by replacing 'num=$1' with'set num=$1', which is not a valid bash syntax.","{""Decision"": ""Rejected"", ""Category"": ""Incorrect/Risky"", ""Reasoning"": ""The edit introduces a syntax error by replacing 'num=$1' with'set num=$1', which is not a valid bash syntax.""}",,/gpuhome/shanto1/models/Llama-3.1-70B-Instruct,1
5492110,Rejected,Accepted,,The edit improves code readability by adding fences around separate code blocks.,"{""Decision"": ""Accepted"", ""Category"": null, ""Reasoning"": ""The edit improves code readability by adding fences around separate code blocks.""}",,/gpuhome/shanto1/models/Llama-3.1-70B-Instruct,0
5467017,Accepted,Accepted,,The edit improves readability by correcting spelling and adding formatting.,"{""Decision"": ""Accepted"", ""Category"": null, ""Reasoning"": ""The edit improves readability by correcting spelling and adding formatting.""}",,/gpuhome/shanto1/models/Llama-3.1-70B-Instruct,0
5485445,Accepted,Accepted,,The edit fixes a broken link by updating it to a working URL.,"{""Decision"": ""Accepted"", ""Category"": null, ""Reasoning"": ""The edit fixes a broken link by updating it to a working URL.""}",,/gpuhome/shanto1/models/Llama-3.1-70B-Instruct,0
5503568,Accepted,Accepted,,The edit improves code readability by fixing inconsistent indentation and capitalization.,"{""Decision"": ""Accepted"", ""Category"": null, ""Reasoning"": ""The edit improves code readability by fixing inconsistent indentation and capitalization.""}",,/gpuhome/shanto1/models/Llama-3.1-70B-Instruct,0
5504454,Rejected,Accepted,,Corrected glib to glibc to improve accuracy.,"{""Decision"": ""Accepted"", ""Category"": null, ""Reasoning"": ""Corrected glib to glibc to improve accuracy.""}",,/gpuhome/shanto1/models/Llama-3.1-70B-Instruct,0
5471219,Rejected,Accepted,,The edit improves the functionality of the code by handling duplicate keys.,"{""Decision"": ""Accepted"", ""Category"": null, ""Reasoning"": ""The edit improves the functionality of the code by handling duplicate keys.""}",,/gpuhome/shanto1/models/Llama-3.1-70B-Instruct,0
5481061,Rejected,Accepted,,The edit improves the code by overriding get_queryset instead of get_object and removes unnecessary'str:' in regex.,"{""Decision"": ""Accepted"", ""Category"": null, ""Reasoning"": ""The edit improves the code by overriding get_queryset instead of get_object and removes unnecessary'str:' in regex.""}",,/gpuhome/shanto1/models/Llama-3.1-70B-Instruct,0
5461207,Accepted,Accepted,,The edit improves code formatting and readability.,"{""Decision"": ""Accepted"", ""Category"": null, ""Reasoning"": ""The edit improves code formatting and readability.""}",,/gpuhome/shanto1/models/Llama-3.1-70B-Instruct,0
5484689,Rejected,Rejected,No Meaningful Improvement,The suggested edit does not introduce any changes to the original content.,"{""Decision"": ""Rejected"", ""Category"": ""No Meaningful Improvement"", ""Reasoning"": ""The suggested edit does not introduce any changes to the original content.""}",,/gpuhome/shanto1/models/Llama-3.1-70B-Instruct,1
5465687,Rejected,Rejected,No Meaningful Improvement,The edit removes relevant code without providing a clear explanation or improvement.,"{""Decision"": ""Rejected"", ""Category"": ""No Meaningful Improvement"", ""Reasoning"": ""The edit removes relevant code without providing a clear explanation or improvement.""}",,/gpuhome/shanto1/models/Llama-3.1-70B-Instruct,1
5480416,Rejected,Accepted,,The edit improves code readability and maintainability by refactoring the logic into separate functions.,"{""Decision"": ""Accepted"", ""Category"": null, ""Reasoning"": ""The edit improves code readability and maintainability by refactoring the logic into separate functions.""}",,/gpuhome/shanto1/models/Llama-3.1-70B-Instruct,0
5464806,Rejected,Accepted,,The edit updates the GitHub URL to a more specific version.,"{""Decision"": ""Accepted"", ""Category"": null, ""Reasoning"": ""The edit updates the GitHub URL to a more specific version.""}",,/gpuhome/shanto1/models/Llama-3.1-70B-Instruct,0
5494124,Accepted,Accepted,,The edit improves the readability of the post by capitalizing the first letter of the first sentence.,"{""Decision"": ""Accepted"", ""Category"": null, ""Reasoning"": ""The edit improves the readability of the post by capitalizing the first letter of the first sentence.""}",,/gpuhome/shanto1/models/Llama-3.1-70B-Instruct,0
5492512,Accepted,Accepted,,The edit adds a relevant link to the documentation.,"{""Decision"": ""Accepted"", ""Category"": null, ""Reasoning"": ""The edit adds a relevant link to the documentation.""}",,/gpuhome/shanto1/models/Llama-3.1-70B-Instruct,0
5467511,Accepted,Accepted,,The edit improves the post by embedding images directly into the question.,"{""Decision"": ""Accepted"", ""Category"": null, ""Reasoning"": ""The edit improves the post by embedding images directly into the question.""}",,/gpuhome/shanto1/models/Llama-3.1-70B-Instruct,0
5492108,Rejected,Accepted,,The edit improves the clarity of the answer by rephrasing sentences and adding more descriptive comments.,"{""Decision"": ""Accepted"", ""Category"": null, ""Reasoning"": ""The edit improves the clarity of the answer by rephrasing sentences and adding more descriptive comments.""}",,/gpuhome/shanto1/models/Llama-3.1-70B-Instruct,0
5476901,Rejected,Rejected,No Meaningful Improvement,The edit only added unnecessary blockquotes to the text.,"{""Decision"": ""Rejected"", ""Category"": ""No Meaningful Improvement"", ""Reasoning"": ""The edit only added unnecessary blockquotes to the text.""}",,/gpuhome/shanto1/models/Llama-3.1-70B-Instruct,1
5498704,Rejected,Accepted,,The edit improves the code by adding the recursive flag and provides a clear explanation for the change.,"{""Decision"": ""Accepted"", ""Category"": null, ""Reasoning"": ""The edit improves the code by adding the recursive flag and provides a clear explanation for the change.""}",,/gpuhome/shanto1/models/Llama-3.1-70B-Instruct,0
5463263,Rejected,Accepted,,The edit improves the code by preventing unnecessary backspace operations when the password is empty.,"{""Decision"": ""Accepted"", ""Category"": null, ""Reasoning"": ""The edit improves the code by preventing unnecessary backspace operations when the password is empty.""}",,/gpuhome/shanto1/models/Llama-3.1-70B-Instruct,0
5506522,Rejected,Rejected,No Meaningful Improvement,The edit only removed a placeholder text without adding any actual code or improving the content.,"{""Decision"": ""Rejected"", ""Category"": ""No Meaningful Improvement"", ""Reasoning"": ""The edit only removed a placeholder text without adding any actual code or improving the content.""}",,/gpuhome/shanto1/models/Llama-3.1-70B-Instruct,1
5473917,Rejected,Accepted,,"The edit improves the formatting of the question, making it easier to read and understand.","{""Decision"": ""Accepted"", ""Category"": null, ""Reasoning"": ""The edit improves the formatting of the question, making it easier to read and understand.""}",,/gpuhome/shanto1/models/Llama-3.1-70B-Instruct,0
5469426,Rejected,Accepted,,The edit improves code readability and fixes a potential error by changing $maxLineLen+1 to $maxLineLen.,"{""Decision"": ""Accepted"", ""Category"": null, ""Reasoning"": ""The edit improves code readability and fixes a potential error by changing $maxLineLen+1 to $maxLineLen.""}",,/gpuhome/shanto1/models/Llama-3.1-70B-Instruct,0
5470035,Rejected,Accepted,,The edit adds relevant and useful information about including files in the build directory.,"{""Decision"": ""Accepted"", ""Category"": null, ""Reasoning"": ""The edit adds relevant and useful information about including files in the build directory.""}",,/gpuhome/shanto1/models/Llama-3.1-70B-Instruct,0
5501157,Accepted,Accepted,,The edit improves code readability with proper formatting and indentation.,"{""Decision"": ""Accepted"", ""Category"": null, ""Reasoning"": ""The edit improves code readability with proper formatting and indentation.""}",,/gpuhome/shanto1/models/Llama-3.1-70B-Instruct,0
5483033,Accepted,Accepted,,The edit fixes broken links to provide accurate and up-to-date information.,"{""Decision"": ""Accepted"", ""Category"": null, ""Reasoning"": ""The edit fixes broken links to provide accurate and up-to-date information.""}",,/gpuhome/shanto1/models/Llama-3.1-70B-Instruct,0
5468242,Accepted,Accepted,,The edit improves the readability of the introduction and code formatting.,"{""Decision"": ""Accepted"", ""Category"": null, ""Reasoning"": ""The edit improves the readability of the introduction and code formatting.""}",,/gpuhome/shanto1/models/Llama-3.1-70B-Instruct,0
5479322,Accepted,Rejected,No Meaningful Improvement,The edit only added minor formatting changes without improving the overall quality or clarity of the post.,"{""Decision"": ""Rejected"", ""Category"": ""No Meaningful Improvement"", ""Reasoning"": ""The edit only added minor formatting changes without improving the overall quality or clarity of the post.""}",,/gpuhome/shanto1/models/Llama-3.1-70B-Instruct,1
5466397,Rejected,Accepted,,The edit improves the code formatting for better readability.,"{""Decision"": ""Accepted"", ""Category"": null, ""Reasoning"": ""The edit improves the code formatting for better readability.""}",,/gpuhome/shanto1/models/Llama-3.1-70B-Instruct,0
5474780,Accepted,Rejected,No Meaningful Improvement,The edit only added unnecessary triple backticks around existing code blocks.,"{""Decision"": ""Rejected"", ""Category"": ""No Meaningful Improvement"", ""Reasoning"": ""The edit only added unnecessary triple backticks around existing code blocks.""}",,/gpuhome/shanto1/models/Llama-3.1-70B-Instruct,1
5500743,Rejected,Accepted,,Improved code formatting with Markdown code block.,"{""Decision"": ""Accepted"", ""Category"": null, ""Reasoning"": ""Improved code formatting with Markdown code block.""}",,/gpuhome/shanto1/models/Llama-3.1-70B-Instruct,0
5477115,Rejected,Accepted,,The edit improves the readability of the question by fixing minor formatting issues and grammar.,"{""Decision"": ""Accepted"", ""Category"": null, ""Reasoning"": ""The edit improves the readability of the question by fixing minor formatting issues and grammar.""}",,/gpuhome/shanto1/models/Llama-3.1-70B-Instruct,0
5487745,Accepted,Accepted,,The edit improves code readability by adding proper formatting and syntax highlighting.,"{""Decision"": ""Accepted"", ""Category"": null, ""Reasoning"": ""The edit improves code readability by adding proper formatting and syntax highlighting.""}",,/gpuhome/shanto1/models/Llama-3.1-70B-Instruct,0
5491232,Accepted,Rejected,No Meaningful Improvement,The edit does not provide any significant improvement to the original code.,"{""Decision"": ""Rejected"", ""Category"": ""No Meaningful Improvement"", ""Reasoning"": ""The edit does not provide any significant improvement to the original code.""}",,/gpuhome/shanto1/models/Llama-3.1-70B-Instruct,1
5479835,Rejected,Accepted,,The edit adds a necessary import statement to make the code snippet complete.,"{""Decision"": ""Accepted"", ""Category"": null, ""Reasoning"": ""The edit adds a necessary import statement to make the code snippet complete.""}",,/gpuhome/shanto1/models/Llama-3.1-70B-Instruct,0
5463597,Accepted,Accepted,,The edit improves code readability by adding Markdown formatting and fixing minor syntax errors.,"{""Decision"": ""Accepted"", ""Category"": null, ""Reasoning"": ""The edit improves code readability by adding Markdown formatting and fixing minor syntax errors.""}",,/gpuhome/shanto1/models/Llama-3.1-70B-Instruct,0
5507928,Rejected,Accepted,,The edit updates the code to use the correct class name for the pb_Stl plugin.,"{""Decision"": ""Accepted"", ""Category"": null, ""Reasoning"": ""The edit updates the code to use the correct class name for the pb_Stl plugin.""}",,/gpuhome/shanto1/models/Llama-3.1-70B-Instruct,0
5496980,Rejected,Accepted,,The edit improves code readability by adding proper formatting.,"{""Decision"": ""Accepted"", ""Category"": null, ""Reasoning"": ""The edit improves code readability by adding proper formatting.""}",,/gpuhome/shanto1/models/Llama-3.1-70B-Instruct,0
5494638,Accepted,Accepted,,"The edit improves readability by correcting letter casing, punctuation, and a mistype.","{""Decision"": ""Accepted"", ""Category"": null, ""Reasoning"": ""The edit improves readability by correcting letter casing, punctuation, and a mistype.""}",,/gpuhome/shanto1/models/Llama-3.1-70B-Instruct,0
5474352,Rejected,Rejected,Alternate Solution,The edit adds a new solution instead of improving the existing one.,"{""Decision"": ""Rejected"", ""Category"": ""Alternate Solution"", ""Reasoning"": ""The edit adds a new solution instead of improving the existing one.""}",,/gpuhome/shanto1/models/Llama-3.1-70B-Instruct,1
5500745,Accepted,Accepted,,The edit improves the formatting and readability of the post.,"{""Decision"": ""Accepted"", ""Category"": null, ""Reasoning"": ""The edit improves the formatting and readability of the post.""}",,/gpuhome/shanto1/models/Llama-3.1-70B-Instruct,0
5472432,Accepted,Rejected,No Meaningful Improvement,The edit only removed a comment that provided additional context.,"{""Decision"": ""Rejected"", ""Category"": ""No Meaningful Improvement"", ""Reasoning"": ""The edit only removed a comment that provided additional context.""}",,/gpuhome/shanto1/models/Llama-3.1-70B-Instruct,1
5495553,Accepted,Rejected,No Meaningful Improvement,The edit only added unnecessary whitespace to the code snippet.,"{""Decision"": ""Rejected"", ""Category"": ""No Meaningful Improvement"", ""Reasoning"": ""The edit only added unnecessary whitespace to the code snippet.""}",,/gpuhome/shanto1/models/Llama-3.1-70B-Instruct,1
5463067,Rejected,Accepted,,The edit improves the solution by addressing the issue of late subscribers and multiple subscriptions.,"{""Decision"": ""Accepted"", ""Category"": null, ""Reasoning"": ""The edit improves the solution by addressing the issue of late subscribers and multiple subscriptions.""}",,/gpuhome/shanto1/models/Llama-3.1-70B-Instruct,0
5467975,Rejected,Accepted,,The edit improves code readability by adding proper formatting.,"{""Decision"": ""Accepted"", ""Category"": null, ""Reasoning"": ""The edit improves code readability by adding proper formatting.""}",,/gpuhome/shanto1/models/Llama-3.1-70B-Instruct,0
5474086,Rejected,Rejected,No Meaningful Improvement,The suggested edit does not make any changes to the original content.,"{""Decision"": ""Rejected"", ""Category"": ""No Meaningful Improvement"", ""Reasoning"": ""The suggested edit does not make any changes to the original content.""}",,/gpuhome/shanto1/models/Llama-3.1-70B-Instruct,1
5469539,Accepted,Accepted,,The edit improves the grammar of the original post.,"{""Decision"": ""Accepted"", ""Category"": null, ""Reasoning"": ""The edit improves the grammar of the original post.""}",,/gpuhome/shanto1/models/Llama-3.1-70B-Instruct,0
5466513,Rejected,Accepted,,"The editor removed dead links, improving the post's overall quality.","{""Decision"": ""Accepted"", ""Category"": null, ""Reasoning"": ""The editor removed dead links, improving the post's overall quality.""}",,/gpuhome/shanto1/models/Llama-3.1-70B-Instruct,0
5480038,Rejected,Rejected,No Meaningful Improvement,The edit only added minor formatting changes that do not improve the overall readability or clarity of the post.,"{""Decision"": ""Rejected"", ""Category"": ""No Meaningful Improvement"", ""Reasoning"": ""The edit only added minor formatting changes that do not improve the overall readability or clarity of the post.""}",,/gpuhome/shanto1/models/Llama-3.1-70B-Instruct,1
5468988,Accepted,Accepted,,The edit improves the readability and grammar of the question without changing its meaning.,"{""Decision"": ""Accepted"", ""Category"": null, ""Reasoning"": ""The edit improves the readability and grammar of the question without changing its meaning.""}",,/gpuhome/shanto1/models/Llama-3.1-70B-Instruct,0
5475467,Rejected,Accepted,,The edit improves image display and code readability.,"{""Decision"": ""Accepted"", ""Category"": null, ""Reasoning"": ""The edit improves image display and code readability.""}",,/gpuhome/shanto1/models/Llama-3.1-70B-Instruct,0
5485288,Rejected,Rejected,No Meaningful Improvement,The edit does not make any meaningful changes to the code or formatting.,"{""Decision"": ""Rejected"", ""Category"": ""No Meaningful Improvement"", ""Reasoning"": ""The edit does not make any meaningful changes to the code or formatting.""}",,/gpuhome/shanto1/models/Llama-3.1-70B-Instruct,1
5462362,Accepted,Rejected,No Meaningful Improvement,The edit does not make any significant changes to the original content.,"{""Decision"": ""Rejected"", ""Category"": ""No Meaningful Improvement"", ""Reasoning"": ""The edit does not make any significant changes to the original content.""}",,/gpuhome/shanto1/models/Llama-3.1-70B-Instruct,1
5465527,Accepted,Accepted,,The edit improves code readability by adding proper formatting.,"{""Decision"": ""Accepted"", ""Category"": null, ""Reasoning"": ""The edit improves code readability by adding proper formatting.""}",,/gpuhome/shanto1/models/Llama-3.1-70B-Instruct,0
5507807,Rejected,Accepted,,"The edit adds Kotlin syntax to the existing Java code, making the answer more comprehensive and useful for a broader audience.","{""Decision"": ""Accepted"", ""Category"": null, ""Reasoning"": ""The edit adds Kotlin syntax to the existing Java code, making the answer more comprehensive and useful for a broader audience.""}",,/gpuhome/shanto1/models/Llama-3.1-70B-Instruct,0
5462450,Accepted,Accepted,,"The edit improves code formatting, spelling, and grammar without changing the original content.","{""Decision"": ""Accepted"", ""Category"": null, ""Reasoning"": ""The edit improves code formatting, spelling, and grammar without changing the original content.""}",,/gpuhome/shanto1/models/Llama-3.1-70B-Instruct,0
5471651,Rejected,Accepted,,The edit improves the code by replacing deprecated syntax with the recommended alternative.,"{""Decision"": ""Accepted"", ""Category"": null, ""Reasoning"": ""The edit improves the code by replacing deprecated syntax with the recommended alternative.""}",,/gpuhome/shanto1/models/Llama-3.1-70B-Instruct,0
5507029,Rejected,Rejected,No Meaningful Improvement,"The edit does not improve the content, only adds a space at the end of a line.","{""Decision"": ""Rejected"", ""Category"": ""No Meaningful Improvement"", ""Reasoning"": ""The edit does not improve the content, only adds a space at the end of a line.""}",,/gpuhome/shanto1/models/Llama-3.1-70B-Instruct,1
5475400,Accepted,Accepted,,The edit improves code readability by adding proper formatting.,"{""Decision"": ""Accepted"", ""Category"": null, ""Reasoning"": ""The edit improves code readability by adding proper formatting.""}",,/gpuhome/shanto1/models/Llama-3.1-70B-Instruct,0
5500840,Rejected,Accepted,,The edit adds a relevant and useful option to the existing command.,"{""Decision"": ""Accepted"", ""Category"": null, ""Reasoning"": ""The edit adds a relevant and useful option to the existing command.""}",,/gpuhome/shanto1/models/Llama-3.1-70B-Instruct,0
5472652,Rejected,Accepted,,The edit improves code readability by adding proper formatting.,"{""Decision"": ""Accepted"", ""Category"": null, ""Reasoning"": ""The edit improves code readability by adding proper formatting.""}",,/gpuhome/shanto1/models/Llama-3.1-70B-Instruct,0
5462546,Accepted,Accepted,,The edit adds relevant configuration examples to improve the answer's clarity and usefulness.,"{""Decision"": ""Accepted"", ""Category"": null, ""Reasoning"": ""The edit adds relevant configuration examples to improve the answer's clarity and usefulness.""}",,/gpuhome/shanto1/models/Llama-3.1-70B-Instruct,0
5477684,Rejected,Rejected,No Meaningful Improvement,The edit does not change the functionality or clarity of the code.,"{""Decision"": ""Rejected"", ""Category"": ""No Meaningful Improvement"", ""Reasoning"": ""The edit does not change the functionality or clarity of the code.""}",,/gpuhome/shanto1/models/Llama-3.1-70B-Instruct,1
5480806,Rejected,Accepted,,The edit adds a relevant and useful condition for the solution to work.,"{""Decision"": ""Accepted"", ""Category"": null, ""Reasoning"": ""The edit adds a relevant and useful condition for the solution to work.""}",,/gpuhome/shanto1/models/Llama-3.1-70B-Instruct,0
5499836,Rejected,Rejected,Incorrect/Risky,"The edit changes the URL in the code snippet without explanation, potentially altering the context and intent of the original question.","{""Decision"": ""Rejected"", ""Category"": ""Incorrect/Risky"", ""Reasoning"": ""The edit changes the URL in the code snippet without explanation, potentially altering the context and intent of the original question.""}",,/gpuhome/shanto1/models/Llama-3.1-70B-Instruct,1
5467346,Accepted,Accepted,,The edit improves readability by adding a comma for proper grammar and punctuation.,"{""Decision"": ""Accepted"", ""Category"": null, ""Reasoning"": ""The edit improves readability by adding a comma for proper grammar and punctuation.""}",,/gpuhome/shanto1/models/Llama-3.1-70B-Instruct,0
5500790,Accepted,Accepted,,"The edit removes a dead URL, improving the post's overall quality.","{""Decision"": ""Accepted"", ""Category"": null, ""Reasoning"": ""The edit removes a dead URL, improving the post's overall quality.""}",,/gpuhome/shanto1/models/Llama-3.1-70B-Instruct,0
5481461,Rejected,Rejected,No Meaningful Improvement,"The edit does not improve the code or address the question, it only reformats the surrounding text.","{""Decision"": ""Rejected"", ""Category"": ""No Meaningful Improvement"", ""Reasoning"": ""The edit does not improve the code or address the question, it only reformats the surrounding text.""}",,/gpuhome/shanto1/models/Llama-3.1-70B-Instruct,1
5465911,Accepted,Rejected,No Meaningful Improvement,The edit removed relevant context but did not improve the code or the question's clarity.,"{""Decision"": ""Rejected"", ""Category"": ""No Meaningful Improvement"", ""Reasoning"": ""The edit removed relevant context but did not improve the code or the question's clarity.""}",,/gpuhome/shanto1/models/Llama-3.1-70B-Instruct,1
5465965,Rejected,Rejected,No Meaningful Improvement,The edit only reformatted the code without addressing the underlying issue with the pytest.raises call.,"{""Decision"": ""Rejected"", ""Category"": ""No Meaningful Improvement"", ""Reasoning"": ""The edit only reformatted the code without addressing the underlying issue with the pytest.raises call.""}",,/gpuhome/shanto1/models/Llama-3.1-70B-Instruct,1
5487370,Accepted,Accepted,,Corrected spelling and improved formatting.,"{""Decision"": ""Accepted"", ""Category"": null, ""Reasoning"": ""Corrected spelling and improved formatting.""}",,/gpuhome/shanto1/models/Llama-3.1-70B-Instruct,0
5499016,Rejected,Accepted,,The edit improves the readability by fixing a minor typo in the link text.,"{""Decision"": ""Accepted"", ""Category"": null, ""Reasoning"": ""The edit improves the readability by fixing a minor typo in the link text.""}",,/gpuhome/shanto1/models/Llama-3.1-70B-Instruct,0
5504515,Accepted,Accepted,,The edit improves the code by using the correct method for an Azure Function environment.,"{""Decision"": ""Accepted"", ""Category"": null, ""Reasoning"": ""The edit improves the code by using the correct method for an Azure Function environment.""}",,/gpuhome/shanto1/models/Llama-3.1-70B-Instruct,0
5494908,Rejected,Accepted,,The edit adds useful notes to explain the problem solution.,"{""Decision"": ""Accepted"", ""Category"": null, ""Reasoning"": ""The edit adds useful notes to explain the problem solution.""}",,/gpuhome/shanto1/models/Llama-3.1-70B-Instruct,0
5500554,Accepted,Accepted,,The edit adds relevant context about the library used in the answer.,"{""Decision"": ""Accepted"", ""Category"": null, ""Reasoning"": ""The edit adds relevant context about the library used in the answer.""}",,/gpuhome/shanto1/models/Llama-3.1-70B-Instruct,0
5483508,Accepted,Accepted,,The edit improves code readability by adding proper formatting and syntax highlighting.,"{""Decision"": ""Accepted"", ""Category"": null, ""Reasoning"": ""The edit improves code readability by adding proper formatting and syntax highlighting.""}",,/gpuhome/shanto1/models/Llama-3.1-70B-Instruct,0
5482769,Accepted,,,,"1-4.7-4.7-.1-2.7,2-5,4.7-5.1,1.1,0,2.2,.4,3.1,1.2l2.3-2.2c-1.4-1.4-3.4-2.1-5.3-2.1C3.6,0,0,3.6,0,8s3.6,8,8,8,7.7-3.2,7.7-7.8c-.1-.6-.1-1.1-.3-1.7Z""/>             <path class=""d"" d=""M15.4,6.5H7.9v3h4.4c-.4,2.1-2.3,3.5-4.4,3.4-2.6-.1-4.6-2.1-4.7-4.7-.1-2.7,2-5,4.7-5.1,1.1,0,2.2,.4,3.1,1.2l2.3",Could not parse Decision,/gpuhome/shanto1/models/Llama-3.1-70B-Instruct,0
5479975,Accepted,Accepted,,Corrected typo from 'braking' to 'breaking' to improve readability and accuracy.,"{""Decision"": ""Accepted"", ""Category"": null, ""Reasoning"": ""Corrected typo from 'braking' to 'breaking' to improve readability and accuracy.""}",,/gpuhome/shanto1/models/Llama-3.1-70B-Instruct,0
5477585,Rejected,Rejected,No Meaningful Improvement,The suggested edit does not provide any meaningful changes to the original code.,"{""Decision"": ""Rejected"", ""Category"": ""No Meaningful Improvement"", ""Reasoning"": ""The suggested edit does not provide any meaningful changes to the original code.""}",,/gpuhome/shanto1/models/Llama-3.1-70B-Instruct,1
5484339,Accepted,Accepted,,The edit improves the clarity and readability of the question.,"{""Decision"": ""Accepted"", ""Category"": null, ""Reasoning"": ""The edit improves the clarity and readability of the question.""}",,/gpuhome/shanto1/models/Llama-3.1-70B-Instruct,0
5470401,Rejected,Rejected,Alternate Solution,The edit introduces a new library and does not improve the existing code.,"{""Decision"": ""Rejected"", ""Category"": ""Alternate Solution"", ""Reasoning"": ""The edit introduces a new library and does not improve the existing code.""}",,/gpuhome/shanto1/models/Llama-3.1-70B-Instruct,1
5476735,Accepted,Accepted,,The edit improves the readability of the post by making minor grammatical corrections.,"{""Decision"": ""Accepted"", ""Category"": null, ""Reasoning"": ""The edit improves the readability of the post by making minor grammatical corrections.""}",,/gpuhome/shanto1/models/Llama-3.1-70B-Instruct,0
5491701,Rejected,Accepted,,The edit improves code readability by adding syntax highlighting.,"{""Decision"": ""Accepted"", ""Category"": null, ""Reasoning"": ""The edit improves code readability by adding syntax highlighting.""}",,/gpuhome/shanto1/models/Llama-3.1-70B-Instruct,0
5464834,Rejected,Accepted,,"The edit improves the post by embedding images directly, making it easier to view.","{""Decision"": ""Accepted"", ""Category"": null, ""Reasoning"": ""The edit improves the post by embedding images directly, making it easier to view.""}",,/gpuhome/shanto1/models/Llama-3.1-70B-Instruct,0
5506202,Accepted,Accepted,,The edit adds a missing word that improves the clarity of the text.,"{""Decision"": ""Accepted"", ""Category"": null, ""Reasoning"": ""The edit adds a missing word that improves the clarity of the text.""}",,/gpuhome/shanto1/models/Llama-3.1-70B-Instruct,0
5484862,Rejected,Accepted,,The edit improves the code by avoiding copying user environment paths to the machine environment path.,"{""Decision"": ""Accepted"", ""Category"": null, ""Reasoning"": ""The edit improves the code by avoiding copying user environment paths to the machine environment path.""}",,/gpuhome/shanto1/models/Llama-3.1-70B-Instruct,0
5503726,Rejected,Rejected,No Meaningful Improvement,The edit only changed the formatting of existing text without adding any new information or clarity.,"{""Decision"": ""Rejected"", ""Category"": ""No Meaningful Improvement"", ""Reasoning"": ""The edit only changed the formatting of existing text without adding any new information or clarity.""}",,/gpuhome/shanto1/models/Llama-3.1-70B-Instruct,1
5471659,Accepted,Accepted,,The edit improves readability by making minor formatting changes and correcting minor grammatical errors.,"{""Decision"": ""Accepted"", ""Category"": null, ""Reasoning"": ""The edit improves readability by making minor formatting changes and correcting minor grammatical errors.""}",,/gpuhome/shanto1/models/Llama-3.1-70B-Instruct,0
5467772,Rejected,Accepted,,The edit fixes a bug by changing PlaceHolder to Panel in the ASP.NET code.,"{""Decision"": ""Accepted"", ""Category"": null, ""Reasoning"": ""The edit fixes a bug by changing PlaceHolder to Panel in the ASP.NET code.""}",,/gpuhome/shanto1/models/Llama-3.1-70B-Instruct,0
5464908,Rejected,Accepted,,The edit improves code readability by adding proper formatting.,"{""Decision"": ""Accepted"", ""Category"": null, ""Reasoning"": ""The edit improves code readability by adding proper formatting.""}",,/gpuhome/shanto1/models/Llama-3.1-70B-Instruct,0
5467632,Rejected,Rejected,No Meaningful Improvement,The suggested edit does not make any meaningful changes to the original code or text.,"{""Decision"": ""Rejected"", ""Category"": ""No Meaningful Improvement"", ""Reasoning"": ""The suggested edit does not make any meaningful changes to the original code or text.""}",,/gpuhome/shanto1/models/Llama-3.1-70B-Instruct,1
5484746,Rejected,Accepted,,The edit correctly fixes the code to access the Match.Value property in the Regex.Replace method.,"{""Decision"": ""Accepted"", ""Category"": null, ""Reasoning"": ""The edit correctly fixes the code to access the Match.Value property in the Regex.Replace method.""}",,/gpuhome/shanto1/models/Llama-3.1-70B-Instruct,0
5484366,Rejected,Accepted,,The edit improves grammar and formatting without changing the original content.,"{""Decision"": ""Accepted"", ""Category"": null, ""Reasoning"": ""The edit improves grammar and formatting without changing the original content.""}",,/gpuhome/shanto1/models/Llama-3.1-70B-Instruct,0
5474458,Rejected,Rejected,No Meaningful Improvement,The edit only changed a single word without improving the overall clarity or accuracy of the post.,"{""Decision"": ""Rejected"", ""Category"": ""No Meaningful Improvement"", ""Reasoning"": ""The edit only changed a single word without improving the overall clarity or accuracy of the post.""}",,/gpuhome/shanto1/models/Llama-3.1-70B-Instruct,1
5503814,Accepted,Accepted,,"The edit improves grammar and formatting, making the post more readable.","{""Decision"": ""Accepted"", ""Category"": null, ""Reasoning"": ""The edit improves grammar and formatting, making the post more readable.""}",,/gpuhome/shanto1/models/Llama-3.1-70B-Instruct,0
5496250,Accepted,Accepted,,The edit improves the readability of the answer by adding code blocks and formatting.,"{""Decision"": ""Accepted"", ""Category"": null, ""Reasoning"": ""The edit improves the readability of the answer by adding code blocks and formatting.""}",,/gpuhome/shanto1/models/Llama-3.1-70B-Instruct,0
5464740,Accepted,Accepted,,The edit improves the readability and grammar of the original post.,"{""Decision"": ""Accepted"", ""Category"": null, ""Reasoning"": ""The edit improves the readability and grammar of the original post.""}",,/gpuhome/shanto1/models/Llama-3.1-70B-Instruct,0
5471811,Rejected,Accepted,,The edit improves the content by adding a relevant example and reference to MDN documentation.,"{""Decision"": ""Accepted"", ""Category"": null, ""Reasoning"": ""The edit improves the content by adding a relevant example and reference to MDN documentation.""}",,/gpuhome/shanto1/models/Llama-3.1-70B-Instruct,0
5461996,Accepted,Rejected,Unnecessary Formatting,The edit only added minor formatting changes without improving the overall readability or clarity of the post.,"{""Decision"": ""Rejected"", ""Category"": ""Unnecessary Formatting"", ""Reasoning"": ""The edit only added minor formatting changes without improving the overall readability or clarity of the post.""}",,/gpuhome/shanto1/models/Llama-3.1-70B-Instruct,1
5470943,Rejected,Rejected,No Meaningful Improvement,The edit does not make any significant changes to the original text.,"{""Decision"": ""Rejected"", ""Category"": ""No Meaningful Improvement"", ""Reasoning"": ""The edit does not make any significant changes to the original text.""}",,/gpuhome/shanto1/models/Llama-3.1-70B-Instruct,1
5476294,Accepted,Accepted,,The edit improves the readability of the text by capitalizing the first-person singular pronoun 'I'.,"{""Decision"": ""Accepted"", ""Category"": null, ""Reasoning"": ""The edit improves the readability of the text by capitalizing the first-person singular pronoun 'I'.""}",,/gpuhome/shanto1/models/Llama-3.1-70B-Instruct,0
5507210,Rejected,Accepted,,The edit improves the code snippet by adding the necessary configuration frame.,"{""Decision"": ""Accepted"", ""Category"": null, ""Reasoning"": ""The edit improves the code snippet by adding the necessary configuration frame.""}",,/gpuhome/shanto1/models/Llama-3.1-70B-Instruct,0
5473618,Rejected,Rejected,No Meaningful Improvement,The edit only reformatted the code without fixing any issues or improving readability.,"{""Decision"": ""Rejected"", ""Category"": ""No Meaningful Improvement"", ""Reasoning"": ""The edit only reformatted the code without fixing any issues or improving readability.""}",,/gpuhome/shanto1/models/Llama-3.1-70B-Instruct,1
5504373,Accepted,Accepted,,The edit improves the formatting and readability of the code blocks.,"{""Decision"": ""Accepted"", ""Category"": null, ""Reasoning"": ""The edit improves the formatting and readability of the code blocks.""}",,/gpuhome/shanto1/models/Llama-3.1-70B-Instruct,0
5504482,Rejected,Accepted,,The edit improves the code by making it compatible with Scala 3.,"{""Decision"": ""Accepted"", ""Category"": null, ""Reasoning"": ""The edit improves the code by making it compatible with Scala 3.""}",,/gpuhome/shanto1/models/Llama-3.1-70B-Instruct,0
5469577,Accepted,Accepted,,The edit improves code readability by adding a code block for the error message.,"{""Decision"": ""Accepted"", ""Category"": null, ""Reasoning"": ""The edit improves code readability by adding a code block for the error message.""}",,/gpuhome/shanto1/models/Llama-3.1-70B-Instruct,0
5500544,Rejected,Accepted,,The edit improves readability by adding a space before am/pm for Excel compatibility.,"{""Decision"": ""Accepted"", ""Category"": null, ""Reasoning"": ""The edit improves readability by adding a space before am/pm for Excel compatibility.""}",,/gpuhome/shanto1/models/Llama-3.1-70B-Instruct,0
5467887,Accepted,Accepted,,The edit improves code readability by adding proper indentation and formatting.,"{""Decision"": ""Accepted"", ""Category"": null, ""Reasoning"": ""The edit improves code readability by adding proper indentation and formatting.""}",,/gpuhome/shanto1/models/Llama-3.1-70B-Instruct,0
5467838,Accepted,Accepted,,The edit improves the readability of the code and query output by adding proper formatting.,"{""Decision"": ""Accepted"", ""Category"": null, ""Reasoning"": ""The edit improves the readability of the code and query output by adding proper formatting.""}",,/gpuhome/shanto1/models/Llama-3.1-70B-Instruct,0
5474974,Accepted,Accepted,,"The edit removes an unnecessary reference to another answer, improving the post's clarity.","{""Decision"": ""Accepted"", ""Category"": null, ""Reasoning"": ""The edit removes an unnecessary reference to another answer, improving the post's clarity.""}",,/gpuhome/shanto1/models/Llama-3.1-70B-Instruct,0
5473849,Accepted,Accepted,,"The edit improves grammar and code block formatting, making the question more readable.","{""Decision"": ""Accepted"", ""Category"": null, ""Reasoning"": ""The edit improves grammar and code block formatting, making the question more readable.""}",,/gpuhome/shanto1/models/Llama-3.1-70B-Instruct,0
5476196,Rejected,Accepted,,The edit improves the readability and grammar of the text.,"{""Decision"": ""Accepted"", ""Category"": null, ""Reasoning"": ""The edit improves the readability and grammar of the text.""}",,/gpuhome/shanto1/models/Llama-3.1-70B-Instruct,0
5474986,Rejected,Accepted,,The edit improves code readability by adding indentation and whitespace.,"{""Decision"": ""Accepted"", ""Category"": null, ""Reasoning"": ""The edit improves code readability by adding indentation and whitespace.""}",,/gpuhome/shanto1/models/Llama-3.1-70B-Instruct,0
5501491,Rejected,Rejected,No Meaningful Improvement,The edit only changed 'tirgger' to 'fire off' but left 'values is changed' uncorrected to 'value is changed'.,"{""Decision"": ""Rejected"", ""Category"": ""No Meaningful Improvement"", ""Reasoning"": ""The edit only changed 'tirgger' to 'fire off' but left 'values is changed' uncorrected to 'value is changed'.""}",,/gpuhome/shanto1/models/Llama-3.1-70B-Instruct,1
5477854,Accepted,Accepted,,The edit improves the formatting and readability of the code and text.,"{""Decision"": ""Accepted"", ""Category"": null, ""Reasoning"": ""The edit improves the formatting and readability of the code and text.""}",,/gpuhome/shanto1/models/Llama-3.1-70B-Instruct,0
